Printer;;Cover Assy.-Rear;;OKI_image\OKI C841n_1584265042652.png
Printer;44710601;Cassette Assy.;;OKI_image\OKI C841n_1584265042652.png
Printer;;Cover-Side-R;;OKI_image\OKI C841n_1584265042652.png
Printer;;Cover-side-L-Assy;;OKI_image\OKI C841n_1584265042652.png
Printer;43618501;Spring-Head;;OKI_image\OKI C841n_1584265042652.png
Printer;44734801;LV-Pow-Assy;;OKI_image\OKI C841n_1584265042652.png
Printer;;CONN Cord-JST24P-JST24P;;OKI_image\OKI C841n_1584265042652.png
Printer;44838001;OR-Board-DHV;;OKI_image\OKI C841n_1584265042652.png
Printer;44861002;maintenance board;ODA(ODB);OKI_image\OKI C841n_1584265042652.png
Printer;;Insulator-Main;;OKI_image\OKI C841n_1584265042652.png
Printer;;Plate-Shield;;OKI_image\OKI C841n_1584265042652.png
Printer;;Plate-Logo;;OKI_image\OKI C841n_1584265042652.png
Printer;44735901;Belt-Assy.-;;OKI_image\OKI C841n_1584265042652.png
Printer;;Cover-Top-L;;OKI_image\OKI C841n_1584265042652.png
Printer;;Cover-Top-R;;OKI_image\OKI C841n_1584265042652.png
Printer;44806702;Frame Assy.-OP-Panel;;OKI_image\OKI C841n_1584265042652.png
Printer;;Cover-Gasket;;OKI_image\OKI C841n_1584265042652.png
Printer;44680201;Cover-Side-R-Sub;;OKI_image\OKI C841n_1584265042652.png
Printer;44908501;Plate-Shield-Accesse;;OKI_image\OKI C841n_1584265042652.png
Printer;44717602;Duplex Unit-;JPN;OKI_image\OKI C841n_1584265042652.png
Printer;;Plate-Name_C831;;OKI_image\OKI C841n_1584265042652.png
Printer;;Post-Lock-Fuser;;OKI_image\OKI C841n_1584265042652.png
Printer;;Plate-Lockout;;OKI_image\OKI C841n_1584265042652.png
Printer;44811401;LED Head Unit-53TRG;;OKI_image\OKI C841n_1584265042652.png
Printer;44811601;LED Head Unit-63TRG;;OKI_image\OKI C841n_1584265042652.png
Printer;;Fuser-Assy (100V);;OKI_image\OKI C841n_1584265042652.png
Printer;;Label-ES/HD/CZ;;OKI_image\OKI C841n_1584265042652.png
Printer;;Vent (Louver);;OKI_image\OKI C841n_1584265042652.png
Printer;;CONN Cord- AC125V/15A;;OKI_image\OKI C841n_1584265042652.png
Printer;;AC CORD (EUROPE);;OKI_image\OKI C841n_1584265042652.png
Printer-Unit;44723501;Frame Assy;;OKI_image\OKI C841n_1584265048922.png
Printer-Unit;44727801;Cover Assy.-Top;;OKI_image\OKI C841n_1584265048922.png
Printer-Unit;44727802;Cover Assy.-Top(1200dpi);;OKI_image\OKI C841n_1584265048922.png
Printer-Unit;44730101;Cover Assy.-Front;;OKI_image\OKI C841n_1584265048922.png
Frame-Assy;;Plate Assy.-Side-L;;OKI_image\OKI C841n_1584265052181.png
Frame-Assy;;Plate Assy.-Side-R;;OKI_image\OKI C841n_1584265052181.png
Frame-Assy;;Plate-Base;;OKI_image\OKI C841n_1584265052181.png
Frame-Assy;44817901;Frame-Assy-Contact;;OKI_image\OKI C841n_1584265052181.png
Frame-Assy;44725901;Gear Assy.-Hopping;;OKI_image\OKI C841n_1584265052181.png
Frame-Assy;44726401;Gear Assy.-ID-Liftup;;OKI_image\OKI C841n_1584265052181.png
Frame-Assy;44696201;Gear-Liftup-C;;OKI_image\OKI C841n_1584265052181.png
Frame-Assy;44819801;Gear-Liftup-D;;OKI_image\OKI C841n_1584265052181.png
Frame-Assy;44817201;Sensor-Assy.-Regist;;OKI_image\OKI C841n_1584265052181.png
Frame-Assy;44726701;Roller Assy.-Regist;;OKI_image\OKI C841n_1584265052181.png
Frame-Assy;44726901;Guide Assy.-Eject;;OKI_image\OKI C841n_1584265052181.png
Frame-Assy;44743001;CONN Cord-JST4P-JST4P;;OKI_image\OKI C841n_1584265052181.png
Frame-Assy;44690201;Clutch-Hop;;OKI_image\OKI C841n_1584265052181.png
Frame-Assy;44725601;Holder-SNS-Assy;;OKI_image\OKI C841n_1584265052181.png
Frame-Assy;43000601;Roller-Feed-NOW;;OKI_image\OKI C841n_1584265052181.png
Frame-Assy;42699401;Roller-Pick-Up;;OKI_image\OKI C841n_1584265052181.png
Frame-Assy;43346601;Gear-Feed;;OKI_image\OKI C841n_1584265052181.png
Frame-Assy;44907401;FFC-HVOLT-Bend;;OKI_image\OKI C841n_1584265052181.png
Frame-Assy;44886701;OR-Board Assy. -P6Z;;OKI_image\OKI C841n_1584265052181.png
Frame-Assy;44907101;FFC-Relay-Bend;;OKI_image\OKI C841n_1584265052181.png
Frame-Assy;44907201;FFC-RCR-Bend;;OKI_image\OKI C841n_1584265052181.png
Frame-Assy;44907301;FFC-LCR-Bend;;OKI_image\OKI C841n_1584265052181.png
Frame-Assy;44654801;CONN Cord-JST8P-JST8P;;OKI_image\OKI C841n_1584265052181.png
Frame-Assy;;Ring (RE4-SK);;OKI_image\OKI C841n_1584265052181.png
Plate-Assy-Side-L;44738301;Guide Assy.-Side-L;;OKI_image\OKI C841n_1584265057036.png
Plate-Assy-Side-L;44705701;Rack-L;;OKI_image\OKI C841n_1584265057036.png
Plate-Assy-Side-L;;D05F-24BM06B(EX) Motor fan (2702071P0002);;OKI_image\OKI C841n_1584265057036.png
Plate-Assy-Side-L;;U80T24MUA7-53J10 Motor fan (2702071P0001);;OKI_image\OKI C841n_1584265057036.png
Plate-Assy-Side-L;;U60T24MS7A7-53J101 Motor fan (2702071P0005);;OKI_image\OKI C841n_1584265057036.png
Plate-Assy-Side-L;44764901;SW Assy.-Front;;OKI_image\OKI C841n_1584265057036.png
Plate-Assy-Side-R;44724401;Guide Assy.-Side-R;;OKI_image\OKI C841n_1584265063263.png
Plate-Assy-Side-R;44724501;Guide Assy.-Cassette-R;;OKI_image\OKI C841n_1584265063263.png
Plate-Assy-Side-R;44724801;Motor Assy.-Belt;;OKI_image\OKI C841n_1584265063263.png
Plate-Assy-Side-R;44805201;Motor Assy.-ID;;OKI_image\OKI C841n_1584265063263.png
Plate-Assy-Side-R;44725101;Plate Assy.-Tonner;;OKI_image\OKI C841n_1584265063263.png
Plate-Assy-Side-R;44688601;Rack-R;;OKI_image\OKI C841n_1584265063263.png
Plate-Assy-Side-R;;CONN Cord--AMP5P-AMP5P;;OKI_image\OKI C841n_1584265063263.png
Plate-Assy-Side-R;44725301;Motor-DC-FU;;OKI_image\OKI C841n_1584265063263.png
Cover Assy.-Top;44729101;Cable-Assy.-Head;;OKI_image\OKI C841n_1584265065557.png
Cover Assy.-Top;44729102;Cable-Assy.-Head(1200dpi);;OKI_image\OKI C841n_1584265065557.png
Cover Assy.-Front;44730901;Frame Assy.-Front;;OKI_image\OKI C841n_1584265071512.png
Frame Assy.-Front;44807101;Guide-Sheet-Assy-Front;;OKI_image\OKI C841n_1584265075331.png
Frame Assy.-Front;42699401;Roller-Pick-Up;;OKI_image\OKI C841n_1584265075331.png
Frame Assy.-Front;44750301;Roller-Feed-NOW;;OKI_image\OKI C841n_1584265075331.png
Frame Assy.-Front;44732101;Frame Assy.-Retard;;OKI_image\OKI C841n_1584265075331.png
Frame Assy.-Front;44807201;FFC-OP-BEND;;OKI_image\OKI C841n_1584265075331.png
Frame Assy.-Front;44807401;FFC-Env-Sensor-Bend;;OKI_image\OKI C841n_1584265075331.png
