Exterior 1 (G165/G166/G167);G166 1306;Left Cover - Non EU;;Ricoh_image\Ricoh G165 SPC220N PE-P1_1584365190560.png
Exterior 1 (G165/G166/G167);G166 1336;Cover:Left:EU;;Ricoh_image\Ricoh G165 SPC220N PE-P1_1584365190560.png
Exterior 1 (G165/G166/G167);G166 1276;Left Cover - CHN;;Ricoh_image\Ricoh G165 SPC220N PE-P1_1584365190560.png
Exterior 1 (G165/G166/G167);G166 1309;Seal - 7x27x273mm;;Ricoh_image\Ricoh G165 SPC220N PE-P1_1584365190560.png
Exterior 1 (G165/G166/G167);G166 1310;Seal - 5x21x273mm;;Ricoh_image\Ricoh G165 SPC220N PE-P1_1584365190560.png
Exterior 1 (G165/G166/G167);G166 1319;Seal:Cover:Left:7;;Ricoh_image\Ricoh G165 SPC220N PE-P1_1584365190560.png
Exterior 1 (G165/G166/G167);G166 1311;Seal - 5x15x222mm;;Ricoh_image\Ricoh G165 SPC220N PE-P1_1584365190560.png
Exterior 1 (G165/G166/G167);G166 1320;Seal:Cover:Left:6;;Ricoh_image\Ricoh G165 SPC220N PE-P1_1584365190560.png
Exterior 1 (G165/G166/G167);G166 1312;Seal - 7x25x176mm;;Ricoh_image\Ricoh G165 SPC220N PE-P1_1584365190560.png
Exterior 1 (G165/G166/G167);G166 1313;Seal - 3x8x411mm;;Ricoh_image\Ricoh G165 SPC220N PE-P1_1584365190560.png
Exterior 1 (G165/G166/G167);G166 1401;Operation Panel;;Ricoh_image\Ricoh G165 SPC220N PE-P1_1584365190560.png
Exterior 1 (G165/G166/G167);G166 5437;Interface Harness - Opration Panel;;Ricoh_image\Ricoh G165 SPC220N PE-P1_1584365190560.png
Exterior 1 (G165/G166/G167);G166 1277;Exit Cover;;Ricoh_image\Ricoh G165 SPC220N PE-P1_1584365190560.png
Exterior 1 (G165/G166/G167);G166 1261;Inner Cover - Exit;;Ricoh_image\Ricoh G165 SPC220N PE-P1_1584365190560.png
Exterior 1 (G165/G166/G167);G166 5429;Power Supply Cord - 125V 15A;;Ricoh_image\Ricoh G165 SPC220N PE-P1_1584365190560.png
Exterior 1 (G165/G166/G167);G166 5430;Power Supply Cord - 250V 10A EU;;Ricoh_image\Ricoh G165 SPC220N PE-P1_1584365190560.png
Exterior 1 (G165/G166/G167);G166 5450;Power Supply Cord - CHN;;Ricoh_image\Ricoh G165 SPC220N PE-P1_1584365190560.png
Exterior 1 (G165/G166/G167);G166 1260;Extend Tray;;Ricoh_image\Ricoh G165 SPC220N PE-P1_1584365190560.png
Exterior 1 (G165/G166/G167);G166 1375;Decal - Name Plate US OEM (G167);;Ricoh_image\Ricoh G165 SPC220N PE-P1_1584365190560.png
Exterior 1 (G165/G166/G167);G166 1364;Decal - Name Plate NAS (G165);;Ricoh_image\Ricoh G165 SPC220N PE-P1_1584365190560.png
Exterior 1 (G165/G166/G167);G166 1369;Decal - Name Plate NAS (G166);;Ricoh_image\Ricoh G165 SPC220N PE-P1_1584365190560.png
Exterior 1 (G165/G166/G167);G166 1377;Decal - Name Plate NAS (G167);;Ricoh_image\Ricoh G165 SPC220N PE-P1_1584365190560.png
Exterior 1 (G165/G166/G167);G166 1365;Decal - Name Plate REX (G165);;Ricoh_image\Ricoh G165 SPC220N PE-P1_1584365190560.png
Exterior 1 (G165/G166/G167);G166 1373;Decal - Name Plate REX (G166);;Ricoh_image\Ricoh G165 SPC220N PE-P1_1584365190560.png
Exterior 1 (G165/G166/G167);G166 1378;Decal - Name Plate REX (G167);;Ricoh_image\Ricoh G165 SPC220N PE-P1_1584365190560.png
Exterior 1 (G165/G166/G167);G166 1366;Decal - Name Plate GES (G165);;Ricoh_image\Ricoh G165 SPC220N PE-P1_1584365190560.png
Exterior 1 (G165/G166/G167);G166 1374;Decal - Name Plate GES (G166);;Ricoh_image\Ricoh G165 SPC220N PE-P1_1584365190560.png
Exterior 1 (G165/G166/G167);G166 1379;Decal - Name Plate GES (G167);;Ricoh_image\Ricoh G165 SPC220N PE-P1_1584365190560.png
Exterior 1 (G165/G166/G167);G181 1302;Decal - Name Plate US OEM (G181);;Ricoh_image\Ricoh G165 SPC220N PE-P1_1584365190560.png
Exterior 1 (G165/G166/G167);G183 1302;Decal - Name Plate US OEM (G183);;Ricoh_image\Ricoh G165 SPC220N PE-P1_1584365190560.png
Exterior 1 (G165/G166/G167);G184 1302;Decal - Name Plate US OEM (G184);;Ricoh_image\Ricoh G165 SPC220N PE-P1_1584365190560.png
Exterior 1 (G165/G166/G167);G166 1370;Decal - Name Plate R (G165);;Ricoh_image\Ricoh G165 SPC220N PE-P1_1584365190560.png
Exterior 1 (G165/G166/G167);G166 1371;Decal - Name Plate R (G166);;Ricoh_image\Ricoh G165 SPC220N PE-P1_1584365190560.png
Exterior 1 (G165/G166/G167);G166 1372;Decal - Name Plate R (G167);;Ricoh_image\Ricoh G165 SPC220N PE-P1_1584365190560.png
Exterior 1 (G165/G166/G167);G166 1362;Decal - Name Plate US OEM (G165);;Ricoh_image\Ricoh G165 SPC220N PE-P1_1584365190560.png
Exterior 1 (G165/G166/G167);G166 1367;Decal - Name Plate US OEM (G166);;Ricoh_image\Ricoh G165 SPC220N PE-P1_1584365190560.png
Exterior 1 (G165/G166/G167);G166 1300;Cover:Upper;;Ricoh_image\Ricoh G165 SPC220N PE-P1_1584365190560.png
Exterior 1 (G165/G166/G167);G166 5705;Shielding Plate;;Ricoh_image\Ricoh G165 SPC220N PE-P1_1584365190560.png
Exterior 1 (G165/G166/G167);G166 1283;Front End Fence - Exit;;Ricoh_image\Ricoh G165 SPC220N PE-P1_1584365190560.png
Exterior 1 (G165/G166/G167);G166 1281;Base - Exit End Fence;;Ricoh_image\Ricoh G165 SPC220N PE-P1_1584365190560.png
Exterior 1 (G165/G166/G167);G166 1282;Rear End Fence - Exit;;Ricoh_image\Ricoh G165 SPC220N PE-P1_1584365190560.png
Exterior 1 (G165/G166/G167);G166 1274;Rear Cover - NA (120V);;Ricoh_image\Ricoh G165 SPC220N PE-P1_1584365190560.png
Exterior 1 (G165/G166/G167);G166 1304;Rear Cover - EU (220V);;Ricoh_image\Ricoh G165 SPC220N PE-P1_1584365190560.png
Exterior 1 (G165/G166/G167);G166 1317;Seal - 4x30x30mm;;Ricoh_image\Ricoh G165 SPC220N PE-P1_1584365190560.png
Exterior 1 (G165/G166/G167);G166 1259;Memory Cover;;Ricoh_image\Ricoh G165 SPC220N PE-P1_1584365190560.png
Exterior 1 (G165/G166/G167);G166 1308;Interface Cover;;Ricoh_image\Ricoh G165 SPC220N PE-P1_1584365190560.png
Exterior 1 (G165/G166/G167);G166 1262;Cassette Cover;;Ricoh_image\Ricoh G165 SPC220N PE-P1_1584365190560.png
Exterior 1 (G165/G166/G167);G166 1318;Sheet - Cassette Cover;;Ricoh_image\Ricoh G165 SPC220N PE-P1_1584365190560.png
Exterior 1 (G165/G166/G167);G166 1303;Right Cover - Non EU;;Ricoh_image\Ricoh G165 SPC220N PE-P1_1584365190560.png
Exterior 1 (G165/G166/G167);G166 1333;Cover:Right:EU;;Ricoh_image\Ricoh G165 SPC220N PE-P1_1584365190560.png
Exterior 1 (G165/G166/G167);G166 1273;Right Cover - CHN;;Ricoh_image\Ricoh G165 SPC220N PE-P1_1584365190560.png
Exterior 2;G166 3902;Front Cover (G165/G166/G167);;Ricoh_image\Ricoh G165 SPC220N PE-P1_1584365196672.png
Exterior 2;G183 3902;Front Cover (G181/G183/G184);;Ricoh_image\Ricoh G165 SPC220N PE-P1_1584365196672.png
Exterior 2;G166 4464;Decal:Hightemperature;;Ricoh_image\Ricoh G165 SPC220N PE-P1_1584365196672.png
Exterior 2;G166 1268;Logo Plate - RIC (G165/G166/G167);;Ricoh_image\Ricoh G165 SPC220N PE-P1_1584365196672.png
Exterior 2;J012 1515;Logo Plate - NSA (G165/G166/G167);;Ricoh_image\Ricoh G165 SPC220N PE-P1_1584365196672.png
Exterior 2;J012 1516;Logo Plate - REX (G165/G166/G167);;Ricoh_image\Ricoh G165 SPC220N PE-P1_1584365196672.png
Exterior 2;J012 1517;Logo Plate - GES (G165/G166/G167);;Ricoh_image\Ricoh G165 SPC220N PE-P1_1584365196672.png
Exterior 2;G166 3912;Guide Plate Holder;;Ricoh_image\Ricoh G165 SPC220N PE-P1_1584365196672.png
Exterior 2;G166 3921;Guide Plate Spring - Middle;;Ricoh_image\Ricoh G165 SPC220N PE-P1_1584365196672.png
Exterior 2;G166 3972;Compression Spring - Grip;;Ricoh_image\Ricoh G165 SPC220N PE-P1_1584365196672.png
Exterior 2;G166 3970;Left Hook;;Ricoh_image\Ricoh G165 SPC220N PE-P1_1584365196672.png
Exterior 2;G166 3923;Exit Guide Plate - Middle;;Ricoh_image\Ricoh G165 SPC220N PE-P1_1584365196672.png
Exterior 2;G166 3926;Exit Guide Roller - Middle;;Ricoh_image\Ricoh G165 SPC220N PE-P1_1584365196672.png
Exterior 2;G166 3904;Left Frame - Front Cover;;Ricoh_image\Ricoh G165 SPC220N PE-P1_1584365196672.png
Exterior 2;G166 3927;Stoper Band;;Ricoh_image\Ricoh G165 SPC220N PE-P1_1584365196672.png
Exterior 2;G166 4606;Duplex Roller;;Ricoh_image\Ricoh G165 SPC220N PE-P1_1584365196672.png
Exterior 2;G166 4607;Pressure Spring - Duplex Roller;;Ricoh_image\Ricoh G165 SPC220N PE-P1_1584365196672.png
Exterior 2;G166 3925;Torsion Spring - Feeler;;Ricoh_image\Ricoh G165 SPC220N PE-P1_1584365196672.png
Exterior 2;G166 3933;Stopper:Feeler:Paper Feed Sensor;;Ricoh_image\Ricoh G165 SPC220N PE-P1_1584365196672.png
Exterior 2;G166 3924;Feeler - Paper Feed Sensor;;Ricoh_image\Ricoh G165 SPC220N PE-P1_1584365196672.png
Exterior 2;G166 3957;Washer - 0.8x10.8mm;;Ricoh_image\Ricoh G165 SPC220N PE-P1_1584365196672.png
Exterior 2;G166 3962;Compression Spring Holder;;Ricoh_image\Ricoh G165 SPC220N PE-P1_1584365196672.png
Exterior 2;G166 3974;Compression Spring - Upper;;Ricoh_image\Ricoh G165 SPC220N PE-P1_1584365196672.png
Exterior 2;G166 3971;Right Fhook;;Ricoh_image\Ricoh G165 SPC220N PE-P1_1584365196672.png
Exterior 2;G166 1093;Gear - 20Z;;Ricoh_image\Ricoh G165 SPC220N PE-P1_1584365196672.png
Exterior 2;G166 3906;Left Lock Lever;;Ricoh_image\Ricoh G165 SPC220N PE-P1_1584365196672.png
Exterior 2;G166 3908;Lock Lever Arm;;Ricoh_image\Ricoh G165 SPC220N PE-P1_1584365196672.png
Exterior 2;G166 3910;Ground Wire;;Ricoh_image\Ricoh G165 SPC220N PE-P1_1584365196672.png
Exterior 2;G166 3907;Lock Guide;;Ricoh_image\Ricoh G165 SPC220N PE-P1_1584365196672.png
Exterior 2;G166 3905;Right Lock Lever;;Ricoh_image\Ricoh G165 SPC220N PE-P1_1584365196672.png
Exterior 2;G166 3909;Tension Spring;;Ricoh_image\Ricoh G165 SPC220N PE-P1_1584365196672.png
Exterior 2;G166 3903;Right Frame - Front Cover;;Ricoh_image\Ricoh G165 SPC220N PE-P1_1584365196672.png
Exterior 2;G166 3928;Brake Rack - Front Cover;;Ricoh_image\Ricoh G165 SPC220N PE-P1_1584365196672.png
Exterior 2;G166 1060;Base:Hinge:Cover:Front;;Ricoh_image\Ricoh G165 SPC220N PE-P1_1584365196672.png
Exterior 2;G166 1061;Pin:Hinge;;Ricoh_image\Ricoh G165 SPC220N PE-P1_1584365196672.png
Exterior 2;G166 1096;Ground Plate - Front;;Ricoh_image\Ricoh G165 SPC220N PE-P1_1584365196672.png
Exterior 2;G166 1065;Clutch Spring;;Ricoh_image\Ricoh G165 SPC220N PE-P1_1584365196672.png
Exterior 2;G166 1066;Clutch/brake Case;;Ricoh_image\Ricoh G165 SPC220N PE-P1_1584365196672.png
Exterior 2;G166 1064;Clutch/brake Spring;;Ricoh_image\Ricoh G165 SPC220N PE-P1_1584365196672.png
Exterior 2;G166 1067;Gear - 14Z;;Ricoh_image\Ricoh G165 SPC220N PE-P1_1584365196672.png
Exterior 2;G166 1008;Clutch/Brake Braket;;Ricoh_image\Ricoh G165 SPC220N PE-P1_1584365196672.png
Exterior 2;G166 1069;Rack Supporter;;Ricoh_image\Ricoh G165 SPC220N PE-P1_1584365196672.png
Paper Tray;G166 2527;Paper Tray;;Ricoh_image\Ricoh G165 SPC220N PE-P1_1584365203689.png
Paper Tray;G166 2554;Duplex Guide;;Ricoh_image\Ricoh G165 SPC220N PE-P1_1584365203689.png
Paper Tray;G166 2553;Cassette Cover;;Ricoh_image\Ricoh G165 SPC220N PE-P1_1584365203689.png
Paper Tray;G166 2560;Left Side Fence - Manual Feed;;Ricoh_image\Ricoh G165 SPC220N PE-P1_1584365203689.png
Paper Tray;G166 2561;Right Side Fence - Manual Feed;;Ricoh_image\Ricoh G165 SPC220N PE-P1_1584365203689.png
Paper Tray;A267 2869;Gear - 16Z;;Ricoh_image\Ricoh G165 SPC220N PE-P1_1584365203689.png
Paper Tray;G166 2552;Paper Tray - Front;;Ricoh_image\Ricoh G165 SPC220N PE-P1_1584365203689.png
Paper Tray;G166 2571;Sheet - Cassette;;Ricoh_image\Ricoh G165 SPC220N PE-P1_1584365203689.png
Paper Tray;G166 2569;Lever Paper Volume Sensor;;Ricoh_image\Ricoh G165 SPC220N PE-P1_1584365203689.png
Paper Tray;G166 2589;Damping Insulation;;Ricoh_image\Ricoh G165 SPC220N PE-P1_1584365203689.png
Paper Tray;G166 2592;Side Fence Decal;;Ricoh_image\Ricoh G165 SPC220N PE-P1_1584365203689.png
Paper Tray;G166 2555;Left Side Fence;;Ricoh_image\Ricoh G165 SPC220N PE-P1_1584365203689.png
Paper Tray;G800 3133;Side Fence Gear;;Ricoh_image\Ricoh G165 SPC220N PE-P1_1584365203689.png
Paper Tray;G166 2606;Compression Spring;;Ricoh_image\Ricoh G165 SPC220N PE-P1_1584365203689.png
Paper Tray;G166 2620;Frction Pad;;Ricoh_image\Ricoh G165 SPC220N PE-P1_1584365203689.png
Paper Tray;G166 2562;Bottom Plate;;Ricoh_image\Ricoh G165 SPC220N PE-P1_1584365203689.png
Paper Tray;52 152 713;Bottom Plate Pad;;Ricoh_image\Ricoh G165 SPC220N PE-P1_1584365203689.png
Paper Tray;G166 2570;Compression Spring;;Ricoh_image\Ricoh G165 SPC220N PE-P1_1584365203689.png
Paper Tray;G166 2572;Earth Spring;;Ricoh_image\Ricoh G165 SPC220N PE-P1_1584365203689.png
Paper Tray;G166 2577;End Fence - Pressure;;Ricoh_image\Ricoh G165 SPC220N PE-P1_1584365203689.png
Paper Tray;G166 2578;Compression Spring;;Ricoh_image\Ricoh G165 SPC220N PE-P1_1584365203689.png
Paper Tray;G166 2559;End Fence;;Ricoh_image\Ricoh G165 SPC220N PE-P1_1584365203689.png
Paper Tray;G166 2558;Extension Tray;;Ricoh_image\Ricoh G165 SPC220N PE-P1_1584365203689.png
Paper Tray;G166 2573;Holder Sheet;;Ricoh_image\Ricoh G165 SPC220N PE-P1_1584365203689.png
Paper Tray;G166 2568;Compression Spring;;Ricoh_image\Ricoh G165 SPC220N PE-P1_1584365203689.png
Paper Tray;G166 2567;Bottom Plate Stopper;;Ricoh_image\Ricoh G165 SPC220N PE-P1_1584365203689.png
Paper Tray;G166 2556;Right Side Fence;;Ricoh_image\Ricoh G165 SPC220N PE-P1_1584365203689.png
Paper Tray;G166 2593;Caution Decal - Inkjet Paper;;Ricoh_image\Ricoh G165 SPC220N PE-P1_1584365203689.png
Imaging Unit;G166 1269;Stopper Band;;Ricoh_image\Ricoh G165 SPC220N PE-P1_1584365209574.png
Imaging Unit;G166 1012;Lock Shaft;;Ricoh_image\Ricoh G165 SPC220N PE-P1_1584365209574.png
Imaging Unit;G166 1088;Upper Front Duct;;Ricoh_image\Ricoh G165 SPC220N PE-P1_1584365209574.png
Imaging Unit;G166 1851;Imaging Unit:Assy;;Ricoh_image\Ricoh G165 SPC220N PE-P1_1584365209574.png
Imaging Unit;G166 1078;Compression Spring;;Ricoh_image\Ricoh G165 SPC220N PE-P1_1584365209574.png
Imaging Unit;G166 1240;Brake:Cover:Upper;;Ricoh_image\Ricoh G165 SPC220N PE-P1_1584365209574.png
Imaging Unit;G166 1087;Spring:Cushion:Frame:Upper;;Ricoh_image\Ricoh G165 SPC220N PE-P1_1584365209574.png
Imaging Unit;G166 1081;Twist Spring - Left;;Ricoh_image\Ricoh G165 SPC220N PE-P1_1584365209574.png
Imaging Unit;G166 1071;Frame:Upper Right;;Ricoh_image\Ricoh G165 SPC220N PE-P1_1584365209574.png
Imaging Unit;G166 1080;Twist Spring - Right;;Ricoh_image\Ricoh G165 SPC220N PE-P1_1584365209574.png
Imaging Unit;G166 5706;Ground Plate:Shaft:Imaging Unit;;Ricoh_image\Ricoh G165 SPC220N PE-P1_1584365209574.png
Imaging Unit;G166 5724;Harness Clamp Holder;;Ricoh_image\Ricoh G165 SPC220N PE-P1_1584365209574.png
Imaging Unit;G166 1073;Shaft;;Ricoh_image\Ricoh G165 SPC220N PE-P1_1584365209574.png
Imaging Unit;G166 1070;Frame:Upper Left;;Ricoh_image\Ricoh G165 SPC220N PE-P1_1584365209574.png
Imaging Unit;G166 1086;Bracket:Optical Unit:Frame:Upper;;Ricoh_image\Ricoh G165 SPC220N PE-P1_1584365209574.png
Imaging Unit;G166 1089;Pin:Plate:Development Unit;;Ricoh_image\Ricoh G165 SPC220N PE-P1_1584365209574.png
Imaging Unit;G166 1072;Spring:Plate:AIO;;Ricoh_image\Ricoh G165 SPC220N PE-P1_1584365209574.png
Imaging Unit;G166 1084;Spring:Plate:AIO:Black;;Ricoh_image\Ricoh G165 SPC220N PE-P1_1584365209574.png
Transfer Belt Unit;G166 6587;Sensor Bracket;;Ricoh_image\Ricoh G165 SPC220N PE-P1_1584365213281.png
Transfer Belt Unit;G166 6107;Grounding Plate;;Ricoh_image\Ricoh G165 SPC220N PE-P1_1584365213281.png
Transfer Belt Unit;G166 6580;Stopper Sheet - Photointerruptor;;Ricoh_image\Ricoh G165 SPC220N PE-P1_1584365213281.png
Transfer Belt Unit;G166 6584;Used Toner Sensor;;Ricoh_image\Ricoh G165 SPC220N PE-P1_1584365213281.png
Transfer Belt Unit;G102 2789;Stopper:Photointerruptor;;Ricoh_image\Ricoh G165 SPC220N PE-P1_1584365213281.png
Transfer Belt Unit;GW02 0020;Photointerruptor:LG248NL1;;Ricoh_image\Ricoh G165 SPC220N PE-P1_1584365213281.png
Transfer Belt Unit;G166 6586;Feeler - Set Sensor;;Ricoh_image\Ricoh G165 SPC220N PE-P1_1584365213281.png
Transfer Belt Unit;G166 5415;Sensor Harness;;Ricoh_image\Ricoh G165 SPC220N PE-P1_1584365213281.png
Transfer Belt Unit;G166 5725;Harness Cover;;Ricoh_image\Ricoh G165 SPC220N PE-P1_1584365213281.png
Transfer Belt Unit;G166 1390;Caution Decal - Transfer Belt;;Ricoh_image\Ricoh G165 SPC220N PE-P1_1584365213281.png
Transfer Belt Unit;G166 0601;Intermediate Transfer Section;;Ricoh_image\Ricoh G165 SPC220N PE-P1_1584365213281.png
Transfer Belt Unit;G166 6026;Bushing - 19mm;;Ricoh_image\Ricoh G165 SPC220N PE-P1_1584365213281.png
Transfer Belt Unit;G166 6193;Left Holder - Transfer Belt Unit;;Ricoh_image\Ricoh G165 SPC220N PE-P1_1584365213281.png
Transfer Belt Unit;G166 6099;Compression Spring;;Ricoh_image\Ricoh G165 SPC220N PE-P1_1584365213281.png
Transfer Belt Unit;G166 6194;Right Holder - Transfer Belt Unit;;Ricoh_image\Ricoh G165 SPC220N PE-P1_1584365213281.png
Transfer Belt Unit;G166 6196;Right Slider - Transfer Belt Unit;;Ricoh_image\Ricoh G165 SPC220N PE-P1_1584365213281.png
Transfer Belt Unit;G166 6197;Left Slider - Transfer Belt Unit;;Ricoh_image\Ricoh G165 SPC220N PE-P1_1584365213281.png
Transfer Belt Unit;G166 6002;Density Sensor:Assy;;Ricoh_image\Ricoh G165 SPC220N PE-P1_1584365213281.png
Transfer Belt Unit;G166 6191;Cleaner Decal - Density Sensor;;Ricoh_image\Ricoh G165 SPC220N PE-P1_1584365213281.png
Paper Transfer;G166 3800;Transfer Unit;;Ricoh_image\Ricoh G165 SPC220N PE-P1_1584365217068.png
Paper Transfer;G166 3860;Torsion Spring;;Ricoh_image\Ricoh G165 SPC220N PE-P1_1584365217068.png
Paper Transfer;G166 3952;Transfer Roller:Sub-assy;;Ricoh_image\Ricoh G165 SPC220N PE-P1_1584365217068.png
Paper Transfer;G166 3853;Bushing - 6mm;;Ricoh_image\Ricoh G165 SPC220N PE-P1_1584365217068.png
Paper Transfer;GF02 0049;Transport Roller- Duplex;;Ricoh_image\Ricoh G165 SPC220N PE-P1_1584365217068.png
Paper Transfer;G166 3998;Ground Wire- Duplex;;Ricoh_image\Ricoh G165 SPC220N PE-P1_1584365217068.png
Paper Transfer;G166 3967;Electrode Plate - Link;;Ricoh_image\Ricoh G165 SPC220N PE-P1_1584365217068.png
Paper Transfer;G166 3997;Ground Wire:Transfer/Separation;;Ricoh_image\Ricoh G165 SPC220N PE-P1_1584365217068.png
Paper Transfer;G166 3968;Electrode Plate - Contact Point;;Ricoh_image\Ricoh G165 SPC220N PE-P1_1584365217068.png
Paper Transfer;G166 3989;Resistor - 100M b 10% 0.5W;;Ricoh_image\Ricoh G165 SPC220N PE-P1_1584365217068.png
Paper Transfer;G166 3865;Gear - 14Z;;Ricoh_image\Ricoh G165 SPC220N PE-P1_1584365217068.png
Paper Transfer;GF02 0000;Registration Roller - Drive;;Ricoh_image\Ricoh G165 SPC220N PE-P1_1584365217068.png
Paper Transfer;G166 3961;Compression Spring;;Ricoh_image\Ricoh G165 SPC220N PE-P1_1584365217068.png
Paper Transfer;G166 3862;Guide Sheet - Registration;;Ricoh_image\Ricoh G165 SPC220N PE-P1_1584365217068.png
Paper Transfer;G166 3855;Tension Spring;;Ricoh_image\Ricoh G165 SPC220N PE-P1_1584365217068.png
Paper Transfer;G166 3852;Registration Roller - Driven;;Ricoh_image\Ricoh G165 SPC220N PE-P1_1584365217068.png
Paper Transfer;G166 3965;Ground Wire;;Ricoh_image\Ricoh G165 SPC220N PE-P1_1584365217068.png
Paper Transfer;G166 3867;Drive Gear - 14Z;;Ricoh_image\Ricoh G165 SPC220N PE-P1_1584365217068.png
Paper Transfer;G166 3863;Registration Guide;;Ricoh_image\Ricoh G165 SPC220N PE-P1_1584365217068.png
Paper Transfer;G166 3859;Registration Sensor Feeler;;Ricoh_image\Ricoh G165 SPC220N PE-P1_1584365217068.png
Fusing Unit;G166 4012;Fusing Unit - 120V;;Ricoh_image\Ricoh G165 SPC220N PE-P1_1584365219468.png
Fusing Unit;G166 4013;Fusing Unit - 220V;;Ricoh_image\Ricoh G165 SPC220N PE-P1_1584365219468.png
Fusing Unit;G166 4010;Fusing Unit TWN - 110V;;Ricoh_image\Ricoh G165 SPC220N PE-P1_1584365219468.png
Fusing Unit;G166 4398;Decal - High Temperature;;Ricoh_image\Ricoh G165 SPC220N PE-P1_1584365219468.png
Fusing Unit;G166 4066;Front Cover - Fusing Unit;;Ricoh_image\Ricoh G165 SPC220N PE-P1_1584365219468.png
Fusing Unit;GX45 0002;Fusing Lamp - 120V 1000W;;Ricoh_image\Ricoh G165 SPC220N PE-P1_1584365219468.png
Fusing Unit;GX45 0003;Fusing Lamp - 230V 1000W;;Ricoh_image\Ricoh G165 SPC220N PE-P1_1584365219468.png
Fusing Unit;GX45 0004;Fusing Lamp - 110V 1000W;;Ricoh_image\Ricoh G165 SPC220N PE-P1_1584365219468.png
Fusing Unit;G166 4072;Fusing Entrance Guide - Lower;;Ricoh_image\Ricoh G165 SPC220N PE-P1_1584365219468.png
Fusing Unit;G166 5448;Interface Harness - 115V;;Ricoh_image\Ricoh G165 SPC220N PE-P1_1584365219468.png
Fusing Unit;G166 5449;Interface Harness - 230V;;Ricoh_image\Ricoh G165 SPC220N PE-P1_1584365219468.png
Paper Exit;GA12 0011;Discharge Brush Exit;;Ricoh_image\Ricoh G165 SPC220N PE-P1_1584365224777.png
Paper Exit;G166 4455;Lower Exit Guide;;Ricoh_image\Ricoh G165 SPC220N PE-P1_1584365224777.png
Paper Exit;G166 4461;Ground Wire;;Ricoh_image\Ricoh G165 SPC220N PE-P1_1584365224777.png
Paper Exit;G166 4462;Stopper - Photointerruptor;;Ricoh_image\Ricoh G165 SPC220N PE-P1_1584365224777.png
Paper Exit;GW02 0020;Photointerruptor:LG248NL1;;Ricoh_image\Ricoh G165 SPC220N PE-P1_1584365224777.png
Paper Exit;GA08 2010;Bushing:DIA6:DIA10:9;;Ricoh_image\Ricoh G165 SPC220N PE-P1_1584365224777.png
Paper Exit;GF02 0039;Exit Roller;;Ricoh_image\Ricoh G165 SPC220N PE-P1_1584365224777.png
Paper Exit;G166 4463;Exit Guide Plate;;Ricoh_image\Ricoh G165 SPC220N PE-P1_1584365224777.png
Paper Exit;G166 4460;Pressure Spring - Exit;;Ricoh_image\Ricoh G165 SPC220N PE-P1_1584365224777.png
Paper Exit;G166 4458;Pressure Spring - Exit;;Ricoh_image\Ricoh G165 SPC220N PE-P1_1584365224777.png
Paper Exit;G166 4459;Driven Roller - Exit;;Ricoh_image\Ricoh G165 SPC220N PE-P1_1584365224777.png
Paper Exit;G166 4457;Driven Roller - Exit;;Ricoh_image\Ricoh G165 SPC220N PE-P1_1584365224777.png
Paper Exit;G166 4456;Guide Roller - Exit;;Ricoh_image\Ricoh G165 SPC220N PE-P1_1584365224777.png
Paper Exit;GB01 1119;Gear - 15Z;;Ricoh_image\Ricoh G165 SPC220N PE-P1_1584365224777.png
Paper Exit;GB01 7105;Gear - 23/30Z;;Ricoh_image\Ricoh G165 SPC220N PE-P1_1584365224777.png
Paper Exit;GB01 3064;Gear - 22Z;;Ricoh_image\Ricoh G165 SPC220N PE-P1_1584365224777.png
Paper Exit;GB01 1111;Gear - 19Z;;Ricoh_image\Ricoh G165 SPC220N PE-P1_1584365224777.png
Paper Exit;G166 1169;Bracket - Exit Drive Unit;;Ricoh_image\Ricoh G165 SPC220N PE-P1_1584365224777.png
Paper Exit;GX04 1120;Stepper Motor - DC 14.8W;;Ricoh_image\Ricoh G165 SPC220N PE-P1_1584365224777.png
Paper Exit;AA08 2101;Bushing - 6x10x6;;Ricoh_image\Ricoh G165 SPC220N PE-P1_1584365224777.png
Paper Exit;G166 5745;Harness Cover;;Ricoh_image\Ricoh G165 SPC220N PE-P1_1584365224777.png
Paper Exit;G166 1194;Frame - Duplex Drive Unit;;Ricoh_image\Ricoh G165 SPC220N PE-P1_1584365224777.png
Paper Exit;GB01 7109;Gear - 16/42Z;;Ricoh_image\Ricoh G165 SPC220N PE-P1_1584365224777.png
Paper Exit;GA14 5014;Shaft - 6 X 55.3mm;;Ricoh_image\Ricoh G165 SPC220N PE-P1_1584365224777.png
Paper Exit;GB01 1112;Gear - 29Z;;Ricoh_image\Ricoh G165 SPC220N PE-P1_1584365224777.png
Paper Exit;GB01 1108;Gear - 21Z;;Ricoh_image\Ricoh G165 SPC220N PE-P1_1584365224777.png
Paper Exit;GA04 3030;Timing Belt - 60S2M280;;Ricoh_image\Ricoh G165 SPC220N PE-P1_1584365224777.png
Paper Exit;GB03 0036;Pulley - 18T;;Ricoh_image\Ricoh G165 SPC220N PE-P1_1584365224777.png
Drive Section 1;GX06 1124;Brushless Motor - DC24V 10W;;Ricoh_image\Ricoh G165 SPC220N PE-P1_1584365227211.png
Drive Section 1;G166 1152;Grounding Plate;;Ricoh_image\Ricoh G165 SPC220N PE-P1_1584365227211.png
Drive Section 1;G166 1151;Motor Bracket;;Ricoh_image\Ricoh G165 SPC220N PE-P1_1584365227211.png
Drive Section 1;GB01 7103;Gear - 21/45Z;;Ricoh_image\Ricoh G165 SPC220N PE-P1_1584365227211.png
Drive Section 1;GX20 1121;Magnetic Clutch;;Ricoh_image\Ricoh G165 SPC220N PE-P1_1584365227211.png
Drive Section 1;GB01 7104;Gear - 24/57Z;;Ricoh_image\Ricoh G165 SPC220N PE-P1_1584365227211.png
Drive Section 1;GB01 1101;Gear - 37Z;;Ricoh_image\Ricoh G165 SPC220N PE-P1_1584365227211.png
Drive Section 1;GB01 1102;Gear - 19/38Z;;Ricoh_image\Ricoh G165 SPC220N PE-P1_1584365227211.png
Drive Section 1;GA14 8018;Shaft - 6 X 21.9mm;;Ricoh_image\Ricoh G165 SPC220N PE-P1_1584365227211.png
Drive Section 1;GA14 8016;Shaft - 6 X 26.7mm;;Ricoh_image\Ricoh G165 SPC220N PE-P1_1584365227211.png
Drive Section 1;G166 1139;Frame - Transport Drive Unit;;Ricoh_image\Ricoh G165 SPC220N PE-P1_1584365227211.png
Drive Section 1;GB01 1118;Regist Drive Gear;;Ricoh_image\Ricoh G165 SPC220N PE-P1_1584365227211.png
Drive Section 1;GB01 1103;Gear - 28/36Z;;Ricoh_image\Ricoh G165 SPC220N PE-P1_1584365227211.png
Drive Section 1;GB01 1105;Gear - 29Z;;Ricoh_image\Ricoh G165 SPC220N PE-P1_1584365227211.png
Drive Section 1;GB01 1109;Gear - 28Z;;Ricoh_image\Ricoh G165 SPC220N PE-P1_1584365227211.png
Drive Section 1;GB01 1106;Gear - 22/31Z;;Ricoh_image\Ricoh G165 SPC220N PE-P1_1584365227211.png
Drive Section 1;GB01 1104;Gear - 20/35Z;;Ricoh_image\Ricoh G165 SPC220N PE-P1_1584365227211.png
Drive Section 1;AA08 2101;Bushing - 6x10x6;;Ricoh_image\Ricoh G165 SPC220N PE-P1_1584365227211.png
Drive Section 1;G166 2580;Shaft - Paper Feed Roller;;Ricoh_image\Ricoh G165 SPC220N PE-P1_1584365227211.png
Drive Section 1;AF03 1061;Paper Feed Roller;;Ricoh_image\Ricoh G165 SPC220N PE-P1_1584365227211.png
Drive Section 1;G166 2586;Feeler Holder;;Ricoh_image\Ricoh G165 SPC220N PE-P1_1584365227211.png
Drive Section 1;G166 2585;Feeler - Paper End Sensor;;Ricoh_image\Ricoh G165 SPC220N PE-P1_1584365227211.png
Drive Section 1;GB01 1110;Gear - 31Z;;Ricoh_image\Ricoh G165 SPC220N PE-P1_1584365227211.png
Drive Section 1;GB03 0036;Pulley - 18T;;Ricoh_image\Ricoh G165 SPC220N PE-P1_1584365227211.png
Drive Section 1;GA14 5013;Shaft - 6 x 39.5mm;;Ricoh_image\Ricoh G165 SPC220N PE-P1_1584365227211.png
Drive Section 1;GB01 1108;Gear - 21Z;;Ricoh_image\Ricoh G165 SPC220N PE-P1_1584365227211.png
Drive Section 2;GX06 1138;Brushless Motor - DC24V 32W;;Ricoh_image\Ricoh G165 SPC220N PE-P1_1584365232348.png
Drive Section 2;GX06 1136;Brushless Motor - DC24V 21W;;Ricoh_image\Ricoh G165 SPC220N PE-P1_1584365232348.png
Drive Section 2;G166 1102;Motor Bracket;;Ricoh_image\Ricoh G165 SPC220N PE-P1_1584365232348.png
Drive Section 2;G166 1104;Shielding Plate;;Ricoh_image\Ricoh G165 SPC220N PE-P1_1584365232348.png
Drive Section 2;GA13 2101;Spacer - 0.13 x 12mm;;Ricoh_image\Ricoh G165 SPC220N PE-P1_1584365232348.png
Drive Section 2;GB01 7101;Gear - 22/99Z;;Ricoh_image\Ricoh G165 SPC220N PE-P1_1584365232348.png
Drive Section 2;GB01 7110;Gear - 22/99Z Cyan;;Ricoh_image\Ricoh G165 SPC220N PE-P1_1584365232348.png
Drive Section 2;GB01 7102;Gear - 27/76Z;;Ricoh_image\Ricoh G165 SPC220N PE-P1_1584365232348.png
Drive Section 2;G166 1112;Gear Cover;;Ricoh_image\Ricoh G165 SPC220N PE-P1_1584365232348.png
Drive Section 2;G166 5280;Terminal Board;;Ricoh_image\Ricoh G165 SPC220N PE-P1_1584365232348.png
Drive Section 2;G166 5427;Harness - EGB-ID;;Ricoh_image\Ricoh G165 SPC220N PE-P1_1584365232348.png
Drive Section 2;G166 1097;Ground Plate - Left;;Ricoh_image\Ricoh G165 SPC220N PE-P1_1584365232348.png
Drive Section 2;G166 1090;Ground Plate - Dchip;;Ricoh_image\Ricoh G165 SPC220N PE-P1_1584365232348.png
Drive Section 2;G166 1091;Ground Plate - Power Supply Unit;;Ricoh_image\Ricoh G165 SPC220N PE-P1_1584365232348.png
Drive Section 2;G166 3866;Ground Plate:Registration Roller;;Ricoh_image\Ricoh G165 SPC220N PE-P1_1584365232348.png
Drive Section 2;G166 5749;Connector Cover;;Ricoh_image\Ricoh G165 SPC220N PE-P1_1584365232348.png
Drive Section 2;G166 5431;Harness - Motor/Clutch;;Ricoh_image\Ricoh G165 SPC220N PE-P1_1584365232348.png
Drive Section 2;GA13 2102;Spacer - 0.13 x 10mm;;Ricoh_image\Ricoh G165 SPC220N PE-P1_1584365232348.png
Drive Section 2;GB01 2101;Gear - 33Z;;Ricoh_image\Ricoh G165 SPC220N PE-P1_1584365232348.png
Drive Section 3;G166 1125;Shielding Plate;;Ricoh_image\Ricoh G165 SPC220N PE-P1_1584365238432.png
Drive Section 3;G166 1119;Motor Bracket;;Ricoh_image\Ricoh G165 SPC220N PE-P1_1584365238432.png
Drive Section 3;G166 1135;Motor - DC24V 1.6W;;Ricoh_image\Ricoh G165 SPC220N PE-P1_1584365238432.png
Drive Section 3;G166 1131;DC Motor - DC24V 5.3W;;Ricoh_image\Ricoh G165 SPC220N PE-P1_1584365238432.png
Drive Section 3;G166 1118;Grounding Wire;;Ricoh_image\Ricoh G165 SPC220N PE-P1_1584365238432.png
Drive Section 3;G166 1123;Frame - On-Off Drive Unit;;Ricoh_image\Ricoh G165 SPC220N PE-P1_1584365238432.png
Drive Section 3;GB01 7111;Gear - 16/51Z;;Ricoh_image\Ricoh G165 SPC220N PE-P1_1584365238432.png
Drive Section 3;GB01 7113;Gear - 40/65Z;;Ricoh_image\Ricoh G165 SPC220N PE-P1_1584365238432.png
Drive Section 3;GB01 3114;Gear - 35Z;;Ricoh_image\Ricoh G165 SPC220N PE-P1_1584365238432.png
Drive Section 3;GB01 3115;Gear - 21Z;;Ricoh_image\Ricoh G165 SPC220N PE-P1_1584365238432.png
Drive Section 3;GB01 7112;Gear - 21/73Z;;Ricoh_image\Ricoh G165 SPC220N PE-P1_1584365238432.png
Drive Section 3;GB01 7116;Gear - 17/42Z;;Ricoh_image\Ricoh G165 SPC220N PE-P1_1584365238432.png
Drive Section 3;GB01 3117;Gear - 19Z;;Ricoh_image\Ricoh G165 SPC220N PE-P1_1584365238432.png
Drive Section 3;G166 6103;Sensor Holder;;Ricoh_image\Ricoh G165 SPC220N PE-P1_1584365238432.png
Drive Section 3;GW02 0020;Photointerruptor:LG248NL1;;Ricoh_image\Ricoh G165 SPC220N PE-P1_1584365238432.png
Drive Section 3;G166 6046;Sensor Feeler;;Ricoh_image\Ricoh G165 SPC220N PE-P1_1584365238432.png
Drive Section 3;G166 6045;Spring - Feeler;;Ricoh_image\Ricoh G165 SPC220N PE-P1_1584365238432.png
Drive Section 3;G166 1083;Grounding Plate - High Voltage;;Ricoh_image\Ricoh G165 SPC220N PE-P1_1584365238432.png
Drive Section 3;G166 2583;Spring Plate:Paper Tray:Positioning;;Ricoh_image\Ricoh G165 SPC220N PE-P1_1584365238432.png
Drive Section 3;G166 2582;Grounding Spring;;Ricoh_image\Ricoh G165 SPC220N PE-P1_1584365238432.png
Drive Section 3;G163 1068;Bracket - Photointerruptor;;Ricoh_image\Ricoh G165 SPC220N PE-P1_1584365238432.png
Drive Section 3;G166 2596;Holder:Resistor:Base;;Ricoh_image\Ricoh G165 SPC220N PE-P1_1584365238432.png
Drive Section 3;G166 3993;Resistor - 100M b 10% 0.5W;;Ricoh_image\Ricoh G165 SPC220N PE-P1_1584365238432.png
Drive Section 3;G166 2597;Spring Plate:Resistor:Base:Lower;;Ricoh_image\Ricoh G165 SPC220N PE-P1_1584365238432.png
Drive Section 3;G166 2598;Spring Plate:Resistor:Base:Upper;;Ricoh_image\Ricoh G165 SPC220N PE-P1_1584365238432.png
Drive Section 3;G166 5726;Cushion - Harness;;Ricoh_image\Ricoh G165 SPC220N PE-P1_1584365238432.png
Electrical Section 1;G166 1110;Harness Guide;;Ricoh_image\Ricoh G165 SPC220N PE-P1_1584365243243.png
Electrical Section 1;GZ23 0035;Power Supply Unit - 115V;;Ricoh_image\Ricoh G165 SPC220N PE-P1_1584365243243.png
Electrical Section 1;GZ23 0034;Power Supply Unit - 230V;;Ricoh_image\Ricoh G165 SPC220N PE-P1_1584365243243.png
Electrical Section 1;GZ23 0037;Power Supply Unit:CHN;;Ricoh_image\Ricoh G165 SPC220N PE-P1_1584365243243.png
Electrical Section 1;G166 5426;Harness - PSU-Safety;;Ricoh_image\Ricoh G165 SPC220N PE-P1_1584365243243.png
Electrical Section 1;G166 5444;Harness - EGB-PSU;;Ricoh_image\Ricoh G165 SPC220N PE-P1_1584365243243.png
Electrical Section 1;G166 5700;Bracket - Power Supply Unit;;Ricoh_image\Ricoh G165 SPC220N PE-P1_1584365243243.png
Electrical Section 1;G166 5701;Harness Cover - Power Supply Unit;;Ricoh_image\Ricoh G165 SPC220N PE-P1_1584365243243.png
Electrical Section 1;G166 5715;Bracket - Main Switch;;Ricoh_image\Ricoh G165 SPC220N PE-P1_1584365243243.png
Electrical Section 1;G166 5425;Harness - Power Supply Unit;;Ricoh_image\Ricoh G165 SPC220N PE-P1_1584365243243.png
Electrical Section 1;G166 5730;Controller Cover;;Ricoh_image\Ricoh G165 SPC220N PE-P1_1584365243243.png
Electrical Section 1;G166 5740;Controller Cover;;Ricoh_image\Ricoh G165 SPC220N PE-P1_1584365243243.png
Electrical Section 1;G166 5712;Memory Cover;;Ricoh_image\Ricoh G165 SPC220N PE-P1_1584365243243.png
Electrical Section 1;G166 5713;Screw;;Ricoh_image\Ricoh G165 SPC220N PE-P1_1584365243243.png
Electrical Section 1;G166 5746;Memory Stopper;;Ricoh_image\Ricoh G165 SPC220N PE-P1_1584365243243.png
Electrical Section 1;G166 5454;Harness - EGB-Fan;;Ricoh_image\Ricoh G165 SPC220N PE-P1_1584365243243.png
Electrical Section 1;G166 5452;AC Harness;;Ricoh_image\Ricoh G165 SPC220N PE-P1_1584365243243.png
Electrical Section 1;G166 5431;Harness - Motor/Clutch;;Ricoh_image\Ricoh G165 SPC220N PE-P1_1584365243243.png
Electrical Section 1;G166 5412;Harness - EGB-PSU;;Ricoh_image\Ricoh G165 SPC220N PE-P1_1584365243243.png
Electrical Section 1;G166 5433;Harness - Sensor/Motor/TH;;Ricoh_image\Ricoh G165 SPC220N PE-P1_1584365243243.png
Electrical Section 1;G166 5121;Engine Board (G165/G166);;Ricoh_image\Ricoh G165 SPC220N PE-P1_1584365243243.png
Electrical Section 1;G166 5126;Engine Board (G167);;Ricoh_image\Ricoh G165 SPC220N PE-P1_1584365243243.png
Electrical Section 1;G163 5680;Controller Board (G165);;Ricoh_image\Ricoh G165 SPC220N PE-P1_1584365243243.png
Electrical Section 1;G167 5680;Controller Bpoard (G166/G167);;Ricoh_image\Ricoh G165 SPC220N PE-P1_1584365243243.png
Electrical Section 1;G166 5439;Harness - Operation Panel;;Ricoh_image\Ricoh G165 SPC220N PE-P1_1584365243243.png
Electrical Section 1;G166 5739;Terminal - AIO;;Ricoh_image\Ricoh G165 SPC220N PE-P1_1584365243243.png
Electrical Section 1;G166 5731;Therminal Holder;;Ricoh_image\Ricoh G165 SPC220N PE-P1_1584365243243.png
Electrical Section 1;GZ30 0001;Power Pack;;Ricoh_image\Ricoh G165 SPC220N PE-P1_1584365243243.png
Electrical Section 1;G166 5708;2nd Terminal - Transfer;;Ricoh_image\Ricoh G165 SPC220N PE-P1_1584365243243.png
Electrical Section 1;G166 5738;1st Terminal - Transfer;;Ricoh_image\Ricoh G165 SPC220N PE-P1_1584365243243.png
Electrical Section 1;G166 5414;Harness - EGB-HVP;;Ricoh_image\Ricoh G165 SPC220N PE-P1_1584365243243.png
Electrical Section 1;AW14 0015;Temperature & Humidity Sensor;;Ricoh_image\Ricoh G165 SPC220N PE-P1_1584365243243.png
Electrical Section 1;G166 5743;Bracket - Control Board;;Ricoh_image\Ricoh G165 SPC220N PE-P1_1584365243243.png
Electrical Section 1;G166 5729;Control Board Bracket;;Ricoh_image\Ricoh G165 SPC220N PE-P1_1584365243243.png
Electrical Section 1;G891 5690;DDR-DIMM - 256MB;;Ricoh_image\Ricoh G165 SPC220N PE-P1_1584365243243.png
Electrical Section 1;AA14 3592;Screw- M4x6;;Ricoh_image\Ricoh G165 SPC220N PE-P1_1584365243243.png
Electrical Section 2;GX64 5734;Fan Motor:MM80 DC24V 3.12W;;Ricoh_image\Ricoh G165 SPC220N PE-P1_1584365246438.png
Electrical Section 2;G166 5728;Seal - Fan Motor;;Ricoh_image\Ricoh G165 SPC220N PE-P1_1584365246438.png
Electrical Section 2;G166 1059;Duct;;Ricoh_image\Ricoh G165 SPC220N PE-P1_1584365246438.png
Electrical Section 2;G166 5734;Torsion Spring - Safety Switch;;Ricoh_image\Ricoh G165 SPC220N PE-P1_1584365246438.png
Electrical Section 2;G166 5747;Arm - Safety Switch;;Ricoh_image\Ricoh G165 SPC220N PE-P1_1584365246438.png
Electrical Section 2;G166 5733;Link - Safety Switch;;Ricoh_image\Ricoh G165 SPC220N PE-P1_1584365246438.png
Electrical Section 2;G166 5737;Compression Spring - Safety Switch;;Ricoh_image\Ricoh G165 SPC220N PE-P1_1584365246438.png
Electrical Section 2;G166 5736;Tension Spring - Safety Switch;;Ricoh_image\Ricoh G165 SPC220N PE-P1_1584365246438.png
Electrical Section 2;G166 5732;Bracket Safety Switch;;Ricoh_image\Ricoh G165 SPC220N PE-P1_1584365246438.png
Electrical Section 2;G166 5748;Lever - Safety Switch;;Ricoh_image\Ricoh G165 SPC220N PE-P1_1584365246438.png
Electrical Section 2;G166 1058;Exit Duct;;Ricoh_image\Ricoh G165 SPC220N PE-P1_1584365246438.png
Electrical Section 2;G166 5445;PSU Interface Harness - 115V;;Ricoh_image\Ricoh G165 SPC220N PE-P1_1584365246438.png
Electrical Section 2;G166 5446;PSU Interface Harness - 230V;;Ricoh_image\Ricoh G165 SPC220N PE-P1_1584365246438.png
Electrical Section 2;G166 5751;Connector Holder - Fusing;;Ricoh_image\Ricoh G165 SPC220N PE-P1_1584365246438.png
Electrical Section 2;G166 5759;Ground Plate - Fusing;;Ricoh_image\Ricoh G165 SPC220N PE-P1_1584365246438.png
Frame Section;G166 1111;Frame - Transfer Drive Unit;;Ricoh_image\Ricoh G165 SPC220N PE-P1_1584365249189.png
Frame Section;GA13 2101;Spacer - 0.13 x 12mm;;Ricoh_image\Ricoh G165 SPC220N PE-P1_1584365249189.png
Frame Section;GB01 2102;Gear - 54Z;;Ricoh_image\Ricoh G165 SPC220N PE-P1_1584365249189.png
Frame Section;G166 6592;Spring Plate - Collection Bottle;;Ricoh_image\Ricoh G165 SPC220N PE-P1_1584365249189.png
Frame Section;G166 1047;Spacer- Rubber Foot;;Ricoh_image\Ricoh G165 SPC220N PE-P1_1584365249189.png
Frame Section;G166 1048;Rubber Foot;;Ricoh_image\Ricoh G165 SPC220N PE-P1_1584365249189.png
Frame Section;G166 2588;Holder:Paper Tray:Positioning;;Ricoh_image\Ricoh G165 SPC220N PE-P1_1584365249189.png
Frame Section;G166 1389;Decal - High Voltage;;Ricoh_image\Ricoh G165 SPC220N PE-P1_1584365249189.png
Frame Section;G166 1315;Lower Seal - 2;;Ricoh_image\Ricoh G165 SPC220N PE-P1_1584365249189.png
Frame Section;G166 1068;Fusing Duct;;Ricoh_image\Ricoh G165 SPC220N PE-P1_1584365249189.png
Frame Section;G166 1342;Rack:Damper;;Ricoh_image\Ricoh G165 SPC220N PE-P1_1584365249189.png
Frame Section;G166 1099;Key - AIO;;Ricoh_image\Ricoh G165 SPC220N PE-P1_1584365249189.png
Frame Section;G166 1085;Spring Plate:LSU:Positioning;;Ricoh_image\Ricoh G165 SPC220N PE-P1_1584365249189.png
Frame Section;G166 3292;Color Decal - Cyan;;Ricoh_image\Ricoh G165 SPC220N PE-P1_1584365249189.png
Frame Section;G166 1046;Color Decal - Magenta;;Ricoh_image\Ricoh G165 SPC220N PE-P1_1584365249189.png
Frame Section;G166 3293;Decal - Yellow;;Ricoh_image\Ricoh G165 SPC220N PE-P1_1584365249189.png
Frame Section;G166 3290;Decal - Black;;Ricoh_image\Ricoh G165 SPC220N PE-P1_1584365249189.png
Frame Section;G166 1323;Sheet:Frame:Right;;Ricoh_image\Ricoh G165 SPC220N PE-P1_1584365249189.png
Frame Section;G166 5756;Resistorholder - Exit;;Ricoh_image\Ricoh G165 SPC220N PE-P1_1584365249189.png
Frame Section;G166 5757;Ground Plate - Input;;Ricoh_image\Ricoh G165 SPC220N PE-P1_1584365249189.png
Frame Section;G166 5758;Ground Plate - Output;;Ricoh_image\Ricoh G165 SPC220N PE-P1_1584365249189.png
Frame Section;G166 3994;Resistor - 50M b 10% 0.5W;;Ricoh_image\Ricoh G165 SPC220N PE-P1_1584365249189.png
Frame Section;G166 1316;Lower Seal - 3;;Ricoh_image\Ricoh G165 SPC220N PE-P1_1584365249189.png
Frame Section;G166 1314;Lower Seal - 1;;Ricoh_image\Ricoh G165 SPC220N PE-P1_1584365249189.png
Frame Section;G166 1343;Key:Fusing;;Ricoh_image\Ricoh G165 SPC220N PE-P1_1584365249189.png
Frame Section;G166 1095;Sheet:Base:Frame;;Ricoh_image\Ricoh G165 SPC220N PE-P1_1584365249189.png
Exterior 1 (G181/G183/G184);G166 1261;Inner Cover - Exit;;Ricoh_image\Ricoh G165 SPC220N PE-P1_1584365253888.png
Exterior 1 (G181/G183/G184);G183 1054;Slide Rail:Left;;Ricoh_image\Ricoh G165 SPC220N PE-P1_1584365253888.png
Exterior 1 (G181/G183/G184);G183 1057;Spring:Slide Rail;;Ricoh_image\Ricoh G165 SPC220N PE-P1_1584365253888.png
Exterior 1 (G181/G183/G184);G183 1252;Left Harness Cover - Scanner;;Ricoh_image\Ricoh G165 SPC220N PE-P1_1584365253888.png
Exterior 1 (G181/G183/G184);G183 1251;Right Harness Cover -scanner;;Ricoh_image\Ricoh G165 SPC220N PE-P1_1584365253888.png
Exterior 1 (G181/G183/G184);B039 4480;Stepped Screw - M5;;Ricoh_image\Ricoh G165 SPC220N PE-P1_1584365253888.png
Exterior 1 (G181/G183/G184);G183 1055;Slide Rail:Right;;Ricoh_image\Ricoh G165 SPC220N PE-P1_1584365253888.png
Exterior 1 (G181/G183/G184);G183 1264;Rear Cover;;Ricoh_image\Ricoh G165 SPC220N PE-P1_1584365253888.png
Exterior 1 (G181/G183/G184);G183 1274;Rear Cover - EU;;Ricoh_image\Ricoh G165 SPC220N PE-P1_1584365253888.png
Exterior 1 (G181/G183/G184);G166 1259;Memory Cover;;Ricoh_image\Ricoh G165 SPC220N PE-P1_1584365253888.png
Exterior 1 (G181/G183/G184);G183 1258;Cover - Interface;;Ricoh_image\Ricoh G165 SPC220N PE-P1_1584365253888.png
Exterior 1 (G181/G183/G184);G166 5429;Power Supply Cord - 125V 15A;;Ricoh_image\Ricoh G165 SPC220N PE-P1_1584365253888.png
Exterior 1 (G181/G183/G184);G166 5430;Power Supply Cord - 250V 10A EU;;Ricoh_image\Ricoh G165 SPC220N PE-P1_1584365253888.png
Exterior 1 (G181/G183/G184);H523 5350;Telephone Cable;;Ricoh_image\Ricoh G165 SPC220N PE-P1_1584365253888.png
Exterior 1 (G181/G183/G184);G183 1475;Sheet:Panel:Address;;Ricoh_image\Ricoh G165 SPC220N PE-P1_1584365253888.png
Exterior 1 (G181/G183/G184);G183 1886;Decal:Caution:Set:Original: English (G183/G184);;Ricoh_image\Ricoh G165 SPC220N PE-P1_1584365253888.png
Exterior 1 (G181/G183/G184);G183 1888;Decal:Caution:Set:Original: Multi - Language (G183/G184);;Ricoh_image\Ricoh G165 SPC220N PE-P1_1584365253888.png
Exterior 1 (G181/G183/G184);G181 1473;Sheet:Panel:EU_Languages (G181);;Ricoh_image\Ricoh G165 SPC220N PE-P1_1584365253888.png
Exterior 1 (G181/G183/G184);G183 1473;Sheet:Panel:EU_Languages (G183/G184);;Ricoh_image\Ricoh G165 SPC220N PE-P1_1584365253888.png
Exterior 1 (G181/G183/G184);G181 1881;Decal:Caution:Copy:English (G181);;Ricoh_image\Ricoh G165 SPC220N PE-P1_1584365253888.png
Exterior 1 (G181/G183/G184);G181 1883;Decal:Caution:Copy:Multi - Language (G181);;Ricoh_image\Ricoh G165 SPC220N PE-P1_1584365253888.png
Exterior 1 (G181/G183/G184);G183 1881;Decal:Caution:Copy:English (G183/G184);;Ricoh_image\Ricoh G165 SPC220N PE-P1_1584365253888.png
Exterior 1 (G181/G183/G184);G183 1883;Decal:Caution:Copy: Multi - Language (G183/G184);;Ricoh_image\Ricoh G165 SPC220N PE-P1_1584365253888.png
Exterior 1 (G181/G183/G184);G183 6830;Sheet:Positioning Display:Decal:EU;;Ricoh_image\Ricoh G165 SPC220N PE-P1_1584365253888.png
Exterior 1 (G181/G183/G184);G166 1306;Left Cover - Non EU;;Ricoh_image\Ricoh G165 SPC220N PE-P1_1584365253888.png
Exterior 1 (G181/G183/G184);G166 1336;Cover:Left:EU;;Ricoh_image\Ricoh G165 SPC220N PE-P1_1584365253888.png
Exterior 1 (G181/G183/G184);G166 1276;Left Cover - CHN;;Ricoh_image\Ricoh G165 SPC220N PE-P1_1584365253888.png
Exterior 1 (G181/G183/G184);G166 1309;Seal - 7x27x273mm;;Ricoh_image\Ricoh G165 SPC220N PE-P1_1584365253888.png
Exterior 1 (G181/G183/G184);G166 1310;Seal - 5x21x273mm;;Ricoh_image\Ricoh G165 SPC220N PE-P1_1584365253888.png
Exterior 1 (G181/G183/G184);G166 1319;Seal:Cover:Left:7;;Ricoh_image\Ricoh G165 SPC220N PE-P1_1584365253888.png
Exterior 1 (G181/G183/G184);G166 1311;Seal - 5x15x222mm;;Ricoh_image\Ricoh G165 SPC220N PE-P1_1584365253888.png
Exterior 1 (G181/G183/G184);G166 1320;Seal:Cover:Left:6;;Ricoh_image\Ricoh G165 SPC220N PE-P1_1584365253888.png
Exterior 1 (G181/G183/G184);G166 1312;Seal - 7x25x176mm;;Ricoh_image\Ricoh G165 SPC220N PE-P1_1584365253888.png
Exterior 1 (G181/G183/G184);G166 1313;Seal - 3x8x411mm;;Ricoh_image\Ricoh G165 SPC220N PE-P1_1584365253888.png
Exterior 1 (G181/G183/G184);G166 1262;Cassette Cover;;Ricoh_image\Ricoh G165 SPC220N PE-P1_1584365253888.png
Exterior 1 (G181/G183/G184);G166 1318;Sheet - Cassette Cover;;Ricoh_image\Ricoh G165 SPC220N PE-P1_1584365253888.png
Exterior 1 (G181/G183/G184);G166 1303;Right Cover - Non EU;;Ricoh_image\Ricoh G165 SPC220N PE-P1_1584365253888.png
Exterior 1 (G181/G183/G184);G166 1333;Cover:Right:EU;;Ricoh_image\Ricoh G165 SPC220N PE-P1_1584365253888.png
Exterior 1 (G181/G183/G184);G166 1273;Right Cover - CHN;;Ricoh_image\Ricoh G165 SPC220N PE-P1_1584365253888.png
Exterior 2 (G181/G183/G184);G183 1082;Arm - Lock Lever;;Ricoh_image\Ricoh G165 SPC220N PE-P1_1584365257779.png
Exterior 2 (G181/G183/G184);G183 1088;Tension Spring - Lock Arm;;Ricoh_image\Ricoh G165 SPC220N PE-P1_1584365257779.png
Exterior 2 (G181/G183/G184);G183 1085;Bracket - Arm;;Ricoh_image\Ricoh G165 SPC220N PE-P1_1584365257779.png
Exterior 2 (G181/G183/G184);G183 1072;Wire - Scanner Lock;;Ricoh_image\Ricoh G165 SPC220N PE-P1_1584365257779.png
Exterior 2 (G181/G183/G184);B039 4480;Stepped Screw - M5;;Ricoh_image\Ricoh G165 SPC220N PE-P1_1584365257779.png
Exterior 2 (G181/G183/G184);G183 1071;Right Actuator - Stopper;;Ricoh_image\Ricoh G165 SPC220N PE-P1_1584365257779.png
Exterior 2 (G181/G183/G184);G183 1060;Separation Plate - Slide;;Ricoh_image\Ricoh G165 SPC220N PE-P1_1584365257779.png
Exterior 2 (G181/G183/G184);G183 1061;Torsion Spring - Separation Plate;;Ricoh_image\Ricoh G165 SPC220N PE-P1_1584365257779.png
Exterior 2 (G181/G183/G184);G181 1301;Decal - Name Plate R (G181);;Ricoh_image\Ricoh G165 SPC220N PE-P1_1584365257779.png
Exterior 2 (G181/G183/G184);G181 1304;Decal:Name Plate:MF1A:NSA (G181);;Ricoh_image\Ricoh G165 SPC220N PE-P1_1584365257779.png
Exterior 2 (G181/G183/G184);G181 1305;Decal:Name Plate:MF1A:REX (G181);;Ricoh_image\Ricoh G165 SPC220N PE-P1_1584365257779.png
Exterior 2 (G181/G183/G184);G181 1306;Decal:Name Plate:MF1A:GES (G181);;Ricoh_image\Ricoh G165 SPC220N PE-P1_1584365257779.png
Exterior 2 (G181/G183/G184);G183 1301;Decal - Name Plate R (G183);;Ricoh_image\Ricoh G165 SPC220N PE-P1_1584365257779.png
Exterior 2 (G181/G183/G184);G183 1304;Decal:Name Plate:MF1B:NSA (G183);;Ricoh_image\Ricoh G165 SPC220N PE-P1_1584365257779.png
Exterior 2 (G181/G183/G184);G183 1305;Decal:Name Plate:MF1B:REX (G183);;Ricoh_image\Ricoh G165 SPC220N PE-P1_1584365257779.png
Exterior 2 (G181/G183/G184);G183 1306;Decal:Name Plate:MF1B:GES (G183);;Ricoh_image\Ricoh G165 SPC220N PE-P1_1584365257779.png
Exterior 2 (G181/G183/G184);G184 1301;Decal - Name Plate R (G184);;Ricoh_image\Ricoh G165 SPC220N PE-P1_1584365257779.png
Exterior 2 (G181/G183/G184);G184 1304;Decal:Name Plate:MF1C:NSA (G184);;Ricoh_image\Ricoh G165 SPC220N PE-P1_1584365257779.png
Exterior 2 (G181/G183/G184);G184 1305;Decal:Name Plate:MF1C:REX (G184);;Ricoh_image\Ricoh G165 SPC220N PE-P1_1584365257779.png
Exterior 2 (G181/G183/G184);G184 1306;Decal:Name Plate:MF1C:GES (G184);;Ricoh_image\Ricoh G165 SPC220N PE-P1_1584365257779.png
Exterior 2 (G181/G183/G184);G183 1065;Left Slide Stopper - Scanner;;Ricoh_image\Ricoh G165 SPC220N PE-P1_1584365257779.png
Exterior 2 (G181/G183/G184);G183 1066;Torsion Spring- Slide Stopper;;Ricoh_image\Ricoh G165 SPC220N PE-P1_1584365257779.png
Exterior 2 (G181/G183/G184);G183 1050;Left Slide Arm;;Ricoh_image\Ricoh G165 SPC220N PE-P1_1584365257779.png
Exterior 2 (G181/G183/G184);G183 1056;Hinge - Torque Limiter;;Ricoh_image\Ricoh G165 SPC220N PE-P1_1584365257779.png
Exterior 2 (G181/G183/G184);G183 1052;Left Torsion Spring - Arm;;Ricoh_image\Ricoh G165 SPC220N PE-P1_1584365257779.png
Exterior 2 (G181/G183/G184);G183 1067;Stopper Plate - Scanner;;Ricoh_image\Ricoh G165 SPC220N PE-P1_1584365257779.png
Exterior 2 (G181/G183/G184);G183 1834;Left Ground Plate - Scanner;;Ricoh_image\Ricoh G165 SPC220N PE-P1_1584365257779.png
Exterior 2 (G181/G183/G184);G166 1283;Front End Fence - Exit;;Ricoh_image\Ricoh G165 SPC220N PE-P1_1584365257779.png
Exterior 2 (G181/G183/G184);G166 1282;Rear End Fence - Exit;;Ricoh_image\Ricoh G165 SPC220N PE-P1_1584365257779.png
Exterior 2 (G181/G183/G184);G166 1281;Base - Exit End Fence;;Ricoh_image\Ricoh G165 SPC220N PE-P1_1584365257779.png
Exterior 2 (G181/G183/G184);G183 1053;Right Torsion Spring - Arm;;Ricoh_image\Ricoh G165 SPC220N PE-P1_1584365257779.png
Exterior 2 (G181/G183/G184);G183 1051;Right Slide Arm;;Ricoh_image\Ricoh G165 SPC220N PE-P1_1584365257779.png
Exterior 2 (G181/G183/G184);G183 1250;Upper Cover;;Ricoh_image\Ricoh G165 SPC220N PE-P1_1584365257779.png
Exterior 2 (G181/G183/G184);G183 1068;Right Slide Stopper - Scanner;;Ricoh_image\Ricoh G165 SPC220N PE-P1_1584365257779.png
Exterior 2 (G181/G183/G184);G183 1069;Compression Spring - Stopper;;Ricoh_image\Ricoh G165 SPC220N PE-P1_1584365257779.png
Exterior 2 (G181/G183/G184);G183 1070;Upper Supporting Plate - Cover;;Ricoh_image\Ricoh G165 SPC220N PE-P1_1584365257779.png
Exterior 2 (G181/G183/G184);G183 1075;Plate:Shaft;;Ricoh_image\Ricoh G165 SPC220N PE-P1_1584365257779.png
Exterior 2 (G181/G183/G184);G183 2555;Cable:ADF;;Ricoh_image\Ricoh G165 SPC220N PE-P1_1584365257779.png
Operation Panel (G181/G183/G184);G183 1257;Cover - Paper Exit;;Ricoh_image\Ricoh G165 SPC220N PE-P1_1584365264081.png
Operation Panel (G181/G183/G184);G181 1401;Operation Panel - NA (G181);;Ricoh_image\Ricoh G165 SPC220N PE-P1_1584365264081.png
Operation Panel (G181/G183/G184);G181 1402;Operation Panel - EU (G181);;Ricoh_image\Ricoh G165 SPC220N PE-P1_1584365264081.png
Operation Panel (G181/G183/G184);G183 1401;Operation Panel - NA (G183/G184);;Ricoh_image\Ricoh G165 SPC220N PE-P1_1584365264081.png
Operation Panel (G181/G183/G184);G183 1402;Operation Panel - EU (G183/G184);;Ricoh_image\Ricoh G165 SPC220N PE-P1_1584365264081.png
Operation Panel (G181/G183/G184);G181 1468;Operation Panel Sheet - NA (G181);;Ricoh_image\Ricoh G165 SPC220N PE-P1_1584365264081.png
Operation Panel (G181/G183/G184);G181 1470;Operation Panel Sheet - Symbol (G181);;Ricoh_image\Ricoh G165 SPC220N PE-P1_1584365264081.png
Operation Panel (G181/G183/G184);G183 1468;Operation Panel Sheet - NA (G183/G184);;Ricoh_image\Ricoh G165 SPC220N PE-P1_1584365264081.png
Operation Panel (G181/G183/G184);G183 1470;Operation Panel Sheet - EU (G183/G184);;Ricoh_image\Ricoh G165 SPC220N PE-P1_1584365264081.png
Operation Panel (G181/G183/G184);G183 1450;Cover:Operation Sub-Unit;;Ricoh_image\Ricoh G165 SPC220N PE-P1_1584365264081.png
Operation Panel (G181/G183/G184);G183 1457;Keytop - 10key;;Ricoh_image\Ricoh G165 SPC220N PE-P1_1584365264081.png
Operation Panel (G181/G183/G184);G183 1453;Key - 10key;;Ricoh_image\Ricoh G165 SPC220N PE-P1_1584365264081.png
Operation Panel (G181/G183/G184);G181 1458;Keytop:Shift;;Ricoh_image\Ricoh G165 SPC220N PE-P1_1584365264081.png
Operation Panel (G181/G183/G184);G183 1458;Keytop - Shift;;Ricoh_image\Ricoh G165 SPC220N PE-P1_1584365264081.png
Operation Panel (G181/G183/G184);G183 1454;Key - Shift;;Ricoh_image\Ricoh G165 SPC220N PE-P1_1584365264081.png
Operation Panel (G181/G183/G184);G181 1462;Keytop:Application (G181);;Ricoh_image\Ricoh G165 SPC220N PE-P1_1584365264081.png
Operation Panel (G181/G183/G184);G183 1462;Keytop - Application (G183/G184);;Ricoh_image\Ricoh G165 SPC220N PE-P1_1584365264081.png
Operation Panel (G181/G183/G184);G183 1455;Key - Application;;Ricoh_image\Ricoh G165 SPC220N PE-P1_1584365264081.png
Operation Panel (G181/G183/G184);G183 1460;Keytop - Menu;;Ricoh_image\Ricoh G165 SPC220N PE-P1_1584365264081.png
Operation Panel (G181/G183/G184);G183 1461;Keytop - Start/Stop;;Ricoh_image\Ricoh G165 SPC220N PE-P1_1584365264081.png
Operation Panel (G181/G183/G184);G183 1456;Key - Start/Stop;;Ricoh_image\Ricoh G165 SPC220N PE-P1_1584365264081.png
Operation Panel (G181/G183/G184);G183 1480;Operation Board;;Ricoh_image\Ricoh G165 SPC220N PE-P1_1584365264081.png
Operation Panel (G181/G183/G184);G183 1465;Ground Plate:Operation Sub-Unit:Right;;Ricoh_image\Ricoh G165 SPC220N PE-P1_1584365264081.png
Platen Cover (G181);G181 0080;Pressure Plate - Assy;;Ricoh_image\Ricoh G165 SPC220N PE-P1_1584365267498.png
Platen Cover (G181);G181 1721;Pressure Plate;;Ricoh_image\Ricoh G165 SPC220N PE-P1_1584365267498.png
Platen Cover (G181);B872 4513;Tape:Pressure Plate:Left;;Ricoh_image\Ricoh G165 SPC220N PE-P1_1584365267498.png
Platen Cover (G181);G183 1775;Hook:ADF;;Ricoh_image\Ricoh G165 SPC220N PE-P1_1584365267498.png
Platen Cover (G181);G181 1720;Frame - Pressure Plate;;Ricoh_image\Ricoh G165 SPC220N PE-P1_1584365267498.png
Platen Cover (G181);G181 1722;Left Hinge;;Ricoh_image\Ricoh G165 SPC220N PE-P1_1584365267498.png
Platen Cover (G181);G181 1723;Right Hinge;;Ricoh_image\Ricoh G165 SPC220N PE-P1_1584365267498.png
ADF 1 (G181/G183/G184);G183 1630;ADF:Assy;;Ricoh_image\Ricoh G165 SPC220N PE-P1_1584365273226.png
ADF 1 (G181/G183/G184);G183 1746;Extension Tray:ADF;;Ricoh_image\Ricoh G165 SPC220N PE-P1_1584365273226.png
ADF 1 (G181/G183/G184);G183 2553;Coil Spring:Gear:Slide;;Ricoh_image\Ricoh G165 SPC220N PE-P1_1584365273226.png
ADF 1 (G181/G183/G184);G183 2554;Gear:Slide;;Ricoh_image\Ricoh G165 SPC220N PE-P1_1584365273226.png
ADF 1 (G181/G183/G184);G183 1743;Base:Slider;;Ricoh_image\Ricoh G165 SPC220N PE-P1_1584365273226.png
ADF 1 (G181/G183/G184);G183 1744;Side Fence:Right;;Ricoh_image\Ricoh G165 SPC220N PE-P1_1584365273226.png
ADF 1 (G181/G183/G184);G183 1745;Side Fence:Left;;Ricoh_image\Ricoh G165 SPC220N PE-P1_1584365273226.png
ADF 1 (G181/G183/G184);G183 1742;Cover:Rear:ADF;;Ricoh_image\Ricoh G165 SPC220N PE-P1_1584365273226.png
ADF 1 (G181/G183/G184);G183 2550;Arm:Sensor;;Ricoh_image\Ricoh G165 SPC220N PE-P1_1584365273226.png
ADF 1 (G181/G183/G184);G183 2551;Coil Spring:Arm:Sensor;;Ricoh_image\Ricoh G165 SPC220N PE-P1_1584365273226.png
ADF 1 (G181/G183/G184);G183 2610;Hinge:Left:Assy;;Ricoh_image\Ricoh G165 SPC220N PE-P1_1584365273226.png
ADF 1 (G181/G183/G184);G183 2611;Hinge:Right:Assy;;Ricoh_image\Ricoh G165 SPC220N PE-P1_1584365273226.png
ADF 1 (G181/G183/G184);G183 2601;Separation Pad:ADF:Assy;;Ricoh_image\Ricoh G165 SPC220N PE-P1_1584365273226.png
ADF 1 (G181/G183/G184);G183 2608;Separation Unit:ADF:Assy;;Ricoh_image\Ricoh G165 SPC220N PE-P1_1584365273226.png
ADF 1 (G181/G183/G184);G183 2564;Cover:ADF;;Ricoh_image\Ricoh G165 SPC220N PE-P1_1584365273226.png
ADF 1 (G181/G183/G184);G183 1741;Cover:Front:ADF;;Ricoh_image\Ricoh G165 SPC220N PE-P1_1584365273226.png
ADF 1 (G181/G183/G184);G166 1268;Logo Plate - RIC (G165/G166/G167);;Ricoh_image\Ricoh G165 SPC220N PE-P1_1584365273226.png
ADF 1 (G181/G183/G184);J012 1515;Logo Plate - NSA (G165/G166/G167);;Ricoh_image\Ricoh G165 SPC220N PE-P1_1584365273226.png
ADF 1 (G181/G183/G184);J012 1516;Logo Plate - REX (G165/G166/G167);;Ricoh_image\Ricoh G165 SPC220N PE-P1_1584365273226.png
ADF 1 (G181/G183/G184);J012 1517;Logo Plate - GES (G165/G166/G167);;Ricoh_image\Ricoh G165 SPC220N PE-P1_1584365273226.png
ADF 2 (G181/G183/G184);G183 2602;Frame:Upper:Image Reading Section;;Ricoh_image\Ricoh G165 SPC220N PE-P1_1584365279188.png
ADF 2 (G181/G183/G184);G183 2598;Roller:Back Up:Feed;;Ricoh_image\Ricoh G165 SPC220N PE-P1_1584365279188.png
ADF 2 (G181/G183/G184);G183 2604;Feeler:Set Sensor;;Ricoh_image\Ricoh G165 SPC220N PE-P1_1584365279188.png
ADF 2 (G181/G183/G184);G183 2603;Coil Spring:Feeler:Set Sensor;;Ricoh_image\Ricoh G165 SPC220N PE-P1_1584365279188.png
ADF 2 (G181/G183/G184);G183 2600;Shutter:Paper;;Ricoh_image\Ricoh G165 SPC220N PE-P1_1584365279188.png
ADF 2 (G181/G183/G184);G183 2599;Coil Spring:Shutter:Paper;;Ricoh_image\Ricoh G165 SPC220N PE-P1_1584365279188.png
ADF 2 (G181/G183/G184);G183 2570;Plate:Image Reading Section;;Ricoh_image\Ricoh G165 SPC220N PE-P1_1584365279188.png
ADF 2 (G181/G183/G184);G183 2569;Coil Spring:Plate:Image Reading Section;;Ricoh_image\Ricoh G165 SPC220N PE-P1_1584365279188.png
ADF 2 (G181/G183/G184);G183 2605;Holder:Separation Unit;;Ricoh_image\Ricoh G165 SPC220N PE-P1_1584365279188.png
ADF 2 (G181/G183/G184);G183 2581;Guide:Feed:Driven;;Ricoh_image\Ricoh G165 SPC220N PE-P1_1584365279188.png
ADF 2 (G181/G183/G184);G183 2578;Arm:Pressure Release;;Ricoh_image\Ricoh G165 SPC220N PE-P1_1584365279188.png
ADF 2 (G181/G183/G184);G183 2582;Shaft:Driven Roller:Feed;;Ricoh_image\Ricoh G165 SPC220N PE-P1_1584365279188.png
ADF 2 (G181/G183/G184);G183 2579;Driven Roller:Feed;;Ricoh_image\Ricoh G165 SPC220N PE-P1_1584365279188.png
ADF 2 (G181/G183/G184);G183 2584;PCB:DIP:Feed;;Ricoh_image\Ricoh G165 SPC220N PE-P1_1584365279188.png
ADF 2 (G181/G183/G184);G183 2583;Fix Stand:Sensor:Feed;;Ricoh_image\Ricoh G165 SPC220N PE-P1_1584365279188.png
ADF 2 (G181/G183/G184);G183 2577;Feeler:Sensor:Feed;;Ricoh_image\Ricoh G165 SPC220N PE-P1_1584365279188.png
ADF 2 (G181/G183/G184);G183 2576;Coil Spring:Feed Roller:Driven;;Ricoh_image\Ricoh G165 SPC220N PE-P1_1584365279188.png
ADF 2 (G181/G183/G184);G183 2580;Stay:Feed;;Ricoh_image\Ricoh G165 SPC220N PE-P1_1584365279188.png
ADF 2 (G181/G183/G184);G183 2585;Sheet:Feeler:Feed;;Ricoh_image\Ricoh G165 SPC220N PE-P1_1584365279188.png
ADF 3 (G181/G183/G184);G183 2609;DC Stepper Motor:ADF;;Ricoh_image\Ricoh G165 SPC220N PE-P1_1584365282708.png
ADF 3 (G181/G183/G184);G183 2596;PCB:DIP:On Off Detector;;Ricoh_image\Ricoh G165 SPC220N PE-P1_1584365282708.png
ADF 3 (G181/G183/G184);G183 2594;Plate:Motor;;Ricoh_image\Ricoh G165 SPC220N PE-P1_1584365282708.png
ADF 3 (G181/G183/G184);G183 2595;Gear:Drive:40T56T;;Ricoh_image\Ricoh G165 SPC220N PE-P1_1584365282708.png
ADF 3 (G181/G183/G184);G183 2592;Gear:51T;;Ricoh_image\Ricoh G165 SPC220N PE-P1_1584365282708.png
ADF 3 (G181/G183/G184);G183 2566;Flange:Bushing:Gear;;Ricoh_image\Ricoh G165 SPC220N PE-P1_1584365282708.png
ADF 3 (G181/G183/G184);G183 2590;Gear:Middle:32T;;Ricoh_image\Ricoh G165 SPC220N PE-P1_1584365282708.png
ADF 3 (G181/G183/G184);G183 2593;Gear:Drive:39T55T;;Ricoh_image\Ricoh G165 SPC220N PE-P1_1584365282708.png
ADF 3 (G181/G183/G184);G183 2589;Gear:20T39T;;Ricoh_image\Ricoh G165 SPC220N PE-P1_1584365282708.png
ADF 3 (G181/G183/G184);G183 2591;Gear:21T37T;;Ricoh_image\Ricoh G165 SPC220N PE-P1_1584365282708.png
ADF 3 (G181/G183/G184);G183 2586;Plate:Rear;;Ricoh_image\Ricoh G165 SPC220N PE-P1_1584365282708.png
ADF 3 (G181/G183/G184);G183 2588;Gear:Exit:41T;;Ricoh_image\Ricoh G165 SPC220N PE-P1_1584365282708.png
ADF 3 (G181/G183/G184);G183 2587;Gear:Feed:44T;;Ricoh_image\Ricoh G165 SPC220N PE-P1_1584365282708.png
ADF 3 (G181/G183/G184);G183 2572;Flange:Bushing;;Ricoh_image\Ricoh G165 SPC220N PE-P1_1584365282708.png
ADF 3 (G181/G183/G184);G183 2574;Exit Roller:ADF;;Ricoh_image\Ricoh G165 SPC220N PE-P1_1584365282708.png
ADF 3 (G181/G183/G184);G183 2573;Feed Roller:ADF;;Ricoh_image\Ricoh G165 SPC220N PE-P1_1584365282708.png
ADF 3 (G181/G183/G184);G183 2571;Sheet:Guide;;Ricoh_image\Ricoh G165 SPC220N PE-P1_1584365282708.png
ADF 3 (G181/G183/G184);G183 2567;Frame:Lower:Image Reading Section;;Ricoh_image\Ricoh G165 SPC220N PE-P1_1584365282708.png
ADF 3 (G181/G183/G184);G183 2607;Discharge Brush:Exit;;Ricoh_image\Ricoh G165 SPC220N PE-P1_1584365282708.png
ADF 3 (G181/G183/G184);G183 2606;Sheet:Stopper:Exit;;Ricoh_image\Ricoh G165 SPC220N PE-P1_1584365282708.png
ADF 3 (G181/G183/G184);G183 2552;Sheet:ADF:KILO;;Ricoh_image\Ricoh G165 SPC220N PE-P1_1584365282708.png
ADF 3 (G181/G183/G184);G183 2568;PCB:DIP:Set Sensor;;Ricoh_image\Ricoh G165 SPC220N PE-P1_1584365282708.png
ADF 4 (G181/G183/G184);G183 2562;Cover:Exit;;Ricoh_image\Ricoh G165 SPC220N PE-P1_1584365288673.png
ADF 4 (G181/G183/G184);G183 2558;Paddle:Roller:Exit;;Ricoh_image\Ricoh G165 SPC220N PE-P1_1584365288673.png
ADF 4 (G181/G183/G184);G183 2559;Driven Roller:Exit;;Ricoh_image\Ricoh G165 SPC220N PE-P1_1584365288673.png
ADF 4 (G181/G183/G184);G183 2560;Shaft:Driven Roller:Exit;;Ricoh_image\Ricoh G165 SPC220N PE-P1_1584365288673.png
ADF 4 (G181/G183/G184);G183 2561;Coil Spring:Exit;;Ricoh_image\Ricoh G165 SPC220N PE-P1_1584365288673.png
ADF 4 (G181/G183/G184);G183 2555;Cable:ADF;;Ricoh_image\Ricoh G165 SPC220N PE-P1_1584365288673.png
ADF 4 (G181/G183/G184);G183 2563;PCB:DIP:ADF;;Ricoh_image\Ricoh G165 SPC220N PE-P1_1584365288673.png
ADF 4 (G181/G183/G184);G183 2552;Sheet:ADF:KILO;;Ricoh_image\Ricoh G165 SPC220N PE-P1_1584365288673.png
ADF 4 (G181/G183/G184);G183 1740;Frame:ADF;;Ricoh_image\Ricoh G165 SPC220N PE-P1_1584365288673.png
ADF 4 (G181/G183/G184);G183 1747;Paper Stopper:ADF;;Ricoh_image\Ricoh G165 SPC220N PE-P1_1584365288673.png
ADF 4 (G181/G183/G184);G183 2565;Sheet:Pressure Plate;;Ricoh_image\Ricoh G165 SPC220N PE-P1_1584365288673.png
ADF 4 (G181/G183/G184);G183 1775;Hook:ADF;;Ricoh_image\Ricoh G165 SPC220N PE-P1_1584365288673.png
Scanner Section (G181/G183/G184);G183 1600;Scanner:Assy;;Ricoh_image\Ricoh G165 SPC220N PE-P1_1584365292759.png
Scanner Section (G181/G183/G184);G183 1757;Case:Scanner:Upper:Assy;;Ricoh_image\Ricoh G165 SPC220N PE-P1_1584365292759.png
Scanner Section (G181/G183/G184);G183 1780;Lever:Lock:Cover:Upper;;Ricoh_image\Ricoh G165 SPC220N PE-P1_1584365292759.png
Scanner Section (G181/G183/G184);G183 1781;Torsion Spring:Lever:Lock:Cover:Upper;;Ricoh_image\Ricoh G165 SPC220N PE-P1_1584365292759.png
Scanner Section (G181/G183/G184);G183 1763;CCD:Module:Assy;;Ricoh_image\Ricoh G165 SPC220N PE-P1_1584365292759.png
Scanner Section (G181/G183/G184);G183 1760;Bracket:Hook:Platen:Peen;;Ricoh_image\Ricoh G165 SPC220N PE-P1_1584365292759.png
Scanner Section (G181/G183/G184);G183 1759;Invertor:Carriage;;Ricoh_image\Ricoh G165 SPC220N PE-P1_1584365292759.png
Scanner Section (G181/G183/G184);G183 1754;Flat Cable:Carriage;;Ricoh_image\Ricoh G165 SPC220N PE-P1_1584365292759.png
Scanner Section (G181/G183/G184);G183 1758;Core:EMI:Carriage;;Ricoh_image\Ricoh G165 SPC220N PE-P1_1584365292759.png
Scanner Section (G181/G183/G184);G183 1762;Fluorescent Tube:Carriage;;Ricoh_image\Ricoh G165 SPC220N PE-P1_1584365292759.png
Scanner Section (G181/G183/G184);G183 1761;Cover:Carriage:Upper;;Ricoh_image\Ricoh G165 SPC220N PE-P1_1584365292759.png
Scanner Section (G181/G183/G184);G183 1824;Guide Rod:Scanner;;Ricoh_image\Ricoh G165 SPC220N PE-P1_1584365292759.png
Scanner Section (G181/G183/G184);G183 1826;Cover:Scanner:Front;;Ricoh_image\Ricoh G165 SPC220N PE-P1_1584365292759.png
Scanner Section (G181/G183/G184);G183 1821;Case:Scanner:Lower;;Ricoh_image\Ricoh G165 SPC220N PE-P1_1584365292759.png
Scanner Section (G181/G183/G184);G166 2571;Sheet - Cassette;;Ricoh_image\Ricoh G165 SPC220N PE-P1_1584365292759.png
Scanner Section (G181/G183/G184);G183 1751;Slide Rail:Carrtage;;Ricoh_image\Ricoh G165 SPC220N PE-P1_1584365292759.png
Scanner Section (G181/G183/G184);G183 1782;Plate:Cover:Upper;;Ricoh_image\Ricoh G165 SPC220N PE-P1_1584365292759.png
Scanner Section (G181/G183/G184);G183 1783;Torsion Spring:Lock:Cover:Upper;;Ricoh_image\Ricoh G165 SPC220N PE-P1_1584365292759.png
Scanner Section (G181/G183/G184);G183 1774;Lever:Hook:Platen;;Ricoh_image\Ricoh G165 SPC220N PE-P1_1584365292759.png
Scanner Section (G181/G183/G184);G183 1827;Ground Plate:Scanner:Left;;Ricoh_image\Ricoh G165 SPC220N PE-P1_1584365292759.png
Scanner Section (G181/G183/G184);G183 1750;Plate:Guide Rod:Scanner;;Ricoh_image\Ricoh G165 SPC220N PE-P1_1584365292759.png
Scanner Section (G181/G183/G184);G183 1825;Plate:Stud:Idler;;Ricoh_image\Ricoh G165 SPC220N PE-P1_1584365292759.png
Scanner Section (G181/G183/G184);G183 1753;Pulley:Carriage:Assy;;Ricoh_image\Ricoh G165 SPC220N PE-P1_1584365292759.png
Scanner Section (G181/G183/G184);G183 1773;Tension Spring:Hook:Platen;;Ricoh_image\Ricoh G165 SPC220N PE-P1_1584365292759.png
Scanner Section (G181/G183/G184);G183 1772;Hook:Platen;;Ricoh_image\Ricoh G165 SPC220N PE-P1_1584365292759.png
Scanner Section (G181/G183/G184);G183 1760;Bracket:Hook:Platen:Peen;;Ricoh_image\Ricoh G165 SPC220N PE-P1_1584365292759.png
Scanner Section (G181/G183/G184);G183 1756;Coil Spring:Pulley:Carriage;;Ricoh_image\Ricoh G165 SPC220N PE-P1_1584365292759.png
Scanner Section (G181/G183/G184);G183 1752;Gear:Scanner:Assy;;Ricoh_image\Ricoh G165 SPC220N PE-P1_1584365292759.png
Scanner Section (G181/G183/G184);G183 1755;Wire:Ground Wire:Plate:Motor;;Ricoh_image\Ricoh G165 SPC220N PE-P1_1584365292759.png
Electrical Section 1 (G181/G183/G184);G183 5831;Cover - Control Board (G181/G183);;Ricoh_image\Ricoh G165 SPC220N PE-P1_1584365299038.png
Electrical Section 1 (G181/G183/G184);G183 5821;Cover:Control Board:C (G184);;Ricoh_image\Ricoh G165 SPC220N PE-P1_1584365299038.png
Electrical Section 1 (G181/G183/G184);G183 5822;Stopper:Memory;;Ricoh_image\Ricoh G165 SPC220N PE-P1_1584365299038.png
Electrical Section 1 (G181/G183/G184);G166 5712;Memory Cover;;Ricoh_image\Ricoh G165 SPC220N PE-P1_1584365299038.png
Electrical Section 1 (G181/G183/G184);G166 5713;Screw;;Ricoh_image\Ricoh G165 SPC220N PE-P1_1584365299038.png
Electrical Section 1 (G181/G183/G184);G183 5300;Speaker - DIA50;;Ricoh_image\Ricoh G165 SPC220N PE-P1_1584365299038.png
Electrical Section 1 (G181/G183/G184);G183 5826;Bracket - Speaker;;Ricoh_image\Ricoh G165 SPC220N PE-P1_1584365299038.png
Electrical Section 1 (G181/G183/G184);G183 5662;PCB:PDL:Assy;;Ricoh_image\Ricoh G165 SPC220N PE-P1_1584365299038.png
Electrical Section 1 (G181/G183/G184);G891 5690;DDR-DIMM - 256MB;;Ricoh_image\Ricoh G165 SPC220N PE-P1_1584365299038.png
Electrical Section 1 (G181/G183/G184);G183 5650;PCB:Main:Assy;;Ricoh_image\Ricoh G165 SPC220N PE-P1_1584365299038.png
Electrical Section 1 (G181/G183/G184);G183 5820;Bracket - Control Board;;Ricoh_image\Ricoh G165 SPC220N PE-P1_1584365299038.png
Electrical Section 1 (G181/G183/G184);G183 5121;Engine Board (G181);;Ricoh_image\Ricoh G165 SPC220N PE-P1_1584365299038.png
Electrical Section 1 (G181/G183/G184);G183 5126;Engine Board (G183/G184);;Ricoh_image\Ricoh G165 SPC220N PE-P1_1584365299038.png
Electrical Section 1 (G181/G183/G184);G183 5824;Case - Core;;Ricoh_image\Ricoh G165 SPC220N PE-P1_1584365299038.png
Electrical Section 1 (G181/G183/G184);G183 5673;PCB:Fax:NA:Assy;;Ricoh_image\Ricoh G165 SPC220N PE-P1_1584365299038.png
Electrical Section 1 (G181/G183/G184);G183 5675;PCB:Fax:EU:Assy;;Ricoh_image\Ricoh G165 SPC220N PE-P1_1584365299038.png
Electrical Section 1 (G181/G183/G184);G183 5833;Bracket - Interface (G181);;Ricoh_image\Ricoh G165 SPC220N PE-P1_1584365299038.png
Electrical Section 1 (G181/G183/G184);G183 5823;Bracket - Interface (G183/G184);;Ricoh_image\Ricoh G165 SPC220N PE-P1_1584365299038.png
Electrical Section 1 (G181/G183/G184);G166 5444;Harness - EGB-PSU;;Ricoh_image\Ricoh G165 SPC220N PE-P1_1584365299038.png
Electrical Section 1 (G181/G183/G184);G166 5433;Harness - Sensor/Motor/TH;;Ricoh_image\Ricoh G165 SPC220N PE-P1_1584365299038.png
Electrical Section 1 (G181/G183/G184);G166 5414;Harness - EGB-HVP;;Ricoh_image\Ricoh G165 SPC220N PE-P1_1584365299038.png
Electrical Section 1 (G181/G183/G184);G166 5412;Harness - EGB-PSU;;Ricoh_image\Ricoh G165 SPC220N PE-P1_1584365299038.png
Electrical Section 1 (G181/G183/G184);G183 5520;Harness - EGB-Duplex Motor;;Ricoh_image\Ricoh G165 SPC220N PE-P1_1584365299038.png
Electrical Section 1 (G181/G183/G184);G166 5431;Harness - Motor/Clutch;;Ricoh_image\Ricoh G165 SPC220N PE-P1_1584365299038.png
Electrical Section 1 (G181/G183/G184);G166 5440;Harness - EGB-Motor;;Ricoh_image\Ricoh G165 SPC220N PE-P1_1584365299038.png
Electrical Section 1 (G181/G183/G184);G166 5454;Harness - EGB-Fan;;Ricoh_image\Ricoh G165 SPC220N PE-P1_1584365299038.png
Electrical Section 1 (G181/G183/G184);G183 5550;Interface Harness - Scanner;;Ricoh_image\Ricoh G165 SPC220N PE-P1_1584365299038.png
Electrical Section 1 (G181/G183/G184);G183 5551;Interface Harness;;Ricoh_image\Ricoh G165 SPC220N PE-P1_1584365299038.png
Electrical Section 2 (G181/G183/G184);G166 1110;Harness Guide;;Ricoh_image\Ricoh G165 SPC220N PE-P1_1584365304190.png
Electrical Section 2 (G181/G183/G184);GZ23 0035;Power Supply Unit - 115V;;Ricoh_image\Ricoh G165 SPC220N PE-P1_1584365304190.png
Electrical Section 2 (G181/G183/G184);GZ23 0034;Power Supply Unit - 230V;;Ricoh_image\Ricoh G165 SPC220N PE-P1_1584365304190.png
Electrical Section 2 (G181/G183/G184);GZ23 0037;Power Supply Unit:CHN;;Ricoh_image\Ricoh G165 SPC220N PE-P1_1584365304190.png
Electrical Section 2 (G181/G183/G184);G166 5426;Harness - PSU-Safety;;Ricoh_image\Ricoh G165 SPC220N PE-P1_1584365304190.png
Electrical Section 2 (G181/G183/G184);G166 5444;Harness - EGB-PSU;;Ricoh_image\Ricoh G165 SPC220N PE-P1_1584365304190.png
Electrical Section 2 (G181/G183/G184);G166 5700;Bracket - Power Supply Unit;;Ricoh_image\Ricoh G165 SPC220N PE-P1_1584365304190.png
Electrical Section 2 (G181/G183/G184);G166 5701;Harness Cover - Power Supply Unit;;Ricoh_image\Ricoh G165 SPC220N PE-P1_1584365304190.png
Electrical Section 2 (G181/G183/G184);G166 5715;Bracket - Main Switch;;Ricoh_image\Ricoh G165 SPC220N PE-P1_1584365304190.png
Electrical Section 2 (G181/G183/G184);G166 5425;Harness - Power Supply Unit;;Ricoh_image\Ricoh G165 SPC220N PE-P1_1584365304190.png
Electrical Section 2 (G181/G183/G184);AA14 3592;Screw- M4x6;;Ricoh_image\Ricoh G165 SPC220N PE-P1_1584365304190.png
Electrical Section 2 (G181/G183/G184);G166 5452;AC Harness;;Ricoh_image\Ricoh G165 SPC220N PE-P1_1584365304190.png
Electrical Section 2 (G181/G183/G184);GZ30 0001;Power Pack;;Ricoh_image\Ricoh G165 SPC220N PE-P1_1584365304190.png
Electrical Section 2 (G181/G183/G184);G166 5708;2nd Terminal - Transfer;;Ricoh_image\Ricoh G165 SPC220N PE-P1_1584365304190.png
Electrical Section 2 (G181/G183/G184);G166 5738;1st Terminal - Transfer;;Ricoh_image\Ricoh G165 SPC220N PE-P1_1584365304190.png
Electrical Section 2 (G181/G183/G184);G166 5414;Harness - EGB-HVP;;Ricoh_image\Ricoh G165 SPC220N PE-P1_1584365304190.png
Electrical Section 2 (G181/G183/G184);G166 5739;Terminal - AIO;;Ricoh_image\Ricoh G165 SPC220N PE-P1_1584365304190.png
Electrical Section 2 (G181/G183/G184);G166 5731;Therminal Holder;;Ricoh_image\Ricoh G165 SPC220N PE-P1_1584365304190.png
Electrical Section 2 (G181/G183/G184);AW14 0015;Temperature & Humidity Sensor;;Ricoh_image\Ricoh G165 SPC220N PE-P1_1584365304190.png
