Exterior 1;AA00 1477;Decal:Energy-Star;;Ricoh_image\Ricoh D085 MP3351 RC5.5_1584353955170.png
Exterior 1;G020 1332;Hinge - Front Cover;;Ricoh_image\Ricoh D085 MP3351 RC5.5_1584353955170.png
Exterior 1;B090 1264;Magnet Catch:Door:Front;;Ricoh_image\Ricoh D085 MP3351 RC5.5_1584353955170.png
Exterior 1;D017 8600;Model Name Plate:RIC:2550B;;Ricoh_image\Ricoh D085 MP3351 RC5.5_1584353955170.png
Exterior 1;D017 8601;Model Name Plate:SVN:9025B;;Ricoh_image\Ricoh D085 MP3351 RC5.5_1584353955170.png
Exterior 1;D017 8602;Model Name Plate:LAN:LD425B;;Ricoh_image\Ricoh D085 MP3351 RC5.5_1584353955170.png
Exterior 1;D017 8603;Model Name Plate:LAN:2550B;;Ricoh_image\Ricoh D085 MP3351 RC5.5_1584353955170.png
Exterior 1;D017 8604;Model Name Plate:NSA:2550B;;Ricoh_image\Ricoh D085 MP3351 RC5.5_1584353955170.png
Exterior 1;D017 8605;Model Name Plate:REX:2550B;;Ricoh_image\Ricoh D085 MP3351 RC5.5_1584353955170.png
Exterior 1;D017 8606;Model Name Plate:GES:2550B:EU;;Ricoh_image\Ricoh D085 MP3351 RC5.5_1584353955170.png
Exterior 1;D017 8607;Model Name Plate:GES:2550B;;Ricoh_image\Ricoh D085 MP3351 RC5.5_1584353955170.png
Exterior 1;D017 8608;Model Name Plate:INF:2550B;;Ricoh_image\Ricoh D085 MP3351 RC5.5_1584353955170.png
Exterior 1;D017 8609;Model Name Plate:RIC:2591;;Ricoh_image\Ricoh D085 MP3351 RC5.5_1584353955170.png
Exterior 1;D017 8610;Model Name Plate:GES:2591;;Ricoh_image\Ricoh D085 MP3351 RC5.5_1584353955170.png
Exterior 1;D018 8600;Model Name Plate:RIC:2550;;Ricoh_image\Ricoh D085 MP3351 RC5.5_1584353955170.png
Exterior 1;D018 8601;Model Name Plate:SVN:9025;;Ricoh_image\Ricoh D085 MP3351 RC5.5_1584353955170.png
Exterior 1;D018 8602;Model Name Plate:LAN:LD425;;Ricoh_image\Ricoh D085 MP3351 RC5.5_1584353955170.png
Exterior 1;D018 8603;Model Name Plate:LAN:2550;;Ricoh_image\Ricoh D085 MP3351 RC5.5_1584353955170.png
Exterior 1;D018 8604;Model Name Plate:NSA:2550;;Ricoh_image\Ricoh D085 MP3351 RC5.5_1584353955170.png
Exterior 1;D018 8605;Model Name Plate:REX:2550;;Ricoh_image\Ricoh D085 MP3351 RC5.5_1584353955170.png
Exterior 1;D018 8606;Model Name Plate:GES:2550:EU;;Ricoh_image\Ricoh D085 MP3351 RC5.5_1584353955170.png
Exterior 1;D018 8607;Model Name Plate:GES:2550;;Ricoh_image\Ricoh D085 MP3351 RC5.5_1584353955170.png
Exterior 1;D018 8608;Model Name Plate:INF:2550;;Ricoh_image\Ricoh D085 MP3351 RC5.5_1584353955170.png
Exterior 1;D019 8600;Model Name Plate:RIC:3350B;;Ricoh_image\Ricoh D085 MP3351 RC5.5_1584353955170.png
Exterior 1;D019 8601;Model Name Plate:SVN:9033B;;Ricoh_image\Ricoh D085 MP3351 RC5.5_1584353955170.png
Exterior 1;D019 8602;Model Name Plate:LAN:LD433B;;Ricoh_image\Ricoh D085 MP3351 RC5.5_1584353955170.png
Exterior 1;D019 8603;Model Name Plate:LAN:3350B;;Ricoh_image\Ricoh D085 MP3351 RC5.5_1584353955170.png
Exterior 1;D019 8604;Model Name Plate:NSA:3350B;;Ricoh_image\Ricoh D085 MP3351 RC5.5_1584353955170.png
Exterior 1;D019 8605;Model Name Plate:REX:3350B;;Ricoh_image\Ricoh D085 MP3351 RC5.5_1584353955170.png
Exterior 1;D019 8606;Model Name Plate:GES:3350B:EU;;Ricoh_image\Ricoh D085 MP3351 RC5.5_1584353955170.png
Exterior 1;D019 8607;Model Name Plate:GES:3350B;;Ricoh_image\Ricoh D085 MP3351 RC5.5_1584353955170.png
Exterior 1;D019 8608;Model Name Plate:INF:3350B;;Ricoh_image\Ricoh D085 MP3351 RC5.5_1584353955170.png
Exterior 1;D019 8609;Model Name Plate:RIC:3391;;Ricoh_image\Ricoh D085 MP3351 RC5.5_1584353955170.png
Exterior 1;D019 8610;Model Name Plate:GES:3391;;Ricoh_image\Ricoh D085 MP3351 RC5.5_1584353955170.png
Exterior 1;D020 8600;Model Name Plate:RIC:3350;;Ricoh_image\Ricoh D085 MP3351 RC5.5_1584353955170.png
Exterior 1;D020 8601;Model Name Plate:SVN:9033;;Ricoh_image\Ricoh D085 MP3351 RC5.5_1584353955170.png
Exterior 1;D020 8602;Model Name Plate:LAN:LD433;;Ricoh_image\Ricoh D085 MP3351 RC5.5_1584353955170.png
Exterior 1;D020 8603;Model Name Plate:LAN:3350;;Ricoh_image\Ricoh D085 MP3351 RC5.5_1584353955170.png
Exterior 1;D020 8604;Model Name Plate:NSA:3350;;Ricoh_image\Ricoh D085 MP3351 RC5.5_1584353955170.png
Exterior 1;D020 8605;Model Name Plate:REX:3350;;Ricoh_image\Ricoh D085 MP3351 RC5.5_1584353955170.png
Exterior 1;D020 8606;Model Name Plate:GES:3350:EU;;Ricoh_image\Ricoh D085 MP3351 RC5.5_1584353955170.png
Exterior 1;D020 8607;Model Name Plate:GES:3350;;Ricoh_image\Ricoh D085 MP3351 RC5.5_1584353955170.png
Exterior 1;D020 8608;Model Name Plate:INF:3350;;Ricoh_image\Ricoh D085 MP3351 RC5.5_1584353955170.png
Exterior 1;D084 8600;Sheet:EMBLEM:28:RIC (D084);;Ricoh_image\Ricoh D085 MP3351 RC5.5_1584353955170.png
Exterior 1;D084 8604;Sheet:EMBLEM:28:NAS (D084);;Ricoh_image\Ricoh D085 MP3351 RC5.5_1584353955170.png
Exterior 1;D084 8605;Sheet:EMBLEM:28:REX (D084);;Ricoh_image\Ricoh D085 MP3351 RC5.5_1584353955170.png
Exterior 1;D084 8606;Sheet:EMBLEM:28:GES:EU (D084);;Ricoh_image\Ricoh D085 MP3351 RC5.5_1584353955170.png
Exterior 1;D084 8607;Sheet:EMBLEM:28:GES:NA (D084);;Ricoh_image\Ricoh D085 MP3351 RC5.5_1584353955170.png
Exterior 1;D084 8608;Sheet:EMBLEM:28:INF (D084);;Ricoh_image\Ricoh D085 MP3351 RC5.5_1584353955170.png
Exterior 1;D085 8600;Sheet:EMBLEM:33:RIC (D085);;Ricoh_image\Ricoh D085 MP3351 RC5.5_1584353955170.png
Exterior 1;D085 8604;Sheet:EMBLEM:33:NAS (D085);;Ricoh_image\Ricoh D085 MP3351 RC5.5_1584353955170.png
Exterior 1;D085 8605;Sheet:EMBLEM:33:REX (D085);;Ricoh_image\Ricoh D085 MP3351 RC5.5_1584353955170.png
Exterior 1;D085 8606;Sheet:EMBLEM:33:GES:EU (D085);;Ricoh_image\Ricoh D085 MP3351 RC5.5_1584353955170.png
Exterior 1;D085 8607;Sheet:EMBLEM:33:GES:NA (D085);;Ricoh_image\Ricoh D085 MP3351 RC5.5_1584353955170.png
Exterior 1;D085 8608;Sheet:EMBLEM:33:INF (D085);;Ricoh_image\Ricoh D085 MP3351 RC5.5_1584353955170.png
Exterior 1;B090 1302;Cover:Main Switch;;Ricoh_image\Ricoh D085 MP3351 RC5.5_1584353955170.png
Exterior 1;D019 1261;Front Door - NA;;Ricoh_image\Ricoh D085 MP3351 RC5.5_1584353955170.png
Exterior 1;D019 1266;Front Door - EU;;Ricoh_image\Ricoh D085 MP3351 RC5.5_1584353955170.png
Exterior 1;A267 1342;Shield Duct;;Ricoh_image\Ricoh D085 MP3351 RC5.5_1584353955170.png
Exterior 1;D019 1349;End Fence - Paper;;Ricoh_image\Ricoh D085 MP3351 RC5.5_1584353955170.png
Exterior 1;D019 1348;Support Tray - Paper Exit;;Ricoh_image\Ricoh D085 MP3351 RC5.5_1584353955170.png
Exterior 1;D019 1343;Exit Cover;;Ricoh_image\Ricoh D085 MP3351 RC5.5_1584353955170.png
Exterior 1;D019 1361;Exit Cover EU;;Ricoh_image\Ricoh D085 MP3351 RC5.5_1584353955170.png
Exterior 1;B132 1531;Panel:Logo;;Ricoh_image\Ricoh D085 MP3351 RC5.5_1584353955170.png
Exterior 1;B132 1573;Decal - Power Source:Off;;Ricoh_image\Ricoh D085 MP3351 RC5.5_1584353955170.png
Exterior 1;B132 1572;Decal:Power Source:Off:DOM;;Ricoh_image\Ricoh D085 MP3351 RC5.5_1584353955170.png
Exterior 1;AG07 0504;Magnet Catch:44.1N;;Ricoh_image\Ricoh D085 MP3351 RC5.5_1584353955170.png
Exterior 1;D019 1330;Front Cover;;Ricoh_image\Ricoh D085 MP3351 RC5.5_1584353955170.png
Exterior 1;D019 1268;Sheet:Operation Instructions;;Ricoh_image\Ricoh D085 MP3351 RC5.5_1584353955170.png
Exterior 1;B090 1265;Cover:Shield Glass:C;;Ricoh_image\Ricoh D085 MP3351 RC5.5_1584353955170.png
Exterior 1;D019 1308;Upper Cover - Paper Exit NA;;Ricoh_image\Ricoh D085 MP3351 RC5.5_1584353955170.png
Exterior 1;D019 1328;Upper Exit Cover - EU;;Ricoh_image\Ricoh D085 MP3351 RC5.5_1584353955170.png
Exterior 1;A267 1325;Cap - LED;;Ricoh_image\Ricoh D085 MP3351 RC5.5_1584353955170.png
Exterior 1;D019 1326;Front Cover - Right Upper NA;;Ricoh_image\Ricoh D085 MP3351 RC5.5_1584353955170.png
Exterior 1;D019 1329;Front Cover - Right Upper EU;;Ricoh_image\Ricoh D085 MP3351 RC5.5_1584353955170.png
Exterior 1;B205 0151;PCU Unit;;Ricoh_image\Ricoh D085 MP3351 RC5.5_1584353955170.png
Exterior 1;D019 1099;Guide Plate:Scanner:Packing;;Ricoh_image\Ricoh D085 MP3351 RC5.5_1584353955170.png
Exterior 1;B065 1371;Cloth Holder;;Ricoh_image\Ricoh D085 MP3351 RC5.5_1584353955170.png
Exterior 1;B065 1374;Cloth - DF Exposure Glass;;Ricoh_image\Ricoh D085 MP3351 RC5.5_1584353955170.png
Exterior 1;B238 2524;Decal - Paper Size;;Ricoh_image\Ricoh D085 MP3351 RC5.5_1584353955170.png
Exterior 1;D376 7901;Seal:Caution:18Languages (D084/D085);;Ricoh_image\Ricoh D085 MP3351 RC5.5_1584353955170.png
Exterior 1;D376 7905;Sheet:EULA:18Languages:CHN (D084/D085);;Ricoh_image\Ricoh D085 MP3351 RC5.5_1584353955170.png
Exterior 1;D019 1321;Cover:Front:Right Upper:NA;;Ricoh_image\Ricoh D085 MP3351 RC5.5_1584353955170.png
Exterior 1;D019 1322;Front Cover - Right Upper EU;;Ricoh_image\Ricoh D085 MP3351 RC5.5_1584353955170.png
Exterior 1;0450 3008N;Tapping Screw - M3x8;;Ricoh_image\Ricoh D085 MP3351 RC5.5_1584353955170.png
Exterior 1;0451 3008N;Tapping Screw - M3x8;;Ricoh_image\Ricoh D085 MP3351 RC5.5_1584353955170.png
Exterior 1;0450 3010N;Tapping Screw - M3x10;;Ricoh_image\Ricoh D085 MP3351 RC5.5_1584353955170.png
Exterior 1;0434 0082N;Tapping Screw - M4x8;;Ricoh_image\Ricoh D085 MP3351 RC5.5_1584353955170.png
Exterior 2;D019 1283;Left Upper Cover - NA;;Ricoh_image\Ricoh D085 MP3351 RC5.5_1584353960020.png
Exterior 2;D019 1357;Left Upper Cover - EU;;Ricoh_image\Ricoh D085 MP3351 RC5.5_1584353960020.png
Exterior 2;D019 1285;Left Rear - NA;;Ricoh_image\Ricoh D085 MP3351 RC5.5_1584353960020.png
Exterior 2;D019 1359;Left Rear Cover - EU;;Ricoh_image\Ricoh D085 MP3351 RC5.5_1584353960020.png
Exterior 2;D019 1282;Cover:Left Rear:MONO;;Ricoh_image\Ricoh D085 MP3351 RC5.5_1584353960020.png
Exterior 2;D019 1379;Cover:Left Rear:EU:Color;;Ricoh_image\Ricoh D085 MP3351 RC5.5_1584353960020.png
Exterior 2;D019 1284;Left Cover - NA;;Ricoh_image\Ricoh D085 MP3351 RC5.5_1584353960020.png
Exterior 2;D019 1358;Left Cover - EU;;Ricoh_image\Ricoh D085 MP3351 RC5.5_1584353960020.png
Exterior 2;D019 1307;Rear Cover - Paper Exit NA;;Ricoh_image\Ricoh D085 MP3351 RC5.5_1584353960020.png
Exterior 2;D019 1327;Rear Exit Cover - EU;;Ricoh_image\Ricoh D085 MP3351 RC5.5_1584353960020.png
Exterior 2;D019 1346;Lower Cover - Paper Exit;;Ricoh_image\Ricoh D085 MP3351 RC5.5_1584353960020.png
Exterior 2;D019 1347;Lower Exit Cover - EU;;Ricoh_image\Ricoh D085 MP3351 RC5.5_1584353960020.png
Exterior 2;D019 1279;Right Front Cover - NA;;Ricoh_image\Ricoh D085 MP3351 RC5.5_1584353960020.png
Exterior 2;D019 1356;Right Front Cover - EU;;Ricoh_image\Ricoh D085 MP3351 RC5.5_1584353960020.png
Exterior 2;D019 1278;Right Rear Cover - NA;;Ricoh_image\Ricoh D085 MP3351 RC5.5_1584353960020.png
Exterior 2;D019 1355;Right Rear Cover - EU;;Ricoh_image\Ricoh D085 MP3351 RC5.5_1584353960020.png
Exterior 2;D019 1371;Connector Cap - Vertical Transport;;Ricoh_image\Ricoh D085 MP3351 RC5.5_1584353960020.png
Exterior 2;D019 1277;Right Cover - NA;;Ricoh_image\Ricoh D085 MP3351 RC5.5_1584353960020.png
Exterior 2;D019 1354;Right Cover - EU;;Ricoh_image\Ricoh D085 MP3351 RC5.5_1584353960020.png
Exterior 2;B090 1375;Cap:Heater:Dehumidifier;;Ricoh_image\Ricoh D085 MP3351 RC5.5_1584353960020.png
Exterior 2;B039 1367;Rivet - M6;;Ricoh_image\Ricoh D085 MP3351 RC5.5_1584353960020.png
Exterior 2;D019 1296;Right Rear Cover;;Ricoh_image\Ricoh D085 MP3351 RC5.5_1584353960020.png
Exterior 2;D019 1393;Right Rear Cover - Lower EU;;Ricoh_image\Ricoh D085 MP3351 RC5.5_1584353960020.png
Exterior 2;D019 1365;CAP:38x77;;Ricoh_image\Ricoh D085 MP3351 RC5.5_1584353960020.png
Exterior 2;B024 1365;O/O (200906 PCIL);;Ricoh_image\Ricoh D085 MP3351 RC5.5_1584353960020.png
Exterior 2;D019 1294;Rear Cover;;Ricoh_image\Ricoh D085 MP3351 RC5.5_1584353960020.png
Exterior 2;D019 1390;Rear Cover - EU;;Ricoh_image\Ricoh D085 MP3351 RC5.5_1584353960020.png
Exterior 2;D019 1376;Cap - Paper Feed Table NA;;Ricoh_image\Ricoh D085 MP3351 RC5.5_1584353960020.png
Exterior 2;D019 1378;Cap - Paper Feed Table EU;;Ricoh_image\Ricoh D085 MP3351 RC5.5_1584353960020.png
Exterior 2;D019 1254;Left Scanner Cover - NA;;Ricoh_image\Ricoh D085 MP3351 RC5.5_1584353960020.png
Exterior 2;D019 1350;Left Scanner Cover - EU;;Ricoh_image\Ricoh D085 MP3351 RC5.5_1584353960020.png
Exterior 2;D019 1257;Cover:Scanner:Front Upper:NA;;Ricoh_image\Ricoh D085 MP3351 RC5.5_1584353960020.png
Exterior 2;D019 1353;Front Scanner Cover - EU;;Ricoh_image\Ricoh D085 MP3351 RC5.5_1584353960020.png
Exterior 2;D019 1256;Upper Scanner Cover - Front NA;;Ricoh_image\Ricoh D085 MP3351 RC5.5_1584353960020.png
Exterior 2;D019 1352;Right Scanner Cover - EU;;Ricoh_image\Ricoh D085 MP3351 RC5.5_1584353960020.png
Exterior 2;D019 1255;Upper Scanner Cover - Rear NA;;Ricoh_image\Ricoh D085 MP3351 RC5.5_1584353960020.png
Exterior 2;D019 1351;Rear Scanner Cover - EU;;Ricoh_image\Ricoh D085 MP3351 RC5.5_1584353960020.png
Exterior 2;B237 1367;Scanner Cover - Rear EU;;Ricoh_image\Ricoh D085 MP3351 RC5.5_1584353960020.png
Exterior 2;D019 1296;Cover:Paper Feed Sub-Unit:Rear Added MB16;;Ricoh_image\Ricoh D085 MP3351 RC5.5_1584353960020.png
Exterior 2;D019 1393;Cover:Paper Feed Sub-Unit:Rear:EU Added MB16;;Ricoh_image\Ricoh D085 MP3351 RC5.5_1584353960020.png
Exterior 2;D019 1295;Right Rear Cover - Lower Only NA;;Ricoh_image\Ricoh D085 MP3351 RC5.5_1584353960020.png
Exterior 2;D019 1391;Right Rear Cover - Lower Only EU;;Ricoh_image\Ricoh D085 MP3351 RC5.5_1584353960020.png
Exterior 2;D019 1077;Bracket:Scanning:Rear Left;;Ricoh_image\Ricoh D085 MP3351 RC5.5_1584353960020.png
Exterior 2;D019 1087;Bracket:Scanning:Front Left;;Ricoh_image\Ricoh D085 MP3351 RC5.5_1584353960020.png
Exterior 2;D019 1095;Bracket:Scanning:Front Right;;Ricoh_image\Ricoh D085 MP3351 RC5.5_1584353960020.png
Exterior 2;D019 1098;Bracket:Scanning:Rear Right;;Ricoh_image\Ricoh D085 MP3351 RC5.5_1584353960020.png
Exterior 2;0451 3008N;Tapping Screw - M3x8;;Ricoh_image\Ricoh D085 MP3351 RC5.5_1584353960020.png
Exterior 2;0353 0050N;Screw-M3x5;;Ricoh_image\Ricoh D085 MP3351 RC5.5_1584353960020.png
Exterior 2;0450 3010N;Tapping Screw - M3x10;;Ricoh_image\Ricoh D085 MP3351 RC5.5_1584353960020.png
Operation Panel;D019 1411;Operation Panel - NA;;Ricoh_image\Ricoh D085 MP3351 RC5.5_1584353963010.png
Operation Panel;D019 1412;Operation Panel - EU;;Ricoh_image\Ricoh D085 MP3351 RC5.5_1584353963010.png
Operation Panel;D019 1413;Operation Panel - TWN/AA;;Ricoh_image\Ricoh D085 MP3351 RC5.5_1584353963010.png
Operation Panel;B238 1547;Spacer - Keytop;;Ricoh_image\Ricoh D085 MP3351 RC5.5_1584353963010.png
Operation Panel;B238 1511;Keytop - Counter;;Ricoh_image\Ricoh D085 MP3351 RC5.5_1584353963010.png
Operation Panel;B223 1518;Keytop - Blank FB;;Ricoh_image\Ricoh D085 MP3351 RC5.5_1584353963010.png
Operation Panel;B223 1528;Keytop - Copy NA;;Ricoh_image\Ricoh D085 MP3351 RC5.5_1584353963010.png
Operation Panel;B223 1529;Keytop - Doc NA;;Ricoh_image\Ricoh D085 MP3351 RC5.5_1584353963010.png
Operation Panel;B223 1531;Keytop:Printer:NA;;Ricoh_image\Ricoh D085 MP3351 RC5.5_1584353963010.png
Operation Panel;B223 1532;Keytop:Scanner:NA;;Ricoh_image\Ricoh D085 MP3351 RC5.5_1584353963010.png
Operation Panel;B223 1533;Keytop:Function:NA (D084/D085);;Ricoh_image\Ricoh D085 MP3351 RC5.5_1584353963010.png
Operation Panel;B223 1534;Keytop:Copy:EU;;Ricoh_image\Ricoh D085 MP3351 RC5.5_1584353963010.png
Operation Panel;B223 1535;Keytop:DOC:EU;;Ricoh_image\Ricoh D085 MP3351 RC5.5_1584353963010.png
Operation Panel;B223 1537;Keytop:Printer:EU;;Ricoh_image\Ricoh D085 MP3351 RC5.5_1584353963010.png
Operation Panel;B223 1538;Keytop:Scanner:EU;;Ricoh_image\Ricoh D085 MP3351 RC5.5_1584353963010.png
Operation Panel;B223 1539;Keytop:Function:EU (D084/D085);;Ricoh_image\Ricoh D085 MP3351 RC5.5_1584353963010.png
Operation Panel;B223 1497;PCB:APC1:OP-L:Sub-assy;;Ricoh_image\Ricoh D085 MP3351 RC5.5_1584353963010.png
Operation Panel;D009 1480;Harness:OP-R:10;;Ricoh_image\Ricoh D085 MP3351 RC5.5_1584353963010.png
Operation Panel;D009 1481;Harness:OP-R:13;;Ricoh_image\Ricoh D085 MP3351 RC5.5_1584353963010.png
Operation Panel;D019 1505;Bracket - LCDC Board;;Ricoh_image\Ricoh D085 MP3351 RC5.5_1584353963010.png
Operation Panel;B238 1540;Sheet:Data:Display:NA;;Ricoh_image\Ricoh D085 MP3351 RC5.5_1584353963010.png
Operation Panel;D019 1461;LCDC Board - NA;;Ricoh_image\Ricoh D085 MP3351 RC5.5_1584353963010.png
Operation Panel;D019 1462;LCDC Board - EU;;Ricoh_image\Ricoh D085 MP3351 RC5.5_1584353963010.png
Operation Panel;D019 1463;LCDC Board - TWN/AA;;Ricoh_image\Ricoh D085 MP3351 RC5.5_1584353963010.png
Operation Panel;D009 1486;Invertor:TFT;;Ricoh_image\Ricoh D085 MP3351 RC5.5_1584353963010.png
Operation Panel;D009 1484;Harness:Invertor;;Ricoh_image\Ricoh D085 MP3351 RC5.5_1584353963010.png
Operation Panel;D019 1502;Lower Cover - Operation Panel;;Ricoh_image\Ricoh D085 MP3351 RC5.5_1584353963010.png
Operation Panel;B238 1519;Lens - Front;;Ricoh_image\Ricoh D085 MP3351 RC5.5_1584353963010.png
Operation Panel;D009 1504;Shadeing Plate:Touch Panel;;Ricoh_image\Ricoh D085 MP3351 RC5.5_1584353963010.png
Operation Panel;D009 1488;Touch Panel:W-VGA:MA;;Ricoh_image\Ricoh D085 MP3351 RC5.5_1584353963010.png
Operation Panel;B238 1534;LCD Spacer A;;Ricoh_image\Ricoh D085 MP3351 RC5.5_1584353963010.png
Operation Panel;B238 1535;LCD Spacer B;;Ricoh_image\Ricoh D085 MP3351 RC5.5_1584353963010.png
Operation Panel;D009 1498;LCD:TFT:W-VGA:MV;;Ricoh_image\Ricoh D085 MP3351 RC5.5_1584353963010.png
Operation Panel;D009 1487;Cable:FFC:TFT:LCD;;Ricoh_image\Ricoh D085 MP3351 RC5.5_1584353963010.png
Operation Panel;B223 1520;Keytop - Clear/Stop;;Ricoh_image\Ricoh D085 MP3351 RC5.5_1584353963010.png
Operation Panel;B223 1540;Keytop:10Key:NA;;Ricoh_image\Ricoh D085 MP3351 RC5.5_1584353963010.png
Operation Panel;B223 1521;Keytop:10Key;;Ricoh_image\Ricoh D085 MP3351 RC5.5_1584353963010.png
Operation Panel;B223 1541;Keytop - 10Key AA;;Ricoh_image\Ricoh D085 MP3351 RC5.5_1584353963010.png
Operation Panel;B238 1583;Keytop - Clear Modes;;Ricoh_image\Ricoh D085 MP3351 RC5.5_1584353963010.png
Operation Panel;B238 1504;Keytop - Start;;Ricoh_image\Ricoh D085 MP3351 RC5.5_1584353963010.png
Operation Panel;B238 1506;Keytop - Try Print;;Ricoh_image\Ricoh D085 MP3351 RC5.5_1584353963010.png
Operation Panel;B238 1509;Keytop - Interrupt;;Ricoh_image\Ricoh D085 MP3351 RC5.5_1584353963010.png
Operation Panel;B238 1552;Keytop - Kantan;;Ricoh_image\Ricoh D085 MP3351 RC5.5_1584353963010.png
Operation Panel;B238 1550;Keytop - Login;;Ricoh_image\Ricoh D085 MP3351 RC5.5_1584353963010.png
Operation Panel;B238 1549;Keytop - Power Source;;Ricoh_image\Ricoh D085 MP3351 RC5.5_1584353963010.png
Operation Panel;D009 1483;Harness:OP-L:13;;Ricoh_image\Ricoh D085 MP3351 RC5.5_1584353963010.png
Operation Panel;D009 1482;Harness:OP-L:12;;Ricoh_image\Ricoh D085 MP3351 RC5.5_1584353963010.png
Operation Panel;D009 1466;PCB:ALC1:OP-R:Sub-assy;;Ricoh_image\Ricoh D085 MP3351 RC5.5_1584353963010.png
Operation Panel;D019 1522;Cushion Operation Sub Unit:Front Added MB18;;Ricoh_image\Ricoh D085 MP3351 RC5.5_1584353963010.png
Operation Panel;D019 1520;Seal Operation Sub Unit:A Added MB18;;Ricoh_image\Ricoh D085 MP3351 RC5.5_1584353963010.png
Operation Panel;D019 1521;Seal Operation Sub Unit:B Added MB18;;Ricoh_image\Ricoh D085 MP3351 RC5.5_1584353963010.png
Operation Panel;D009 1501;Cover:Upper ADD (200908 PCIL);;Ricoh_image\Ricoh D085 MP3351 RC5.5_1584353963010.png
Operation Panel;D009 1551;Cover:Upper:NA ADD (200908 PCIL);;Ricoh_image\Ricoh D085 MP3351 RC5.5_1584353963010.png
Operation Panel;0450 3010N;Tapping Screw - M3x10;;Ricoh_image\Ricoh D085 MP3351 RC5.5_1584353963010.png
Operation Panel;0353 0060N;Bind Screw - M3x6;;Ricoh_image\Ricoh D085 MP3351 RC5.5_1584353963010.png
Operation Panel;1607 2053;Ferrite Core:E04FG210810;;Ricoh_image\Ricoh D085 MP3351 RC5.5_1584353963010.png
Operation Panel;1105 0032;Clamp;;Ricoh_image\Ricoh D085 MP3351 RC5.5_1584353963010.png
Scanner Section 1;D019 1801;Scale:Left:A;;Ricoh_image\Ricoh D085 MP3351 RC5.5_1584353965650.png
Scanner Section 1;B238 1801;Scale - Left (A);;Ricoh_image\Ricoh D085 MP3351 RC5.5_1584353965650.png
Scanner Section 1;B238 1795;Exposure Glass;;Ricoh_image\Ricoh D085 MP3351 RC5.5_1584353965650.png
Scanner Section 1;B390 1759;Shaft:Scale;;Ricoh_image\Ricoh D085 MP3351 RC5.5_1584353965650.png
Scanner Section 1;D019 1713;Scale:Left:B:NA:Assy;;Ricoh_image\Ricoh D085 MP3351 RC5.5_1584353965650.png
Scanner Section 1;D019 1723;Scale:Left:B:Assy;;Ricoh_image\Ricoh D085 MP3351 RC5.5_1584353965650.png
Scanner Section 1;B237 1713;Scale - Left B NA;;Ricoh_image\Ricoh D085 MP3351 RC5.5_1584353965650.png
Scanner Section 1;B238 1713;Scale - Left (B);;Ricoh_image\Ricoh D085 MP3351 RC5.5_1584353965650.png
Scanner Section 1;D019 1751;Rear Scale;;Ricoh_image\Ricoh D085 MP3351 RC5.5_1584353965650.png
Scanner Section 1;B229 1751;Scale - Inner Back;;Ricoh_image\Ricoh D085 MP3351 RC5.5_1584353965650.png
Scanner Section 1;A250 1752;Exposure Glass;;Ricoh_image\Ricoh D085 MP3351 RC5.5_1584353965650.png
Scanner Section 1;5442 1924;Exposure Glass Cushion;;Ricoh_image\Ricoh D085 MP3351 RC5.5_1584353965650.png
Scanner Section 1;B093 1862;Cushion Glass;;Ricoh_image\Ricoh D085 MP3351 RC5.5_1584353965650.png
Scanner Section 1;B238 1845;Seal:Exposure Glass;;Ricoh_image\Ricoh D085 MP3351 RC5.5_1584353965650.png
Scanner Section 1;AW02 0146;Photointerruptor:Flat:PICH2mm:M4;;Ricoh_image\Ricoh D085 MP3351 RC5.5_1584353965650.png
Scanner Section 1;D019 5250;Harness - Home Position Sensor;;Ricoh_image\Ricoh D085 MP3351 RC5.5_1584353965650.png
Scanner Section 1;D020 5212;Harness:BCU:HPS/AKS:5V;;Ricoh_image\Ricoh D085 MP3351 RC5.5_1584353965650.png
Scanner Section 1;G570 1225;Sensor Shielding Plate;;Ricoh_image\Ricoh D085 MP3351 RC5.5_1584353965650.png
Scanner Section 1;A267 1089;Grounding Plate - Upper Rear;;Ricoh_image\Ricoh D085 MP3351 RC5.5_1584353965650.png
Scanner Section 1;D019 5849;Gasket;;Ricoh_image\Ricoh D085 MP3351 RC5.5_1584353965650.png
Scanner Section 1;A267 1090;Grounding Plate - Lower Right;;Ricoh_image\Ricoh D085 MP3351 RC5.5_1584353965650.png
Scanner Section 1;D019 1803;Bracket:Document Feeder;;Ricoh_image\Ricoh D085 MP3351 RC5.5_1584353965650.png
Scanner Section 1;B238 1692;Bracket:Scale:Left:Assy;;Ricoh_image\Ricoh D085 MP3351 RC5.5_1584353965650.png
Scanner Section 1;D019 1785;Frame:Rear (MS models) Added MB9;;Ricoh_image\Ricoh D085 MP3351 RC5.5_1584353965650.png
Scanner Section 1;B238 1785;Frame:Rear (CS models) Added MB9;;Ricoh_image\Ricoh D085 MP3351 RC5.5_1584353965650.png
Scanner Section 1;B238 1784;Frame:Front;;Ricoh_image\Ricoh D085 MP3351 RC5.5_1584353965650.png
Scanner Section 1;AW02 0145;Photointerruptor:Flat;;Ricoh_image\Ricoh D085 MP3351 RC5.5_1584353965650.png
Scanner Section 1;D019 1789;Cover:Sensor:AKS;;Ricoh_image\Ricoh D085 MP3351 RC5.5_1584353965650.png
Scanner Section 1;0453 3006N;Tapping Screw - M3x6;;Ricoh_image\Ricoh D085 MP3351 RC5.5_1584353965650.png
Scanner Section 1;0451 3008N;Tapping Screw - M3x8;;Ricoh_image\Ricoh D085 MP3351 RC5.5_1584353965650.png
Scanner Section 1;0454 3006Q;Tapping Screw - M3x6;;Ricoh_image\Ricoh D085 MP3351 RC5.5_1584353965650.png
Scanner Section 1;0451 3006N;Tapping Screw - 3x6;;Ricoh_image\Ricoh D085 MP3351 RC5.5_1584353965650.png
Scanner Section 1;0314 0120N;Screw - M4x12;;Ricoh_image\Ricoh D085 MP3351 RC5.5_1584353965650.png
Scanner Section 1;1105 0511;Harness Clamp - LWS-0306ZC;;Ricoh_image\Ricoh D085 MP3351 RC5.5_1584353965650.png
Scanner Section 2;D019 1817;1st Scanner Assy;;Ricoh_image\Ricoh D085 MP3351 RC5.5_1584353971940.png
Scanner Section 2;B180 1817;1st Scanner Assy;;Ricoh_image\Ricoh D085 MP3351 RC5.5_1584353971940.png
Scanner Section 2;D019 1830;Xenon Lamp:Monochrome;;Ricoh_image\Ricoh D085 MP3351 RC5.5_1584353971940.png
Scanner Section 2;B238 1820;Xenon Lamp - DIA10;;Ricoh_image\Ricoh D085 MP3351 RC5.5_1584353971940.png
Scanner Section 2;A193 1766;Wire Clamp;;Ricoh_image\Ricoh D085 MP3351 RC5.5_1584353971940.png
Scanner Section 2;A193 1769;Clamp - Rear Wire;;Ricoh_image\Ricoh D085 MP3351 RC5.5_1584353971940.png
Scanner Section 2;AW01 0133;Original Sensor - 66mm;;Ricoh_image\Ricoh D085 MP3351 RC5.5_1584353971940.png
Scanner Section 2;AC03 0142;1st Mirror (MS model);;Ricoh_image\Ricoh D085 MP3351 RC5.5_1584353971940.png
Scanner Section 2;AC03 0169;Mirror:No.1 (CS model);;Ricoh_image\Ricoh D085 MP3351 RC5.5_1584353971940.png
Scanner Section 2;A193 1767;1st Mirror Holder;;Ricoh_image\Ricoh D085 MP3351 RC5.5_1584353971940.png
Scanner Section 2;D019 1823;Inner Cover - Scanner (MS model);;Ricoh_image\Ricoh D085 MP3351 RC5.5_1584353971940.png
Scanner Section 2;B238 1823;Inner Cover - Scanner (CS model);;Ricoh_image\Ricoh D085 MP3351 RC5.5_1584353971940.png
Scanner Section 2;AW01 0134;Original Sensor - 48mm;;Ricoh_image\Ricoh D085 MP3351 RC5.5_1584353971940.png
Scanner Section 2;D019 1827;Bracket:Original Sensor;;Ricoh_image\Ricoh D085 MP3351 RC5.5_1584353971940.png
Scanner Section 2;B238 1827;Original Sensor Bracket;;Ricoh_image\Ricoh D085 MP3351 RC5.5_1584353971940.png
Scanner Section 2;D019 1703;Lens Unit;;Ricoh_image\Ricoh D085 MP3351 RC5.5_1584353971940.png
Scanner Section 2;D019 1698;MB6;;Ricoh_image\Ricoh D085 MP3351 RC5.5_1584353971940.png
Scanner Section 2;D020 1703;Lens Unit;;Ricoh_image\Ricoh D085 MP3351 RC5.5_1584353971940.png
Scanner Section 2;D020 1698;MB6;;Ricoh_image\Ricoh D085 MP3351 RC5.5_1584353971940.png
Scanner Section 2;AZ50 0068;Stabilizer:Xenon Lamp;;Ricoh_image\Ricoh D085 MP3351 RC5.5_1584353971940.png
Scanner Section 2;B238 1821;Stabilizer;;Ricoh_image\Ricoh D085 MP3351 RC5.5_1584353971940.png
Scanner Section 2;D019 1753;Harness Cover;;Ricoh_image\Ricoh D085 MP3351 RC5.5_1584353971940.png
Scanner Section 2;B238 1753;Inner Cover - Sensor;;Ricoh_image\Ricoh D085 MP3351 RC5.5_1584353971940.png
Scanner Section 2;D019 5245;Harness - SBU MS;;Ricoh_image\Ricoh D085 MP3351 RC5.5_1584353971940.png
Scanner Section 2;B238 5345;Scanner Interface Cable;;Ricoh_image\Ricoh D085 MP3351 RC5.5_1584353971940.png
Scanner Section 2;B238 5372;X/O (200911PCIL);;Ricoh_image\Ricoh D085 MP3351 RC5.5_1584353971940.png
Scanner Section 2;D019 5252;Harness - Exposure Lamp MS;;Ricoh_image\Ricoh D085 MP3351 RC5.5_1584353971940.png
Scanner Section 2;D025 5214;Harness:SIO:LAMP;;Ricoh_image\Ricoh D085 MP3351 RC5.5_1584353971940.png
Scanner Section 2;D019 5230;Harness - APS MS;;Ricoh_image\Ricoh D085 MP3351 RC5.5_1584353971940.png
Scanner Section 2;B238 5367;Harness - APS;;Ricoh_image\Ricoh D085 MP3351 RC5.5_1584353971940.png
Scanner Section 2;B238 5344;SBU Ground Plate;;Ricoh_image\Ricoh D085 MP3351 RC5.5_1584353971940.png
Scanner Section 2;B238 1812;Ground Plate - Carriage;;Ricoh_image\Ricoh D085 MP3351 RC5.5_1584353971940.png
Scanner Section 2;A100 1714;Reflector;;Ricoh_image\Ricoh D085 MP3351 RC5.5_1584353971940.png
Scanner Section 2;B238 1676;Carriage:No.1:Assy;;Ricoh_image\Ricoh D085 MP3351 RC5.5_1584353971940.png
Scanner Section 2;0451 3006N;Tapping Screw - 3x6;;Ricoh_image\Ricoh D085 MP3351 RC5.5_1584353971940.png
Scanner Section 2;0454 3006Q;Tapping Screw - M3x6;;Ricoh_image\Ricoh D085 MP3351 RC5.5_1584353971940.png
Scanner Section 2;0802 5299;Tapping Screw - M3x8;;Ricoh_image\Ricoh D085 MP3351 RC5.5_1584353971940.png
Scanner Section 2;1105 0516;Clamp;;Ricoh_image\Ricoh D085 MP3351 RC5.5_1584353971940.png
Scanner Section 2;1105 0511;Harness Clamp - LWS-0306ZC;;Ricoh_image\Ricoh D085 MP3351 RC5.5_1584353971940.png
Scanner Section 2;1105 0622;Clamp - JCC-1R;;Ricoh_image\Ricoh D085 MP3351 RC5.5_1584353971940.png
Scanner Section 2;1105 0195;PCB Stud;;Ricoh_image\Ricoh D085 MP3351 RC5.5_1584353971940.png
Scanner Section 3;D019 1689;2nd Scanner Assy (MS model);;Ricoh_image\Ricoh D085 MP3351 RC5.5_1584353977580.png
Scanner Section 3;B238 1689;2nd Scanner Assy (CS model);;Ricoh_image\Ricoh D085 MP3351 RC5.5_1584353977580.png
Scanner Section 3;AC03 0162;Mirror No.2;;Ricoh_image\Ricoh D085 MP3351 RC5.5_1584353977580.png
Scanner Section 3;G404 2810;Spring Plate - 2nd Mirror;;Ricoh_image\Ricoh D085 MP3351 RC5.5_1584353977580.png
Scanner Section 3;G570 2833;Pulley Holder;;Ricoh_image\Ricoh D085 MP3351 RC5.5_1584353977580.png
Scanner Section 3;G570 2834;Pulley - High Voltage Supply Cord;;Ricoh_image\Ricoh D085 MP3351 RC5.5_1584353977580.png
Scanner Section 3;G570 2832;Guide - High Voltage Supply Cord;;Ricoh_image\Ricoh D085 MP3351 RC5.5_1584353977580.png
Scanner Section 3;B238 1806;Idler Pulley;;Ricoh_image\Ricoh D085 MP3351 RC5.5_1584353977580.png
Scanner Section 3;D019 5249;Harness - Scanner Motor;;Ricoh_image\Ricoh D085 MP3351 RC5.5_1584353977580.png
Scanner Section 3;B238 5371;Harness - STM;;Ricoh_image\Ricoh D085 MP3351 RC5.5_1584353977580.png
Scanner Section 3;B238 1715;Stepper Motor DC3.9V;;Ricoh_image\Ricoh D085 MP3351 RC5.5_1584353977580.png
Scanner Section 3;D019 1788;Bracket - Scanner Drive Motor;;Ricoh_image\Ricoh D085 MP3351 RC5.5_1584353977580.png
Scanner Section 3;B238 1788;Stepper Motor Bracket;;Ricoh_image\Ricoh D085 MP3351 RC5.5_1584353977580.png
Scanner Section 3;AA06 0979;Tension Spring:Tension:14720mN;;Ricoh_image\Ricoh D085 MP3351 RC5.5_1584353977580.png
Scanner Section 3;B238 1762;Ground Plate - Stepper Motor;;Ricoh_image\Ricoh D085 MP3351 RC5.5_1584353977580.png
Scanner Section 3;B238 1792;Timing Belt - 157ST1.5-4.0;;Ricoh_image\Ricoh D085 MP3351 RC5.5_1584353977580.png
Scanner Section 3;B238 1787;Drive Were;;Ricoh_image\Ricoh D085 MP3351 RC5.5_1584353977580.png
Scanner Section 3;B180 1704;Bracket:Tension (MS model);;Ricoh_image\Ricoh D085 MP3351 RC5.5_1584353977580.png
Scanner Section 3;D019 1704;Bracket:Tension (CS model);;Ricoh_image\Ricoh D085 MP3351 RC5.5_1584353977580.png
Scanner Section 3;AA06 0980;Tension Spring:Tension:11300mN;;Ricoh_image\Ricoh D085 MP3351 RC5.5_1584353977580.png
Scanner Section 3;B238 1786;Scanner Drive Shaft;;Ricoh_image\Ricoh D085 MP3351 RC5.5_1584353977580.png
Scanner Section 3;AA08 2144;Bushing - 8x12x7;;Ricoh_image\Ricoh D085 MP3351 RC5.5_1584353977580.png
Scanner Section 3;B238 1814;Pulley:Drive Were:Rear:SUB-Assy;;Ricoh_image\Ricoh D085 MP3351 RC5.5_1584353977580.png
Scanner Section 3;G570 1133;Timing Pulley 73;;Ricoh_image\Ricoh D085 MP3351 RC5.5_1584353977580.png
Scanner Section 3;B238 1816;Pulley:Drive Were:Front:SUB-Assy;;Ricoh_image\Ricoh D085 MP3351 RC5.5_1584353977580.png
Scanner Section 3;D019 8464;Heater:Scanner:NA:Assy;;Ricoh_image\Ricoh D085 MP3351 RC5.5_1584353977580.png
Scanner Section 3;D019 8466;Heater:Scanner:EU:Assy;;Ricoh_image\Ricoh D085 MP3351 RC5.5_1584353977580.png
Scanner Section 3;B229 1688;X/O MB1;;Ricoh_image\Ricoh D085 MP3351 RC5.5_1584353977580.png
Scanner Section 3;A193 1816;1st Slide Rail;;Ricoh_image\Ricoh D085 MP3351 RC5.5_1584353977580.png
Scanner Section 3;B180 1734;Slide Rail:No.2;;Ricoh_image\Ricoh D085 MP3351 RC5.5_1584353977580.png
Scanner Section 3;B238 1793;Bushing Spacer;;Ricoh_image\Ricoh D085 MP3351 RC5.5_1584353977580.png
Scanner Section 3;B238 1796;Hall Plug;;Ricoh_image\Ricoh D085 MP3351 RC5.5_1584353977580.png
Scanner Section 3;B238 1807;Pulley;;Ricoh_image\Ricoh D085 MP3351 RC5.5_1584353977580.png
Scanner Section 3;D010 7450;Main Switch Decal - NA;;Ricoh_image\Ricoh D085 MP3351 RC5.5_1584353977580.png
Scanner Section 3;D010 7451;Main Switch Decal - EU;;Ricoh_image\Ricoh D085 MP3351 RC5.5_1584353977580.png
Scanner Section 3;B238 1688;Carriage Unit No.2;;Ricoh_image\Ricoh D085 MP3351 RC5.5_1584353977580.png
Scanner Section 3;0353 0050N;Screw-M3x5;;Ricoh_image\Ricoh D085 MP3351 RC5.5_1584353977580.png
Scanner Section 3;0451 3006N;Tapping Screw - 3x6;;Ricoh_image\Ricoh D085 MP3351 RC5.5_1584353977580.png
Scanner Section 3;0802 5299;Tapping Screw - M3x8;;Ricoh_image\Ricoh D085 MP3351 RC5.5_1584353977580.png
Scanner Section 3;0451 3008N;Tapping Screw - M3x8;;Ricoh_image\Ricoh D085 MP3351 RC5.5_1584353977580.png
Scanner Section 3;0805 0088;Retaining Ring - M6;;Ricoh_image\Ricoh D085 MP3351 RC5.5_1584353977580.png
Scanner Section 3;1105 0516;Clamp;;Ricoh_image\Ricoh D085 MP3351 RC5.5_1584353977580.png
Scanner Section 3;1105 0487;Harness Clamp;;Ricoh_image\Ricoh D085 MP3351 RC5.5_1584353977580.png
Scanner Section 3;1105 0621;Clamp - SB-2712;;Ricoh_image\Ricoh D085 MP3351 RC5.5_1584353977580.png
Scanner Section 3;0454 3006Q;Tapping Screw - M3x6;;Ricoh_image\Ricoh D085 MP3351 RC5.5_1584353977580.png
Scanner Section 3;0720 0040E;Retaining Ring - M4;;Ricoh_image\Ricoh D085 MP3351 RC5.5_1584353977580.png
Laser Unit;D019 1900;Imaging Unit;;Ricoh_image\Ricoh D085 MP3351 RC5.5_1584353981410.png
Laser Unit;B206 1977;Shield Glass;;Ricoh_image\Ricoh D085 MP3351 RC5.5_1584353981410.png
Laser Unit;G029 1980;Decal - LD;;Ricoh_image\Ricoh D085 MP3351 RC5.5_1584353981410.png
Laser Unit;B206 1971;Supporting Plate:Cover:Imaging Unit;;Ricoh_image\Ricoh D085 MP3351 RC5.5_1584353981410.png
Laser Unit;B090 1917;Cover:Polygon Scanner:Assy;;Ricoh_image\Ricoh D085 MP3351 RC5.5_1584353981410.png
Laser Unit;B090 1938;Cover:Optical Housing;;Ricoh_image\Ricoh D085 MP3351 RC5.5_1584353981410.png
Laser Unit;B209 1898;Polygon Mirror Motor;;Ricoh_image\Ricoh D085 MP3351 RC5.5_1584353981410.png
Laser Unit;D019 5224;Harness - Polygon Mirror Motor;;Ricoh_image\Ricoh D085 MP3351 RC5.5_1584353981410.png
Laser Unit;A232 1916;Collar-polygon Motor;;Ricoh_image\Ricoh D085 MP3351 RC5.5_1584353981410.png
Laser Unit;A267 1944;Plate - Sync.detector Board;;Ricoh_image\Ricoh D085 MP3351 RC5.5_1584353981410.png
Laser Unit;D019 5222;Harness - Sync Detector;;Ricoh_image\Ricoh D085 MP3351 RC5.5_1584353981410.png
Laser Unit;D009 5325;Sync.Detector Board;;Ricoh_image\Ricoh D085 MP3351 RC5.5_1584353981410.png
Laser Unit;D009 5320;MB4;;Ricoh_image\Ricoh D085 MP3351 RC5.5_1584353981410.png
Laser Unit;G029 1975;Cylindrical Lens;;Ricoh_image\Ricoh D085 MP3351 RC5.5_1584353981410.png
Laser Unit;G020 1937;Shield Glass - Polygon Morror Motor;;Ricoh_image\Ricoh D085 MP3351 RC5.5_1584353981410.png
Laser Unit;D019 1919;Laser Diode Unit;;Ricoh_image\Ricoh D085 MP3351 RC5.5_1584353981410.png
Laser Unit;0451 3008N;Tapping Screw - M3x8;;Ricoh_image\Ricoh D085 MP3351 RC5.5_1584353981410.png
Laser Unit;0452 3008N;Tapping Screw - M3x8;;Ricoh_image\Ricoh D085 MP3351 RC5.5_1584353981410.png
Laser Unit;1105 0508;Harness Clamp - LWS-0711;;Ricoh_image\Ricoh D085 MP3351 RC5.5_1584353981410.png
Laser Unit;0452 3010N;Binding Self-Tapping Screw:3x10;;Ricoh_image\Ricoh D085 MP3351 RC5.5_1584353981410.png
Paper Tray;D019 2538;1st Paper Tray Assy;;Ricoh_image\Ricoh D085 MP3351 RC5.5_1584353984850.png
Paper Tray;D019 2539;2nd Paper Tray Assy;;Ricoh_image\Ricoh D085 MP3351 RC5.5_1584353984850.png
Paper Tray;D010 2867;Font Slider - Upper;;Ricoh_image\Ricoh D085 MP3351 RC5.5_1584353984850.png
Paper Tray;D010 2873;Front Slider - Base;;Ricoh_image\Ricoh D085 MP3351 RC5.5_1584353984850.png
Paper Tray;D010 2884;Front Side Fence;;Ricoh_image\Ricoh D085 MP3351 RC5.5_1584353984850.png
Paper Tray;D010 2853;End Fence;;Ricoh_image\Ricoh D085 MP3351 RC5.5_1584353984850.png
Paper Tray;D010 2900;End Fence Seal;;Ricoh_image\Ricoh D085 MP3351 RC5.5_1584353984850.png
Paper Tray;B027 7352;Decal - Side Fence;;Ricoh_image\Ricoh D085 MP3351 RC5.5_1584353984850.png
Paper Tray;D010 2885;Rear Side Fence;;Ricoh_image\Ricoh D085 MP3351 RC5.5_1584353984850.png
Paper Tray;D010 2861;Tray Bottom Plate;;Ricoh_image\Ricoh D085 MP3351 RC5.5_1584353984850.png
Paper Tray;D010 2550;Spacer:Link;;Ricoh_image\Ricoh D085 MP3351 RC5.5_1584353984850.png
Paper Tray;B090 2856;Bracket:Rise;;Ricoh_image\Ricoh D085 MP3351 RC5.5_1584353984850.png
Paper Tray;A267 2878;Spring Plate - Grounding;;Ricoh_image\Ricoh D085 MP3351 RC5.5_1584353984850.png
Paper Tray;A267 2899;Sponge - Paper Feed Tray;;Ricoh_image\Ricoh D085 MP3351 RC5.5_1584353984850.png
Paper Tray;B090 2987;Roller:Paper Tray;;Ricoh_image\Ricoh D085 MP3351 RC5.5_1584353984850.png
Paper Tray;B090 2869;Gear - 16Z;;Ricoh_image\Ricoh D085 MP3351 RC5.5_1584353984850.png
Paper Tray;D010 2854;Shaft - Tray Bottom Plate;;Ricoh_image\Ricoh D085 MP3351 RC5.5_1584353984850.png
Paper Tray;D010 2850;Paper Tray;;Ricoh_image\Ricoh D085 MP3351 RC5.5_1584353984850.png
Paper Tray;D010 2822;Friction Pad;;Ricoh_image\Ricoh D085 MP3351 RC5.5_1584353984850.png
Paper Tray;A267 2834;Pressure Spring - Friction Pad;;Ricoh_image\Ricoh D085 MP3351 RC5.5_1584353984850.png
Paper Tray;B091 2898;Sheet:Holder:Paper Tray;;Ricoh_image\Ricoh D085 MP3351 RC5.5_1584353984850.png
Paper Tray;D010 2870;Link - Paper Size Sensor;;Ricoh_image\Ricoh D085 MP3351 RC5.5_1584353984850.png
Paper Tray;D010 2956;Tension Spring - Paper Tray;;Ricoh_image\Ricoh D085 MP3351 RC5.5_1584353984850.png
Paper Tray;A267 2917;Base Pad;;Ricoh_image\Ricoh D085 MP3351 RC5.5_1584353984850.png
Paper Tray;D010 2864;Releaselever - Paper Tray;;Ricoh_image\Ricoh D085 MP3351 RC5.5_1584353984850.png
Paper Tray;D010 2951;Release Shaft - Paper Tray;;Ricoh_image\Ricoh D085 MP3351 RC5.5_1584353984850.png
Paper Tray;D010 2955;Grip Holder - Paper Tray;;Ricoh_image\Ricoh D085 MP3351 RC5.5_1584353984850.png
Paper Tray;D010 2953;Release Lever - Paper Tray;;Ricoh_image\Ricoh D085 MP3351 RC5.5_1584353984850.png
Paper Tray;AA06 0900;Spring;;Ricoh_image\Ricoh D085 MP3351 RC5.5_1584353984850.png
Paper Tray;D010 2954;Paper Tray Grip;;Ricoh_image\Ricoh D085 MP3351 RC5.5_1584353984850.png
Paper Tray;D019 2892;Decal:Paper Set Direction;;Ricoh_image\Ricoh D085 MP3351 RC5.5_1584353984850.png
Paper Tray;D010 2875;Spring Plate - Slider;;Ricoh_image\Ricoh D085 MP3351 RC5.5_1584353984850.png
Paper Tray;D010 2958;Paper Tray Cover;;Ricoh_image\Ricoh D085 MP3351 RC5.5_1584353984850.png
Paper Tray;B090 2858;Lever:Stopper:Front;;Ricoh_image\Ricoh D085 MP3351 RC5.5_1584353984850.png
Paper Tray;B090 2859;Stopper:Positioning;;Ricoh_image\Ricoh D085 MP3351 RC5.5_1584353984850.png
Paper Tray;B090 2860;Lever:Stopper:Positioning;;Ricoh_image\Ricoh D085 MP3351 RC5.5_1584353984850.png
Paper Tray;G697 2677;Spring Plate - Side Fence;;Ricoh_image\Ricoh D085 MP3351 RC5.5_1584353984850.png
Paper Tray;A267 2857;Spring Plate - Side Fence;;Ricoh_image\Ricoh D085 MP3351 RC5.5_1584353984850.png
Paper Tray;D010 2897;Side Fence Seal;;Ricoh_image\Ricoh D085 MP3351 RC5.5_1584353984850.png
Paper Tray;D010 2866;Rearslider - Upper;;Ricoh_image\Ricoh D085 MP3351 RC5.5_1584353984850.png
Paper Tray;D010 2874;Rear Slider - Base;;Ricoh_image\Ricoh D085 MP3351 RC5.5_1584353984850.png
Paper Tray;B090 2864;Roller:Bracket:Rise;;Ricoh_image\Ricoh D085 MP3351 RC5.5_1584353984850.png
Paper Tray;A267 2865;Shaft - Roller;;Ricoh_image\Ricoh D085 MP3351 RC5.5_1584353984850.png
Paper Tray;D010 2901;Pad:Side Fence:5mm;;Ricoh_image\Ricoh D085 MP3351 RC5.5_1584353984850.png
Paper Tray;D010 2902;Pad:Side Fence:8mm;;Ricoh_image\Ricoh D085 MP3351 RC5.5_1584353984850.png
Paper Tray;0450 4008N;Tapping Screw - M4x8;;Ricoh_image\Ricoh D085 MP3351 RC5.5_1584353984850.png
Paper Tray;0720 0080E;Retaining Ring - M8;;Ricoh_image\Ricoh D085 MP3351 RC5.5_1584353984850.png
Paper Tray;0720 0060E;Retaining Ring - M6;;Ricoh_image\Ricoh D085 MP3351 RC5.5_1584353984850.png
Paper Tray;0354 0060N;Screw-M4x6;;Ricoh_image\Ricoh D085 MP3351 RC5.5_1584353984850.png
Paper Tray;0450 3020N;Tapping Screw:M3x20;;Ricoh_image\Ricoh D085 MP3351 RC5.5_1584353984850.png
Paper Tray;1105 0415;Clamp:Card Spacer(F2);;Ricoh_image\Ricoh D085 MP3351 RC5.5_1584353984850.png
1st Paper Feed Section;B090 2805;Bracket:Paper End Sensor;;Ricoh_image\Ricoh D085 MP3351 RC5.5_1584353989562.png
1st Paper Feed Section;AW02 0141;Photointerruptor;;Ricoh_image\Ricoh D085 MP3351 RC5.5_1584353989562.png
1st Paper Feed Section;D019 5215;Interface Harness - Paper End;;Ricoh_image\Ricoh D085 MP3351 RC5.5_1584353989562.png
1st Paper Feed Section;A267 2803;Feeler - Paper End Sensor;;Ricoh_image\Ricoh D085 MP3351 RC5.5_1584353989562.png
1st Paper Feed Section;D019 2807;Stopper - Paper Feed Roller;;Ricoh_image\Ricoh D085 MP3351 RC5.5_1584353989562.png
1st Paper Feed Section;B090 2686;Snap Ring;;Ricoh_image\Ricoh D085 MP3351 RC5.5_1584353989562.png
1st Paper Feed Section;D019 2804;Guide Plate - Paper Feed Roller 1;;Ricoh_image\Ricoh D085 MP3351 RC5.5_1584353989562.png
1st Paper Feed Section;A267 2751;Paper Feed Roller;;Ricoh_image\Ricoh D085 MP3351 RC5.5_1584353989562.png
1st Paper Feed Section;A267 2754;Shaft - Paper Feed Roller;;Ricoh_image\Ricoh D085 MP3351 RC5.5_1584353989562.png
1st Paper Feed Section;B090 2663;Bracket:Photointerruptor;;Ricoh_image\Ricoh D085 MP3351 RC5.5_1584353989562.png
1st Paper Feed Section;AW02 0173;Photointerruptor:Vertical Transport;;Ricoh_image\Ricoh D085 MP3351 RC5.5_1584353989562.png
1st Paper Feed Section;B206 2828;Guide Plate:Friction Pad:Upper;;Ricoh_image\Ricoh D085 MP3351 RC5.5_1584353989562.png
1st Paper Feed Section;AA08 0252;Bushing - M4;;Ricoh_image\Ricoh D085 MP3351 RC5.5_1584353989562.png
1st Paper Feed Section;D019 2682;Upper Drive Roller;;Ricoh_image\Ricoh D085 MP3351 RC5.5_1584353989562.png
1st Paper Feed Section;B209 2665;Roller:Sponge;;Ricoh_image\Ricoh D085 MP3351 RC5.5_1584353989562.png
1st Paper Feed Section;D010 2640;Spacer:Supporter:Right;;Ricoh_image\Ricoh D085 MP3351 RC5.5_1584353989562.png
1st Paper Feed Section;B223 2714;Positioning Cap - Short;;Ricoh_image\Ricoh D085 MP3351 RC5.5_1584353989562.png
1st Paper Feed Section;AA16 1143;Cushion - Link;;Ricoh_image\Ricoh D085 MP3351 RC5.5_1584353989562.png
1st Paper Feed Section;0451 3006N;Tapping Screw - 3x6;;Ricoh_image\Ricoh D085 MP3351 RC5.5_1584353989562.png
1st Paper Feed Section;0454 3006Q;Tapping Screw - M3x6;;Ricoh_image\Ricoh D085 MP3351 RC5.5_1584353989562.png
1st Paper Feed Section;0805 3480;Bushing - 6mm;;Ricoh_image\Ricoh D085 MP3351 RC5.5_1584353989562.png
1st Paper Feed Section;0720 0040E;Retaining Ring - M4;;Ricoh_image\Ricoh D085 MP3351 RC5.5_1584353989562.png
1st Paper Feed Section;1105 0511;Harness Clamp - LWS-0306ZC;;Ricoh_image\Ricoh D085 MP3351 RC5.5_1584353989562.png
1st Paper Feed Section;1105 0522;Edge Saddle - LES0510;;Ricoh_image\Ricoh D085 MP3351 RC5.5_1584353989562.png
1st Paper Feed Section;0453 3006N;Tapping Screw - M3x6;;Ricoh_image\Ricoh D085 MP3351 RC5.5_1584353989562.png
2nd Paper Feed Section;B090 2805;Bracket:Paper End Sensor;;Ricoh_image\Ricoh D085 MP3351 RC5.5_1584353995540.png
2nd Paper Feed Section;AW02 0141;Photointerruptor;;Ricoh_image\Ricoh D085 MP3351 RC5.5_1584353995540.png
2nd Paper Feed Section;D019 5215;Interface Harness - Paper End;;Ricoh_image\Ricoh D085 MP3351 RC5.5_1584353995540.png
2nd Paper Feed Section;A267 2803;Feeler - Paper End Sensor;;Ricoh_image\Ricoh D085 MP3351 RC5.5_1584353995540.png
2nd Paper Feed Section;B093 2935;Stopper Paper Feed Roller;;Ricoh_image\Ricoh D085 MP3351 RC5.5_1584353995540.png
2nd Paper Feed Section;B090 2686;Snap Ring;;Ricoh_image\Ricoh D085 MP3351 RC5.5_1584353995540.png
2nd Paper Feed Section;B093 2808;Guide Plate Paper Feed Roller 2 Assy;;Ricoh_image\Ricoh D085 MP3351 RC5.5_1584353995540.png
2nd Paper Feed Section;A267 2751;Paper Feed Roller;;Ricoh_image\Ricoh D085 MP3351 RC5.5_1584353995540.png
2nd Paper Feed Section;A267 2754;Shaft - Paper Feed Roller;;Ricoh_image\Ricoh D085 MP3351 RC5.5_1584353995540.png
2nd Paper Feed Section;B209 2814;Cushion - Roller Guide 2;;Ricoh_image\Ricoh D085 MP3351 RC5.5_1584353995540.png
2nd Paper Feed Section;B206 2660;Bracket:Photointerruptor;;Ricoh_image\Ricoh D085 MP3351 RC5.5_1584353995540.png
2nd Paper Feed Section;AW02 0173;Photointerruptor:Vertical Transport;;Ricoh_image\Ricoh D085 MP3351 RC5.5_1584353995540.png
2nd Paper Feed Section;D019 2846;Link:Damper:Assy;;Ricoh_image\Ricoh D085 MP3351 RC5.5_1584353995540.png
2nd Paper Feed Section;B097 2668;Roller:Drive;;Ricoh_image\Ricoh D085 MP3351 RC5.5_1584353995540.png
2nd Paper Feed Section;AA08 0252;Bushing - M4;;Ricoh_image\Ricoh D085 MP3351 RC5.5_1584353995540.png
2nd Paper Feed Section;B206 2842;Guide Plate:Friction Pad;;Ricoh_image\Ricoh D085 MP3351 RC5.5_1584353995540.png
2nd Paper Feed Section;D019 2587;Bracket - Guide Plate No.2;;Ricoh_image\Ricoh D085 MP3351 RC5.5_1584353995540.png
2nd Paper Feed Section;AA16 1143;Cushion - Link;;Ricoh_image\Ricoh D085 MP3351 RC5.5_1584353995540.png
2nd Paper Feed Section;D019 2598;Heater:NA:Assy Added MB8;;Ricoh_image\Ricoh D085 MP3351 RC5.5_1584353995540.png
2nd Paper Feed Section;D019 2599;Heater:EU:Assy Added MB8;;Ricoh_image\Ricoh D085 MP3351 RC5.5_1584353995540.png
2nd Paper Feed Section;D010 7450;Main Switch Decal - NA;;Ricoh_image\Ricoh D085 MP3351 RC5.5_1584353995540.png
2nd Paper Feed Section;D010 7451;Main Switch Decal - EU;;Ricoh_image\Ricoh D085 MP3351 RC5.5_1584353995540.png
2nd Paper Feed Section;0451 3006N;Tapping Screw - 3x6;;Ricoh_image\Ricoh D085 MP3351 RC5.5_1584353995540.png
2nd Paper Feed Section;0454 3006Q;Tapping Screw - M3x6;;Ricoh_image\Ricoh D085 MP3351 RC5.5_1584353995540.png
2nd Paper Feed Section;0805 3480;Bushing - 6mm;;Ricoh_image\Ricoh D085 MP3351 RC5.5_1584353995540.png
2nd Paper Feed Section;0720 0040E;Retaining Ring - M4;;Ricoh_image\Ricoh D085 MP3351 RC5.5_1584353995540.png
2nd Paper Feed Section;1105 0511;Harness Clamp - LWS-0306ZC;;Ricoh_image\Ricoh D085 MP3351 RC5.5_1584353995540.png
2nd Paper Feed Section;1105 0522;Edge Saddle - LES0510;;Ricoh_image\Ricoh D085 MP3351 RC5.5_1584353995540.png
2nd Paper Feed Section;1105 0488;Clamp:LWS-1211Z Added MB8;;Ricoh_image\Ricoh D085 MP3351 RC5.5_1584353995540.png
2nd Paper Feed Section;0950 3006N;Screw:Spring Washer:M3x6 Added MB8;;Ricoh_image\Ricoh D085 MP3351 RC5.5_1584353995540.png
Vertical Transport;D019 2736;Bushing - Vertical Transport;;Ricoh_image\Ricoh D085 MP3351 RC5.5_1584353998330.png
Vertical Transport;D019 2734;Spring - Transport;;Ricoh_image\Ricoh D085 MP3351 RC5.5_1584353998330.png
Vertical Transport;B090 2742;Roller:Pull Out:Option Tray;;Ricoh_image\Ricoh D085 MP3351 RC5.5_1584353998330.png
Vertical Transport;D019 2731;Guide Plate - Vertical Transport;;Ricoh_image\Ricoh D085 MP3351 RC5.5_1584353998330.png
Vertical Transport;D019 2737;Driven Roller - Vertical Transport;;Ricoh_image\Ricoh D085 MP3351 RC5.5_1584353998330.png
Vertical Transport;D019 2707;Guide Plate:Exit:Vertical Transport;;Ricoh_image\Ricoh D085 MP3351 RC5.5_1584353998330.png
Vertical Transport;D019 2703;Rear Lever - Transfer;;Ricoh_image\Ricoh D085 MP3351 RC5.5_1584353998330.png
Vertical Transport;D019 2705;Rear Lever - Fusing;;Ricoh_image\Ricoh D085 MP3351 RC5.5_1584353998330.png
Vertical Transport;D019 2704;Front Lever - Transfer;;Ricoh_image\Ricoh D085 MP3351 RC5.5_1584353998330.png
Vertical Transport;D019 2706;Front Lever - Transfer;;Ricoh_image\Ricoh D085 MP3351 RC5.5_1584353998330.png
Vertical Transport;D019 2710;Frame - Vertical Transportr;;Ricoh_image\Ricoh D085 MP3351 RC5.5_1584353998330.png
Vertical Transport;D019 2722;Release Pawl - Rear;;Ricoh_image\Ricoh D085 MP3351 RC5.5_1584353998330.png
Vertical Transport;A267 3958;Roller - Lever;;Ricoh_image\Ricoh D085 MP3351 RC5.5_1584353998330.png
Vertical Transport;D019 2727;Stepped Screw - M4;;Ricoh_image\Ricoh D085 MP3351 RC5.5_1584353998330.png
Vertical Transport;D019 2725;Bracket:UN Lock MB15;;Ricoh_image\Ricoh D085 MP3351 RC5.5_1584353998330.png
Vertical Transport;D019 2723;Release Grip;;Ricoh_image\Ricoh D085 MP3351 RC5.5_1584353998330.png
Vertical Transport;D019 2728;Release Pawl - Front;;Ricoh_image\Ricoh D085 MP3351 RC5.5_1584353998330.png
Vertical Transport;D019 2716;Bracket:Manual Feed;;Ricoh_image\Ricoh D085 MP3351 RC5.5_1584353998330.png
Vertical Transport;D019 2761;Link - Vertical Transport;;Ricoh_image\Ricoh D085 MP3351 RC5.5_1584353998330.png
Vertical Transport;5447 2681;Snap Ring;;Ricoh_image\Ricoh D085 MP3351 RC5.5_1584353998330.png
Vertical Transport;D019 2841;Upper Cover - Vertical Transport;;Ricoh_image\Ricoh D085 MP3351 RC5.5_1584353998330.png
Vertical Transport;D019 2842;Middle Cover - Vertical Transport;;Ricoh_image\Ricoh D085 MP3351 RC5.5_1584353998330.png
Vertical Transport;D019 2843;Lower Cover - Vertical Transport;;Ricoh_image\Ricoh D085 MP3351 RC5.5_1584353998330.png
Vertical Transport;D019 2764;Screw:DIA5:Hinge;;Ricoh_image\Ricoh D085 MP3351 RC5.5_1584353998330.png
Vertical Transport;D019 2724;Tension Spring;;Ricoh_image\Ricoh D085 MP3351 RC5.5_1584353998330.png
Vertical Transport;0451 3006N;Tapping Screw - 3x6;;Ricoh_image\Ricoh D085 MP3351 RC5.5_1584353998330.png
Vertical Transport;0450 3008N;Tapping Screw - M3x8;;Ricoh_image\Ricoh D085 MP3351 RC5.5_1584353998330.png
Paper Registration;D019 2755;Cleaner-registration;;Ricoh_image\Ricoh D085 MP3351 RC5.5_1584354001580.png
Paper Registration;B209 3452;Discharge Lamp;;Ricoh_image\Ricoh D085 MP3351 RC5.5_1584354001580.png
Paper Registration;D019 2720;Registration Roller - Drive;;Ricoh_image\Ricoh D085 MP3351 RC5.5_1584354001580.png
Paper Registration;D019 2822;Knob - Registration Roller;;Ricoh_image\Ricoh D085 MP3351 RC5.5_1584354001580.png
Paper Registration;5447 2681;Snap Ring;;Ricoh_image\Ricoh D085 MP3351 RC5.5_1584354001580.png
Paper Registration;D019 2820;Registration Roller - Driven;;Ricoh_image\Ricoh D085 MP3351 RC5.5_1584354001580.png
Paper Registration;D019 2757;Cleaner Bracket - Registration;;Ricoh_image\Ricoh D085 MP3351 RC5.5_1584354001580.png
Paper Registration;D019 2826;Front Bracket - Registration Guide;;Ricoh_image\Ricoh D085 MP3351 RC5.5_1584354001580.png
Paper Registration;D019 2827;Rear Bracket - Registration Guide;;Ricoh_image\Ricoh D085 MP3351 RC5.5_1584354001580.png
Paper Registration;D019 2690;Left Guide Plate - Registration;;Ricoh_image\Ricoh D085 MP3351 RC5.5_1584354001580.png
Paper Registration;B090 2698;Bracket:Registration Sensor;;Ricoh_image\Ricoh D085 MP3351 RC5.5_1584354001580.png
Paper Registration;AW01 0057;Registration Sensor;;Ricoh_image\Ricoh D085 MP3351 RC5.5_1584354001580.png
Paper Registration;D019 5237;Interface Harness - Regist Sensor;;Ricoh_image\Ricoh D085 MP3351 RC5.5_1584354001580.png
Paper Registration;D019 2699;Left Guide Plate 2 - Registration;;Ricoh_image\Ricoh D085 MP3351 RC5.5_1584354001580.png
Paper Registration;D019 2692;Left Guide Plate - Registration;;Ricoh_image\Ricoh D085 MP3351 RC5.5_1584354001580.png
Paper Registration;D019 2694;Right Guide Plate - Registration;;Ricoh_image\Ricoh D085 MP3351 RC5.5_1584354001580.png
Paper Registration;B209 2665;Roller:Sponge;;Ricoh_image\Ricoh D085 MP3351 RC5.5_1584354001580.png
Paper Registration;B090 2686;Snap Ring;;Ricoh_image\Ricoh D085 MP3351 RC5.5_1584354001580.png
Paper Registration;B090 2621;Snap Ring - M6;;Ricoh_image\Ricoh D085 MP3351 RC5.5_1584354001580.png
Paper Registration;AA08 2070;Bushing - 8x16x7;;Ricoh_image\Ricoh D085 MP3351 RC5.5_1584354001580.png
Paper Registration;D019 2829;Spring - Driven Registration;;Ricoh_image\Ricoh D085 MP3351 RC5.5_1584354001580.png
Paper Registration;D019 2823;Bushing - Driven Roller;;Ricoh_image\Ricoh D085 MP3351 RC5.5_1584354001580.png
Paper Registration;D019 1188;Magnetic Clutch:0.5N M:Z35;;Ricoh_image\Ricoh D085 MP3351 RC5.5_1584354001580.png
Paper Registration;D019 1187;O/O (200903 PCIL);;Ricoh_image\Ricoh D085 MP3351 RC5.5_1584354001580.png
Paper Registration;D019 1186;X/O MB5;;Ricoh_image\Ricoh D085 MP3351 RC5.5_1584354001580.png
Paper Registration;D019 2920;Decal:Operating:B1 Lever;;Ricoh_image\Ricoh D085 MP3351 RC5.5_1584354001580.png
Paper Registration;0452 3010N;Binding Self-Tapping Screw:3x10;;Ricoh_image\Ricoh D085 MP3351 RC5.5_1584354001580.png
Paper Registration;0451 3006N;Tapping Screw - 3x6;;Ricoh_image\Ricoh D085 MP3351 RC5.5_1584354001580.png
Paper Registration;1105 0511;Harness Clamp - LWS-0306ZC;;Ricoh_image\Ricoh D085 MP3351 RC5.5_1584354001580.png
Paper Registration;0720 0060E;Retaining Ring - M6;;Ricoh_image\Ricoh D085 MP3351 RC5.5_1584354001580.png
Paper Registration;0805 3480;Bushing - 6mm;;Ricoh_image\Ricoh D085 MP3351 RC5.5_1584354001580.png
Toner Hopper Unit;D019 3501;Toner Supply Unit;;Ricoh_image\Ricoh D085 MP3351 RC5.5_1584354007750.png
Toner Hopper Unit;B090 3605;Cam:Handle;;Ricoh_image\Ricoh D085 MP3351 RC5.5_1584354007750.png
Toner Hopper Unit;B090 3572;Shaft:Chuck;;Ricoh_image\Ricoh D085 MP3351 RC5.5_1584354007750.png
Toner Hopper Unit;A184 3422;Toner Slider;;Ricoh_image\Ricoh D085 MP3351 RC5.5_1584354007750.png
Toner Hopper Unit;B044 3191;Tapping Screw-M3x8;;Ricoh_image\Ricoh D085 MP3351 RC5.5_1584354007750.png
Toner Hopper Unit;A267 3556;Chuck Spring - Tonner Bottle;;Ricoh_image\Ricoh D085 MP3351 RC5.5_1584354007750.png
Toner Hopper Unit;B090 3573;Slider:Assy;;Ricoh_image\Ricoh D085 MP3351 RC5.5_1584354007750.png
Toner Hopper Unit;B090 3571;Chuck:Bottle;;Ricoh_image\Ricoh D085 MP3351 RC5.5_1584354007750.png
Toner Hopper Unit;B090 3560;Cover:Toner Bottle:Assy;;Ricoh_image\Ricoh D085 MP3351 RC5.5_1584354007750.png
Toner Hopper Unit;B027 3620;Motor Spacer - Toner Bottle;;Ricoh_image\Ricoh D085 MP3351 RC5.5_1584354007750.png
Toner Hopper Unit;B209 3616;Toner Bottle Motor;;Ricoh_image\Ricoh D085 MP3351 RC5.5_1584354007750.png
Toner Hopper Unit;B090 7440;Bracket DC Motor Toner Bottle Z EXP;;Ricoh_image\Ricoh D085 MP3351 RC5.5_1584354007750.png
Toner Hopper Unit;D019 1054;Guide Plate:Toner Supply Unit:Assy;;Ricoh_image\Ricoh D085 MP3351 RC5.5_1584354007750.png
Toner Hopper Unit;G020 5626;Push Switch;;Ricoh_image\Ricoh D085 MP3351 RC5.5_1584354007750.png
Toner Hopper Unit;D019 5203;Harness - New Parts Sensor;;Ricoh_image\Ricoh D085 MP3351 RC5.5_1584354007750.png
Toner Hopper Unit;0452 3008N;Tapping Screw - M3x8;;Ricoh_image\Ricoh D085 MP3351 RC5.5_1584354007750.png
Toner Hopper Unit;0450 3008N;Tapping Screw - M3x8;;Ricoh_image\Ricoh D085 MP3351 RC5.5_1584354007750.png
Toner Hopper Unit;0451 3006N;Tapping Screw - 3x6;;Ricoh_image\Ricoh D085 MP3351 RC5.5_1584354007750.png
PCU Section;B205 0151;PCU Unit;;Ricoh_image\Ricoh D085 MP3351 RC5.5_1584354013080.png
PCU Section;B039 2335;Pickoff Pawl;;Ricoh_image\Ricoh D085 MP3351 RC5.5_1584354013080.png
PCU Section;AD04 1114;Blade:Cleaning;;Ricoh_image\Ricoh D085 MP3351 RC5.5_1584354013080.png
PCU Section;A267 1059;PCU Seal;;Ricoh_image\Ricoh D085 MP3351 RC5.5_1584354013080.png
PCU Section;AA14 3444;Stepped Screw;;Ricoh_image\Ricoh D085 MP3351 RC5.5_1584354013080.png
PCU Section;AD02 7018;Roller:Charge:A3;;Ricoh_image\Ricoh D085 MP3351 RC5.5_1584354013080.png
PCU Section;AD04 2058;Charge Cleaner Brush Roller;;Ricoh_image\Ricoh D085 MP3351 RC5.5_1584354013080.png
PCU Section;B039 2287;Charge Roller Spring;;Ricoh_image\Ricoh D085 MP3351 RC5.5_1584354013080.png
PCU Section;B039 2292;Front Pressure Arm - Charge Roller;;Ricoh_image\Ricoh D085 MP3351 RC5.5_1584354013080.png
PCU Section;B090 2686;Snap Ring Deleted MB14;;Ricoh_image\Ricoh D085 MP3351 RC5.5_1584354013080.png
PCU Section;B039 2293;Pin - Front Pressure Arm;;Ricoh_image\Ricoh D085 MP3351 RC5.5_1584354013080.png
PCU Section;B209 3174;Arm:Pressure:Charge:Rear;;Ricoh_image\Ricoh D085 MP3351 RC5.5_1584354013080.png
PCU Section;B209 3175;Electrode Plate:Roller:Charge:Assy;;Ricoh_image\Ricoh D085 MP3351 RC5.5_1584354013080.png
PCU Section;B039 2350;Clip - OPC DRUM;;Ricoh_image\Ricoh D085 MP3351 RC5.5_1584354013080.png
PCU Section;B209 3440;Joint:Development;;Ricoh_image\Ricoh D085 MP3351 RC5.5_1584354013080.png
PCU Section;B039 9510;OPC Drum;;Ricoh_image\Ricoh D085 MP3351 RC5.5_1584354013080.png
PCU Section;B209 3320;Development Roller Assembly;;Ricoh_image\Ricoh D085 MP3351 RC5.5_1584354013080.png
PCU Section;B039 3062;Idler Gear;;Ricoh_image\Ricoh D085 MP3351 RC5.5_1584354013080.png
PCU Section;B039 3060;Development Roller Gear;;Ricoh_image\Ricoh D085 MP3351 RC5.5_1584354013080.png
PCU Section;B209 3370;Development Case;;Ricoh_image\Ricoh D085 MP3351 RC5.5_1584354013080.png
PCU Section;B209 3196;Shield:Toner Supply:Entrance;;Ricoh_image\Ricoh D085 MP3351 RC5.5_1584354013080.png
PCU Section;B209 3233;Drum Stay:Rear;;Ricoh_image\Ricoh D085 MP3351 RC5.5_1584354013080.png
PCU Section;B209 3360;Development Roller Case;;Ricoh_image\Ricoh D085 MP3351 RC5.5_1584354013080.png
PCU Section;B209 3215;Drum Stay:Front;;Ricoh_image\Ricoh D085 MP3351 RC5.5_1584354013080.png
PCU Section;B121 9640;Developer Type 28 Black MB2;;Ricoh_image\Ricoh D085 MP3351 RC5.5_1584354013080.png
PCU Section;B039 2343;Drum Shutter ADD (200904 PCIL);;Ricoh_image\Ricoh D085 MP3351 RC5.5_1584354013080.png
PCU Section;0360 3006N;Screw - M3x6;;Ricoh_image\Ricoh D085 MP3351 RC5.5_1584354013080.png
PCU Section;0452 3006N;Binding Self-tapping Screw:3x6;;Ricoh_image\Ricoh D085 MP3351 RC5.5_1584354013080.png
Transfer Unit;AA08 0256;Front Bushing - Transfer Roller;;Ricoh_image\Ricoh D085 MP3351 RC5.5_1584354018210.png
Transfer Unit;B091 3911;Compression Spring:Pressure:Front;;Ricoh_image\Ricoh D085 MP3351 RC5.5_1584354018210.png
Transfer Unit;AA15 0708;Front Discharge Sheet;;Ricoh_image\Ricoh D085 MP3351 RC5.5_1584354018210.png
Transfer Unit;D019 3812;Cleaner:Registration:Driven;;Ricoh_image\Ricoh D085 MP3351 RC5.5_1584354018210.png
Transfer Unit;A267 3905;Cover - ID Sensor;;Ricoh_image\Ricoh D085 MP3351 RC5.5_1584354018210.png
Transfer Unit;AA08 0250;Rear Bushing - Transfer Roller;;Ricoh_image\Ricoh D085 MP3351 RC5.5_1584354018210.png
Transfer Unit;B091 3912;Compression Spring:Pressure:Rear;;Ricoh_image\Ricoh D085 MP3351 RC5.5_1584354018210.png
Transfer Unit;A267 3861;Terminal - Transfer Roller;;Ricoh_image\Ricoh D085 MP3351 RC5.5_1584354018210.png
Transfer Unit;A267 3862;Terminal - Separation;;Ricoh_image\Ricoh D085 MP3351 RC5.5_1584354018210.png
Transfer Unit;D019 3855;Cover:Transfer/Separation Unit:C5;;Ricoh_image\Ricoh D085 MP3351 RC5.5_1584354018210.png
Transfer Unit;5447 2681;Snap Ring;;Ricoh_image\Ricoh D085 MP3351 RC5.5_1584354018210.png
Transfer Unit;D019 3941;Band - Vertical Transport Cover;;Ricoh_image\Ricoh D085 MP3351 RC5.5_1584354018210.png
Transfer Unit;D019 3931;Lever:Shutter;;Ricoh_image\Ricoh D085 MP3351 RC5.5_1584354018210.png
Transfer Unit;D019 3859;Compression Spring;;Ricoh_image\Ricoh D085 MP3351 RC5.5_1584354018210.png
Transfer Unit;D019 3866;Pressure Cover - Transfer Unit;;Ricoh_image\Ricoh D085 MP3351 RC5.5_1584354018210.png
Transfer Unit;D019 3867;Roller - Transfer Unit;;Ricoh_image\Ricoh D085 MP3351 RC5.5_1584354018210.png
Transfer Unit;AG07 0514;Magnet Catch;;Ricoh_image\Ricoh D085 MP3351 RC5.5_1584354018210.png
Transfer Unit;D019 3901;ID Sensor;;Ricoh_image\Ricoh D085 MP3351 RC5.5_1584354018210.png
Transfer Unit;D019 5236;Interface Harness - Density Sensor;;Ricoh_image\Ricoh D085 MP3351 RC5.5_1584354018210.png
Transfer Unit;D019 3908;Cover - Density Sensor Harness;;Ricoh_image\Ricoh D085 MP3351 RC5.5_1584354018210.png
Transfer Unit;D019 2656;Guide Plate - Upper;;Ricoh_image\Ricoh D085 MP3351 RC5.5_1584354018210.png
Transfer Unit;D019 2775;Guide Plate - Lower;;Ricoh_image\Ricoh D085 MP3351 RC5.5_1584354018210.png
Transfer Unit;B209 3831;Separation Unit:Assy;;Ricoh_image\Ricoh D085 MP3351 RC5.5_1584354018210.png
Transfer Unit;AA15 0709;Rear Discharge Sheet;;Ricoh_image\Ricoh D085 MP3351 RC5.5_1584354018210.png
Transfer Unit;D019 3821;Cover Assy - Transfer/Separation;;Ricoh_image\Ricoh D085 MP3351 RC5.5_1584354018210.png
Transfer Unit;0450 3008N;Tapping Screw - M3x8;;Ricoh_image\Ricoh D085 MP3351 RC5.5_1584354018210.png
Transfer Unit;0451 3006N;Tapping Screw - 3x6;;Ricoh_image\Ricoh D085 MP3351 RC5.5_1584354018210.png
Fusing Unit 1;D019 4001;Fusing Unit - 120V;;Ricoh_image\Ricoh D085 MP3351 RC5.5_1584354022660.png
Fusing Unit 1;D019 4002;Fusing Unit - 230V;;Ricoh_image\Ricoh D085 MP3351 RC5.5_1584354022660.png
Fusing Unit 1;D019 4003;Fusing Unit - TWN Added MB13;;Ricoh_image\Ricoh D085 MP3351 RC5.5_1584354022660.png
Fusing Unit 1;D019 4032;Upper Frame - Fusing Unit;;Ricoh_image\Ricoh D085 MP3351 RC5.5_1584354022660.png
Fusing Unit 1;AA00 0301;Decal Warning (High Temperature);;Ricoh_image\Ricoh D085 MP3351 RC5.5_1584354022660.png
Fusing Unit 1;AA14 3219;Stepped Screw;;Ricoh_image\Ricoh D085 MP3351 RC5.5_1584354022660.png
Fusing Unit 1;D019 4101;Bracket - Stripper Pawls;;Ricoh_image\Ricoh D085 MP3351 RC5.5_1584354022660.png
Fusing Unit 1;D019 4114;Tension Spring - Pressure;;Ricoh_image\Ricoh D085 MP3351 RC5.5_1584354022660.png
Fusing Unit 1;A267 4103;Spring - Fusing Stripper;;Ricoh_image\Ricoh D085 MP3351 RC5.5_1584354022660.png
Fusing Unit 1;AE04 4025;Hot Roller Stripper;;Ricoh_image\Ricoh D085 MP3351 RC5.5_1584354022660.png
Fusing Unit 1;D019 5274;Drawer:Fusing:120V;;Ricoh_image\Ricoh D085 MP3351 RC5.5_1584354022660.png
Fusing Unit 1;D019 5275;Drawer:Fusing:230V;;Ricoh_image\Ricoh D085 MP3351 RC5.5_1584354022660.png
Fusing Unit 1;B090 4092;Terminal:Heater;;Ricoh_image\Ricoh D085 MP3351 RC5.5_1584354022660.png
Fusing Unit 1;AX44 0140;Fusing Lamp - 120V;;Ricoh_image\Ricoh D085 MP3351 RC5.5_1584354022660.png
Fusing Unit 1;AX44 0142;Fusing Lamp - 230V;;Ricoh_image\Ricoh D085 MP3351 RC5.5_1584354022660.png
Fusing Unit 1;AX44 0256;Heater:110V:Main Added MB13;;Ricoh_image\Ricoh D085 MP3351 RC5.5_1584354022660.png
Fusing Unit 1;AX44 0141;Fusing Lamp - 120V;;Ricoh_image\Ricoh D085 MP3351 RC5.5_1584354022660.png
Fusing Unit 1;AX44 0143;Fusing Lamp - 230V;;Ricoh_image\Ricoh D085 MP3351 RC5.5_1584354022660.png
Fusing Unit 1;AX44 0257;Heater:110V:Sub Added MB13;;Ricoh_image\Ricoh D085 MP3351 RC5.5_1584354022660.png
Fusing Unit 1;G052 4618;Bearing 30x42x7;;Ricoh_image\Ricoh D085 MP3351 RC5.5_1584354022660.png
Fusing Unit 1;B031 4056;C Ring - Hot Roller;;Ricoh_image\Ricoh D085 MP3351 RC5.5_1584354022660.png
Fusing Unit 1;AB01 1400;Gear - 48Z;;Ricoh_image\Ricoh D085 MP3351 RC5.5_1584354022660.png
Fusing Unit 1;AE02 0161;Pressure Roller:MM27;;Ricoh_image\Ricoh D085 MP3351 RC5.5_1584354022660.png
Fusing Unit 1;AE03 0030;Ball Bearing - 8x19x6;;Ricoh_image\Ricoh D085 MP3351 RC5.5_1584354022660.png
Fusing Unit 1;B091 4066;Spring:Flange:Pressure Roller;;Ricoh_image\Ricoh D085 MP3351 RC5.5_1584354022660.png
Fusing Unit 1;D019 4161;Knob Screw:Fix:Fusing;;Ricoh_image\Ricoh D085 MP3351 RC5.5_1584354022660.png
Fusing Unit 1;B209 4071;Circlip Stopper;;Ricoh_image\Ricoh D085 MP3351 RC5.5_1584354022660.png
Fusing Unit 1;B206 4077;Guide:Harness:Plate;;Ricoh_image\Ricoh D085 MP3351 RC5.5_1584354022660.png
Fusing Unit 1;AE01 1103;Hot Roller:MM40:T0.4;;Ricoh_image\Ricoh D085 MP3351 RC5.5_1584354022660.png
Fusing Unit 1;B051 4050;Philips Screw - M3x8;;Ricoh_image\Ricoh D085 MP3351 RC5.5_1584354022660.png
Fusing Unit 1;D019 4158;Spring:Open And Close:Guide Added MB12;;Ricoh_image\Ricoh D085 MP3351 RC5.5_1584354022660.png
Fusing Unit 1;D019 4156;Guide Plate:Fusing:Upper Added MB12;;Ricoh_image\Ricoh D085 MP3351 RC5.5_1584354022660.png
Fusing Unit 1;D019 4181;Decal:Grip:Guide Plate:Fusing Exit;;Ricoh_image\Ricoh D085 MP3351 RC5.5_1584354022660.png
Fusing Unit 1;D019 4184;Decal:Grip:Guide Plate:Fusing Exit;;Ricoh_image\Ricoh D085 MP3351 RC5.5_1584354022660.png
Fusing Unit 1;0804 6123;Hexagonal Bolt:W/Washer:M3x8;;Ricoh_image\Ricoh D085 MP3351 RC5.5_1584354022660.png
Fusing Unit 1;0451 3006N;Tapping Screw - 3x6;;Ricoh_image\Ricoh D085 MP3351 RC5.5_1584354022660.png
Fusing Unit 1;0450 3010N;Tapping Screw - M3x10;;Ricoh_image\Ricoh D085 MP3351 RC5.5_1584354022660.png
Fusing Unit 1;0720 0030E;Retaining Ring - M3;;Ricoh_image\Ricoh D085 MP3351 RC5.5_1584354022660.png
Fusing Unit 1;0720 0060E;Retaining Ring - M6;;Ricoh_image\Ricoh D085 MP3351 RC5.5_1584354022660.png
Fusing Unit 2;B027 4091;Front Terminal Plate - Thermostat;;Ricoh_image\Ricoh D085 MP3351 RC5.5_1584354028710.png
Fusing Unit 2;B209 4094;Thermostat Housing;;Ricoh_image\Ricoh D085 MP3351 RC5.5_1584354028710.png
Fusing Unit 2;B209 4095;Thermostat - 180C;;Ricoh_image\Ricoh D085 MP3351 RC5.5_1584354028710.png
Fusing Unit 2;D019 4112;Grip - Pressure Change;;Ricoh_image\Ricoh D085 MP3351 RC5.5_1584354028710.png
Fusing Unit 2;D019 4116;Front Lever - Pressure Roller;;Ricoh_image\Ricoh D085 MP3351 RC5.5_1584354028710.png
Fusing Unit 2;D019 4121;Front Side Plate - Fusing;;Ricoh_image\Ricoh D085 MP3351 RC5.5_1584354028710.png
Fusing Unit 2;D019 4197;Lever:Lock:Pressure;;Ricoh_image\Ricoh D085 MP3351 RC5.5_1584354028710.png
Fusing Unit 2;D019 4171;Lever:Pressure Release:Front:Assy;;Ricoh_image\Ricoh D085 MP3351 RC5.5_1584354028710.png
Fusing Unit 2;D019 4166;End Ring:Spring:DIA4 Deleted RTB40;;Ricoh_image\Ricoh D085 MP3351 RC5.5_1584354028710.png
Fusing Unit 2;D019 4194;Roller:Lever:Pressure;;Ricoh_image\Ricoh D085 MP3351 RC5.5_1584354028710.png
Fusing Unit 2;D019 4792;Screw:Drawer;;Ricoh_image\Ricoh D085 MP3351 RC5.5_1584354028710.png
Fusing Unit 2;D019 4191;Lever:Pressure Release:Rear:Assy;;Ricoh_image\Ricoh D085 MP3351 RC5.5_1584354028710.png
Fusing Unit 2;D019 4111;Shaft - Pressure Lever;;Ricoh_image\Ricoh D085 MP3351 RC5.5_1584354028710.png
Fusing Unit 2;B027 4092;Terminal Plate - Thermostat;;Ricoh_image\Ricoh D085 MP3351 RC5.5_1584354028710.png
Fusing Unit 2;B027 4093;Rear Terminal Plate - Thermostat;;Ricoh_image\Ricoh D085 MP3351 RC5.5_1584354028710.png
Fusing Unit 2;B027 4079;Harness - Sheet;;Ricoh_image\Ricoh D085 MP3351 RC5.5_1584354028710.png
Fusing Unit 2;B206 4078;Cover:Thermostat;;Ricoh_image\Ricoh D085 MP3351 RC5.5_1584354028710.png
Fusing Unit 2;B091 4084;Compression Spring - 5N;;Ricoh_image\Ricoh D085 MP3351 RC5.5_1584354028710.png
Fusing Unit 2;AA08 2073;Roller Busing;;Ricoh_image\Ricoh D085 MP3351 RC5.5_1584354028710.png
Fusing Unit 2;AE04 2029;Fusing Cleaning Roller;;Ricoh_image\Ricoh D085 MP3351 RC5.5_1584354028710.png
Fusing Unit 2;B090 4082;Link:Release:Drive;;Ricoh_image\Ricoh D085 MP3351 RC5.5_1584354028710.png
Fusing Unit 2;B090 4083;Lever:Release:Drive;;Ricoh_image\Ricoh D085 MP3351 RC5.5_1584354028710.png
Fusing Unit 2;B207 4081;Spring:Release:Drive;;Ricoh_image\Ricoh D085 MP3351 RC5.5_1584354028710.png
Fusing Unit 2;D019 4125;Rear Side Plate - Fusing;;Ricoh_image\Ricoh D085 MP3351 RC5.5_1584354028710.png
Fusing Unit 2;D019 4183;Decal:Warning (High Temperature):C;;Ricoh_image\Ricoh D085 MP3351 RC5.5_1584354028710.png
Fusing Unit 2;A267 4085;Fusing Entrance Guide;;Ricoh_image\Ricoh D085 MP3351 RC5.5_1584354028710.png
Fusing Unit 2;D019 4072;Lower Frame - Fusing Unit;;Ricoh_image\Ricoh D085 MP3351 RC5.5_1584354028710.png
Fusing Unit 2;A267 4086;Fusing Ground Plate - Entrance;;Ricoh_image\Ricoh D085 MP3351 RC5.5_1584354028710.png
Fusing Unit 2;AW10 0053;Thermistor - Rear;;Ricoh_image\Ricoh D085 MP3351 RC5.5_1584354028710.png
Fusing Unit 2;B090 4099;Holder:Thermistor;;Ricoh_image\Ricoh D085 MP3351 RC5.5_1584354028710.png
Fusing Unit 2;A232 2374;Spur;;Ricoh_image\Ricoh D085 MP3351 RC5.5_1584354028710.png
Fusing Unit 2;A267 4076;Spacer - Safety Switch;;Ricoh_image\Ricoh D085 MP3351 RC5.5_1584354028710.png
Fusing Unit 2;D019 4117;Rear Lever - Pressure Roller;;Ricoh_image\Ricoh D085 MP3351 RC5.5_1584354028710.png
Fusing Unit 2;D019 4182;Decal:Exchange Indication:Envelope;;Ricoh_image\Ricoh D085 MP3351 RC5.5_1584354028710.png
Fusing Unit 2;D019 4080;Sheet:Thermostat;;Ricoh_image\Ricoh D085 MP3351 RC5.5_1584354028710.png
Fusing Unit 2;D019 4169;Seal:Fusing Cover;;Ricoh_image\Ricoh D085 MP3351 RC5.5_1584354028710.png
Fusing Unit 2;0451 3006N;Tapping Screw - 3x6;;Ricoh_image\Ricoh D085 MP3351 RC5.5_1584354028710.png
Fusing Unit 2;0804 6123;Hexagonal Bolt:W/Washer:M3x8;;Ricoh_image\Ricoh D085 MP3351 RC5.5_1584354028710.png
Fusing Unit 2;0450 3010N;Tapping Screw - M3x10;;Ricoh_image\Ricoh D085 MP3351 RC5.5_1584354028710.png
Fusing Unit 2;0720 0030E;Retaining Ring - M3;;Ricoh_image\Ricoh D085 MP3351 RC5.5_1584354028710.png
Fusing Unit 2;0954 3012N;Screw - M3x12;;Ricoh_image\Ricoh D085 MP3351 RC5.5_1584354028710.png
Fusing Unit 2;1102 6260;Relay Connector - 3P;;Ricoh_image\Ricoh D085 MP3351 RC5.5_1584354028710.png
Fusing Unit 2;0733 0408;Bushing:4x8;;Ricoh_image\Ricoh D085 MP3351 RC5.5_1584354028710.png
Paper Exit;AF04 0567;Tension Roller;;Ricoh_image\Ricoh D085 MP3351 RC5.5_1584354032535.png
Paper Exit;AF04 0566;Tension Roller;;Ricoh_image\Ricoh D085 MP3351 RC5.5_1584354032535.png
Paper Exit;A267 4483;Spring Plate - Tension Roller;;Ricoh_image\Ricoh D085 MP3351 RC5.5_1584354032535.png
Paper Exit;A267 4474;Spring Plate - Tension Roller;;Ricoh_image\Ricoh D085 MP3351 RC5.5_1584354032535.png
Paper Exit;B091 4487;Stopper:Spring Plate:Outer;;Ricoh_image\Ricoh D085 MP3351 RC5.5_1584354032535.png
Paper Exit;B091 4486;Stopper:Spring Plate;;Ricoh_image\Ricoh D085 MP3351 RC5.5_1584354032535.png
Paper Exit;A267 4479;Shaft - Paper Overflow;;Ricoh_image\Ricoh D085 MP3351 RC5.5_1584354032535.png
Paper Exit;A267 4478;Feeler - Paper Overflow;;Ricoh_image\Ricoh D085 MP3351 RC5.5_1584354032535.png
Paper Exit;A267 4476;Feeler - Paper Feed Sensor;;Ricoh_image\Ricoh D085 MP3351 RC5.5_1584354032535.png
Paper Exit;B209 4475;Exit Roller;;Ricoh_image\Ricoh D085 MP3351 RC5.5_1584354032535.png
Paper Exit;AA12 0094;Antistatic Brush;;Ricoh_image\Ricoh D085 MP3351 RC5.5_1584354032535.png
Paper Exit;B090 4489;Cover:Paper Feed Sensor;;Ricoh_image\Ricoh D085 MP3351 RC5.5_1584354032535.png
Paper Exit;D019 5207;Harness - Paper Feed Sensor;;Ricoh_image\Ricoh D085 MP3351 RC5.5_1584354032535.png
Paper Exit;B207 1886;Photointerruptor;;Ricoh_image\Ricoh D085 MP3351 RC5.5_1584354032535.png
Paper Exit;D019 4454;Guide Plate - Exit;;Ricoh_image\Ricoh D085 MP3351 RC5.5_1584354032535.png
Paper Exit;AB01 1404;Gear - 19Z;;Ricoh_image\Ricoh D085 MP3351 RC5.5_1584354032535.png
Paper Exit;AF02 2112;Driven Roller;;Ricoh_image\Ricoh D085 MP3351 RC5.5_1584354032535.png
Paper Exit;D019 4452;Stay - Exit Unit;;Ricoh_image\Ricoh D085 MP3351 RC5.5_1584354032535.png
Paper Exit;D019 1058;Bracket:Stopper;;Ricoh_image\Ricoh D085 MP3351 RC5.5_1584354032535.png
Paper Exit;D019 1059;Guide:Stopper;;Ricoh_image\Ricoh D085 MP3351 RC5.5_1584354032535.png
Paper Exit;0451 3008N;Tapping Screw - M3x8;;Ricoh_image\Ricoh D085 MP3351 RC5.5_1584354032535.png
Paper Exit;0454 3006Q;Tapping Screw - M3x6;;Ricoh_image\Ricoh D085 MP3351 RC5.5_1584354032535.png
Paper Exit;0805 3480;Bushing - 6mm;;Ricoh_image\Ricoh D085 MP3351 RC5.5_1584354032535.png
Paper Exit;0720 0040E;Retaining Ring - M4;;Ricoh_image\Ricoh D085 MP3351 RC5.5_1584354032535.png
Drive Section 1;B090 1162;Cover:Fusing:Drive;;Ricoh_image\Ricoh D085 MP3351 RC5.5_1584354035090.png
Drive Section 1;AB01 1204;Gear - 27Z;;Ricoh_image\Ricoh D085 MP3351 RC5.5_1584354035090.png
Drive Section 1;AB01 7503;Gear - 35Z/28Z;;Ricoh_image\Ricoh D085 MP3351 RC5.5_1584354035090.png
Drive Section 1;AA04 3515;Timing Belt - S3M - 225;;Ricoh_image\Ricoh D085 MP3351 RC5.5_1584354035090.png
Drive Section 1;B090 1170;Bracket:Fusing:Swivel;;Ricoh_image\Ricoh D085 MP3351 RC5.5_1584354035090.png
Drive Section 1;AB01 1203;Gear - 30Z;;Ricoh_image\Ricoh D085 MP3351 RC5.5_1584354035090.png
Drive Section 1;B090 1159;Bracket:Fusing:Drive;;Ricoh_image\Ricoh D085 MP3351 RC5.5_1584354035090.png
Drive Section 1;B209 1167;Lever:DCSOL:Assy;;Ricoh_image\Ricoh D085 MP3351 RC5.5_1584354035090.png
Drive Section 1;AB01 4050;Gear - 44Z;;Ricoh_image\Ricoh D085 MP3351 RC5.5_1584354035090.png
Drive Section 1;AA04 3516;Timing Belt - S3M - 342;;Ricoh_image\Ricoh D085 MP3351 RC5.5_1584354035090.png
Drive Section 1;AB03 3092;Timing Pulley - 27T/48T;;Ricoh_image\Ricoh D085 MP3351 RC5.5_1584354035090.png
Drive Section 1;AA04 3514;Timing Belt - S3M - 420;;Ricoh_image\Ricoh D085 MP3351 RC5.5_1584354035090.png
Drive Section 1;B090 1111;Timing Pulley - 31/36T;;Ricoh_image\Ricoh D085 MP3351 RC5.5_1584354035090.png
Drive Section 1;B091 2615;Spring:Tension;;Ricoh_image\Ricoh D085 MP3351 RC5.5_1584354035090.png
Drive Section 1;B090 1115;Bracket:Tension;;Ricoh_image\Ricoh D085 MP3351 RC5.5_1584354035090.png
Drive Section 1;D019 3950;Receptacle - Transfer/Separation;;Ricoh_image\Ricoh D085 MP3351 RC5.5_1584354035090.png
Drive Section 1;B090 1076;Guide Plate:Fusing Unit:Rear:C;;Ricoh_image\Ricoh D085 MP3351 RC5.5_1584354035090.png
Drive Section 1;D019 5271;Fusing AC Harness - 120V;;Ricoh_image\Ricoh D085 MP3351 RC5.5_1584354035090.png
Drive Section 1;D019 5272;Fusing AC Harness - 230V;;Ricoh_image\Ricoh D085 MP3351 RC5.5_1584354035090.png
Drive Section 1;AA14 3301;Stepped Screw - M3x4;;Ricoh_image\Ricoh D085 MP3351 RC5.5_1584354035090.png
Drive Section 1;B209 5156;PCB:PCU;;Ricoh_image\Ricoh D085 MP3351 RC5.5_1584354035090.png
Drive Section 1;D019 3461;Charge Receptacle;;Ricoh_image\Ricoh D085 MP3351 RC5.5_1584354035090.png
Drive Section 1;D019 1184;Fly Wheel - 118.5MM;;Ricoh_image\Ricoh D085 MP3351 RC5.5_1584354035090.png
Drive Section 1;D019 1129;Brushless Motor-DC 30W;;Ricoh_image\Ricoh D085 MP3351 RC5.5_1584354035090.png
Drive Section 1;D019 5218;Harness - High Voltage B:R-C;;Ricoh_image\Ricoh D085 MP3351 RC5.5_1584354035090.png
Drive Section 1;B259 1131;Screw:PCU;;Ricoh_image\Ricoh D085 MP3351 RC5.5_1584354035090.png
Drive Section 1;0454 3006Q;Tapping Screw - M3x6;;Ricoh_image\Ricoh D085 MP3351 RC5.5_1584354035090.png
Drive Section 1;0451 3006N;Tapping Screw - 3x6;;Ricoh_image\Ricoh D085 MP3351 RC5.5_1584354035090.png
Drive Section 1;0951 3008N;Screw:Polished Roud:M3x8;;Ricoh_image\Ricoh D085 MP3351 RC5.5_1584354035090.png
Drive Section 1;0804 6123;Hexagonal Bolt:W/Washer:M3x8;;Ricoh_image\Ricoh D085 MP3351 RC5.5_1584354035090.png
Drive Section 1;0720 0060E;Retaining Ring - M6;;Ricoh_image\Ricoh D085 MP3351 RC5.5_1584354035090.png
Drive Section 1;0720 0040E;Retaining Ring - M4;;Ricoh_image\Ricoh D085 MP3351 RC5.5_1584354035090.png
Drive Section 1;0805 0089;Retaining Ring - M4;;Ricoh_image\Ricoh D085 MP3351 RC5.5_1584354035090.png
Drive Section 1;1105 0687;Clamp:FC-30;;Ricoh_image\Ricoh D085 MP3351 RC5.5_1584354035090.png
Drive Section 2;D019 5824;Harness Bracket;;Ricoh_image\Ricoh D085 MP3351 RC5.5_1584354039070.png
Drive Section 2;B209 1183;Bracket:Connecting:Paper Feed;;Ricoh_image\Ricoh D085 MP3351 RC5.5_1584354039070.png
Drive Section 2;AB01 7522;Gear - Joint Paper Feed;;Ricoh_image\Ricoh D085 MP3351 RC5.5_1584354039070.png
Drive Section 2;AB01 7625;Gear Pulley - Registration;;Ricoh_image\Ricoh D085 MP3351 RC5.5_1584354039070.png
Drive Section 2;AA04 3516;Timing Belt - S3M - 342;;Ricoh_image\Ricoh D085 MP3351 RC5.5_1584354039070.png
Drive Section 2;G020 5626;Push Switch;;Ricoh_image\Ricoh D085 MP3351 RC5.5_1584354039070.png
Drive Section 2;AB03 0627;Timing Pulley - 18T;;Ricoh_image\Ricoh D085 MP3351 RC5.5_1584354039070.png
Drive Section 2;B091 2615;Spring:Tension;;Ricoh_image\Ricoh D085 MP3351 RC5.5_1584354039070.png
Drive Section 2;B090 2602;Bracket:Tension;;Ricoh_image\Ricoh D085 MP3351 RC5.5_1584354039070.png
Drive Section 2;AB01 1199;Gear - 31Z/54Z;;Ricoh_image\Ricoh D085 MP3351 RC5.5_1584354039070.png
Drive Section 2;AA04 3517;Timing Belt - S3M - 315;;Ricoh_image\Ricoh D085 MP3351 RC5.5_1584354039070.png
Drive Section 2;AB03 0626;Timing Pulley - 20T;;Ricoh_image\Ricoh D085 MP3351 RC5.5_1584354039070.png
Drive Section 2;D019 2816;Magnetic Clutch:0.35N M:Z50;;Ricoh_image\Ricoh D085 MP3351 RC5.5_1584354039070.png
Drive Section 2;D019 2616;O/O (200903 PCIL);;Ricoh_image\Ricoh D085 MP3351 RC5.5_1584354039070.png
Drive Section 2;AX20 0290;Magnetic Clutch:0.25N M:Z38;;Ricoh_image\Ricoh D085 MP3351 RC5.5_1584354039070.png
Drive Section 2;D019 2617;O/O (200903 PCIL);;Ricoh_image\Ricoh D085 MP3351 RC5.5_1584354039070.png
Drive Section 2;B090 2604;Stopper:Feed:CL;;Ricoh_image\Ricoh D085 MP3351 RC5.5_1584354039070.png
Drive Section 2;D019 2596;Cover:Drive:Paper Feed:Right;;Ricoh_image\Ricoh D085 MP3351 RC5.5_1584354039070.png
Drive Section 2;D019 5828;Grip - Rear Right;;Ricoh_image\Ricoh D085 MP3351 RC5.5_1584354039070.png
Drive Section 2;D019 5826;Connector Bracket - Manual Feed;;Ricoh_image\Ricoh D085 MP3351 RC5.5_1584354039070.png
Drive Section 2;D019 5834;Bracket - Grip;;Ricoh_image\Ricoh D085 MP3351 RC5.5_1584354039070.png
Drive Section 2;B091 2607;Snap Ring;;Ricoh_image\Ricoh D085 MP3351 RC5.5_1584354039070.png
Drive Section 2;A267 2601;Positioning Guide - Bypass Feed;;Ricoh_image\Ricoh D085 MP3351 RC5.5_1584354039070.png
Drive Section 2;0451 3006N;Tapping Screw - 3x6;;Ricoh_image\Ricoh D085 MP3351 RC5.5_1584354039070.png
Drive Section 2;0454 3006Q;Tapping Screw - M3x6;;Ricoh_image\Ricoh D085 MP3351 RC5.5_1584354039070.png
Drive Section 2;0804 6123;Hexagonal Bolt:W/Washer:M3x8;;Ricoh_image\Ricoh D085 MP3351 RC5.5_1584354039070.png
Drive Section 2;0720 0060E;Retaining Ring - M6;;Ricoh_image\Ricoh D085 MP3351 RC5.5_1584354039070.png
Drive Section 2;1105 0516;Clamp;;Ricoh_image\Ricoh D085 MP3351 RC5.5_1584354039070.png
Drive Section 2;1105 0488;Harness Clamp;;Ricoh_image\Ricoh D085 MP3351 RC5.5_1584354039070.png
Drive Section 2;1105 0511;Harness Clamp - LWS-0306ZC;;Ricoh_image\Ricoh D085 MP3351 RC5.5_1584354039070.png
Drive Section 3;D331 2680;DC Motor:Paper Feed:Assy;;Ricoh_image\Ricoh D085 MP3351 RC5.5_1584354044630.png
Drive Section 3;AX04 0220;O/O (200911PCIL);;Ricoh_image\Ricoh D085 MP3351 RC5.5_1584354044630.png
Drive Section 3;AW02 0141;Photointerruptor;;Ricoh_image\Ricoh D085 MP3351 RC5.5_1584354044630.png
Drive Section 3;AA08 2070;Bushing - 8x16x7;;Ricoh_image\Ricoh D085 MP3351 RC5.5_1584354044630.png
Drive Section 3;B090 2773;Bracket:Rise:2;;Ricoh_image\Ricoh D085 MP3351 RC5.5_1584354044630.png
Drive Section 3;B090 2592;Cover:Right Inner Rear;;Ricoh_image\Ricoh D085 MP3351 RC5.5_1584354044630.png
Drive Section 3;D010 2780;Rising Unit;;Ricoh_image\Ricoh D085 MP3351 RC5.5_1584354044630.png
Drive Section 3;B024 2765;Pressure Lever Stopper;;Ricoh_image\Ricoh D085 MP3351 RC5.5_1584354044630.png
Drive Section 3;B091 2766;Tension Spring:Stopper:Return;;Ricoh_image\Ricoh D085 MP3351 RC5.5_1584354044630.png
Drive Section 3;B090 2815;Bracket:Rise:1;;Ricoh_image\Ricoh D085 MP3351 RC5.5_1584354044630.png
Drive Section 3;A267 2770;Vibrating Plate;;Ricoh_image\Ricoh D085 MP3351 RC5.5_1584354044630.png
Drive Section 3;D010 2777;Lever - Paper Volume Sensor;;Ricoh_image\Ricoh D085 MP3351 RC5.5_1584354044630.png
Drive Section 3;B091 2767;Torsion Spring:Joint:Return;;Ricoh_image\Ricoh D085 MP3351 RC5.5_1584354044630.png
Drive Section 3;B090 2848;Stopper:Holder:Compression Spring;;Ricoh_image\Ricoh D085 MP3351 RC5.5_1584354044630.png
Drive Section 3;A267 2846;Holder - Spring;;Ricoh_image\Ricoh D085 MP3351 RC5.5_1584354044630.png
Drive Section 3;B091 2844;Compression Spring:Return;;Ricoh_image\Ricoh D085 MP3351 RC5.5_1584354044630.png
Drive Section 3;A267 2845;Bushing - DC Motor Shaft;;Ricoh_image\Ricoh D085 MP3351 RC5.5_1584354044630.png
Drive Section 3;B090 2838;Bracket:DC Motor:2;;Ricoh_image\Ricoh D085 MP3351 RC5.5_1584354044630.png
Drive Section 3;D019 2860;Shaft:DC Motor:Assy;;Ricoh_image\Ricoh D085 MP3351 RC5.5_1584354044630.png
Drive Section 3;D019 2776;Lever:DC Motor:Assy;;Ricoh_image\Ricoh D085 MP3351 RC5.5_1584354044630.png
Drive Section 3;B031 2836;Clip:Shaft;;Ricoh_image\Ricoh D085 MP3351 RC5.5_1584354044630.png
Drive Section 3;D010 2771;Tension Spring;;Ricoh_image\Ricoh D085 MP3351 RC5.5_1584354044630.png
Drive Section 3;D019 2849;Shutter - Photointerruptor;;Ricoh_image\Ricoh D085 MP3351 RC5.5_1584354044630.png
Drive Section 3;A267 2847;Bushing - Motor Shaft;;Ricoh_image\Ricoh D085 MP3351 RC5.5_1584354044630.png
Drive Section 3;B090 2837;Bracket:DC Motor:1;;Ricoh_image\Ricoh D085 MP3351 RC5.5_1584354044630.png
Drive Section 3;B024 2839;Harness Cover - Paper Feed;;Ricoh_image\Ricoh D085 MP3351 RC5.5_1584354044630.png
Drive Section 3;D019 2795;Side Fence Bracket;;Ricoh_image\Ricoh D085 MP3351 RC5.5_1584354044630.png
Drive Section 3;D019 2593;Cover:Positioning Pin:Middle;;Ricoh_image\Ricoh D085 MP3351 RC5.5_1584354044630.png
Drive Section 3;B090 2593;Cover:Left Inner Rear;;Ricoh_image\Ricoh D085 MP3351 RC5.5_1584354044630.png
Drive Section 3;D010 2871;Bracket - Paper Size Sensor;;Ricoh_image\Ricoh D085 MP3351 RC5.5_1584354044630.png
Drive Section 3;AW02 0173;Photointerruptor:Vertical Transport;;Ricoh_image\Ricoh D085 MP3351 RC5.5_1584354044630.png
Drive Section 3;G020 5626;Push Switch;;Ricoh_image\Ricoh D085 MP3351 RC5.5_1584354044630.png
Drive Section 3;0451 3006N;Tapping Screw - 3x6;;Ricoh_image\Ricoh D085 MP3351 RC5.5_1584354044630.png
Drive Section 3;0454 3006Q;Tapping Screw - M3x6;;Ricoh_image\Ricoh D085 MP3351 RC5.5_1584354044630.png
Drive Section 3;1105 0511;Harness Clamp - LWS-0306ZC;;Ricoh_image\Ricoh D085 MP3351 RC5.5_1584354044630.png
Drive Section 3;0720 0060E;Retaining Ring - M6;;Ricoh_image\Ricoh D085 MP3351 RC5.5_1584354044630.png
Drive Section 3;0950 4008Z;Philips Truss Screw - M4x8;;Ricoh_image\Ricoh D085 MP3351 RC5.5_1584354044630.png
Drive Section 3;0720 0040E;Retaining Ring - M4;;Ricoh_image\Ricoh D085 MP3351 RC5.5_1584354044630.png
Drive Section 3;0451 3030N;Tapping Screw:3x30;;Ricoh_image\Ricoh D085 MP3351 RC5.5_1584354044630.png
Drive Section 3;1105 0460;Clamp;;Ricoh_image\Ricoh D085 MP3351 RC5.5_1584354044630.png
Drive Section 3;1105 0329;Clamp - ES-0510;;Ricoh_image\Ricoh D085 MP3351 RC5.5_1584354044630.png
Electrical Section 1;D019 5245;Harness - SBU MS;;Ricoh_image\Ricoh D085 MP3351 RC5.5_1584354049260.png
Electrical Section 1;B238 5345;Scanner Interface Cable;;Ricoh_image\Ricoh D085 MP3351 RC5.5_1584354049260.png
Electrical Section 1;B238 5372;X/O (200911PCIL);;Ricoh_image\Ricoh D085 MP3351 RC5.5_1584354049260.png
Electrical Section 1;D019 5130;SIU Board;;Ricoh_image\Ricoh D085 MP3351 RC5.5_1584354049260.png
Electrical Section 1;D020 5162;SIU Board - CS;;Ricoh_image\Ricoh D085 MP3351 RC5.5_1584354049260.png
Electrical Section 1;D019 5871;SIU Bracket;;Ricoh_image\Ricoh D085 MP3351 RC5.5_1584354049260.png
Electrical Section 1;D019 5850;Bracket - IPU;;Ricoh_image\Ricoh D085 MP3351 RC5.5_1584354049260.png
Electrical Section 1;D019 5152;PCB:Image Processing Unit;;Ricoh_image\Ricoh D085 MP3351 RC5.5_1584354049260.png
Electrical Section 1;D019 5223;Harness - Laser Diode;;Ricoh_image\Ricoh D085 MP3351 RC5.5_1584354049260.png
Electrical Section 1;D019 5226;Harness - OPU MS;;Ricoh_image\Ricoh D085 MP3351 RC5.5_1584354049260.png
Electrical Section 1;D020 5211;Harness:Operation Sub-unit:24V;;Ricoh_image\Ricoh D085 MP3351 RC5.5_1584354049260.png
Electrical Section 1;D019 5221;FFC Harness 2 - IPU;;Ricoh_image\Ricoh D085 MP3351 RC5.5_1584354049260.png
Electrical Section 1;D019 5210;FFC Harness 1 - IPU;;Ricoh_image\Ricoh D085 MP3351 RC5.5_1584354049260.png
Electrical Section 1;D019 5853;Cover - IPU FFC;;Ricoh_image\Ricoh D085 MP3351 RC5.5_1584354049260.png
Electrical Section 1;D019 5859;Bracket 2 - Control Board;;Ricoh_image\Ricoh D085 MP3351 RC5.5_1584354049260.png
Electrical Section 1;D019 5310;Controller Board - 33 MS (D019);;Ricoh_image\Ricoh D085 MP3351 RC5.5_1584354049260.png
Electrical Section 1;D020 5310;Controller Board - 33 CS (D020);;Ricoh_image\Ricoh D085 MP3351 RC5.5_1584354049260.png
Electrical Section 1;D019 5311;Controller Board - 25 MS (D017);;Ricoh_image\Ricoh D085 MP3351 RC5.5_1584354049260.png
Electrical Section 1;D020 5311;Controller Board - 25 CS (D018);;Ricoh_image\Ricoh D085 MP3351 RC5.5_1584354049260.png
Electrical Section 1;D085 5310;PCB:Controller:33 (D085);;Ricoh_image\Ricoh D085 MP3351 RC5.5_1584354049260.png
Electrical Section 1;D085 5311;PCB:Controller:28 (D084);;Ricoh_image\Ricoh D085 MP3351 RC5.5_1584354049260.png
Electrical Section 1;D009 9590;NVRAM;;Ricoh_image\Ricoh D085 MP3351 RC5.5_1584354049260.png
Electrical Section 1;D009 5899;Right Rail - Small;;Ricoh_image\Ricoh D085 MP3351 RC5.5_1584354049260.png
Electrical Section 1;D009 5891;Left Rail - Fax Control Unit;;Ricoh_image\Ricoh D085 MP3351 RC5.5_1584354049260.png
Electrical Section 1;D019 5890;Panel - Fax;;Ricoh_image\Ricoh D085 MP3351 RC5.5_1584354049260.png
Electrical Section 1;D019 5868;Bracket - Control Board;;Ricoh_image\Ricoh D085 MP3351 RC5.5_1584354049260.png
Electrical Section 1;B209 5867;Panel:Interface;;Ricoh_image\Ricoh D085 MP3351 RC5.5_1584354049260.png
Electrical Section 1;B585 5130;PCB:DDR1-DIMM-32B:256MB:Assy;;Ricoh_image\Ricoh D085 MP3351 RC5.5_1584354049260.png
Electrical Section 1;B585 5140;PCB:DDR1-DIMM-32B:512MB:Assy;;Ricoh_image\Ricoh D085 MP3351 RC5.5_1584354049260.png
Electrical Section 1;D362 5170;PCB - HDD;;Ricoh_image\Ricoh D085 MP3351 RC5.5_1584354049260.png
Electrical Section 1;D362 5132;Harness - HDD;;Ricoh_image\Ricoh D085 MP3351 RC5.5_1584354049260.png
Electrical Section 1;D362 5131;Cable - HDD Power;;Ricoh_image\Ricoh D085 MP3351 RC5.5_1584354049260.png
Electrical Section 1;AA14 3848;Stepped Screw - M3;;Ricoh_image\Ricoh D085 MP3351 RC5.5_1584354049260.png
Electrical Section 1;AA16 1125;Rubber Cushion;;Ricoh_image\Ricoh D085 MP3351 RC5.5_1584354049260.png
Electrical Section 1;D362 1140;HDD Bracket;;Ricoh_image\Ricoh D085 MP3351 RC5.5_1584354049260.png
Electrical Section 1;M308 5130;HDD:80GB:MHZ2080BH:FUJITSU;;Ricoh_image\Ricoh D085 MP3351 RC5.5_1584354049260.png
Electrical Section 1;M344 5130;O/O (200906 PCIL);;Ricoh_image\Ricoh D085 MP3351 RC5.5_1584354049260.png
Electrical Section 1;D362 5130;O/O MB10;;Ricoh_image\Ricoh D085 MP3351 RC5.5_1584354049260.png
Electrical Section 1;D019 5899;Thermally Conductive Sheet;;Ricoh_image\Ricoh D085 MP3351 RC5.5_1584354049260.png
Electrical Section 1;D092 5910;SD-Card:VM:EXP:Assy (D084/D085);;Ricoh_image\Ricoh D085 MP3351 RC5.5_1584354049260.png
Electrical Section 1;D383 5010;SD-Card - RPCS (D017/D018/D019/D020);;Ricoh_image\Ricoh D085 MP3351 RC5.5_1584354049260.png
Electrical Section 1;0451 3006N;Tapping Screw - 3x6;;Ricoh_image\Ricoh D085 MP3351 RC5.5_1584354049260.png
Electrical Section 1;0454 3006Q;Tapping Screw - M3x6;;Ricoh_image\Ricoh D085 MP3351 RC5.5_1584354049260.png
Electrical Section 1;0353 0050N;Screw-M3x5;;Ricoh_image\Ricoh D085 MP3351 RC5.5_1584354049260.png
Electrical Section 1;0804 6123;Hexagonal Bolt:W/Washer:M3x8;;Ricoh_image\Ricoh D085 MP3351 RC5.5_1584354049260.png
Electrical Section 2;D019 5110;SIO Board (MS model);;Ricoh_image\Ricoh D085 MP3351 RC5.5_1584354055206.png
Electrical Section 2;D020 5180;SIO Board - CS (CS model);;Ricoh_image\Ricoh D085 MP3351 RC5.5_1584354055206.png
Electrical Section 2;D019 5254;Harness - SBU Power MS (MS model);;Ricoh_image\Ricoh D085 MP3351 RC5.5_1584354055206.png
Electrical Section 2;B238 5368;Harness - SBU (CS model);;Ricoh_image\Ricoh D085 MP3351 RC5.5_1584354055206.png
Electrical Section 2;D019 5248;Harness - BCU-SIO;;Ricoh_image\Ricoh D085 MP3351 RC5.5_1584354055206.png
Electrical Section 2;B090 5833;Bracket:Power Pack;;Ricoh_image\Ricoh D085 MP3351 RC5.5_1584354055206.png
Electrical Section 2;G020 5871;Spacer - KGLS-12RF;;Ricoh_image\Ricoh D085 MP3351 RC5.5_1584354055206.png
Electrical Section 2;AZ32 0158;Power Pack - BCTD;;Ricoh_image\Ricoh D085 MP3351 RC5.5_1584354055206.png
Electrical Section 2;D019 5217;Harness - Power Pack;;Ricoh_image\Ricoh D085 MP3351 RC5.5_1584354055206.png
Electrical Section 2;D019 5839;Upper Stand - IOB;;Ricoh_image\Ricoh D085 MP3351 RC5.5_1584354055206.png
Electrical Section 2;D019 5200;Harness - ADF;;Ricoh_image\Ricoh D085 MP3351 RC5.5_1584354055206.png
Electrical Section 2;D019 5840;Lower Stand - IOB;;Ricoh_image\Ricoh D085 MP3351 RC5.5_1584354055206.png
Electrical Section 2;D019 5875;Shadeing Plate - Controller;;Ricoh_image\Ricoh D085 MP3351 RC5.5_1584354055206.png
Electrical Section 2;D019 5860;Application Rack - Lower;;Ricoh_image\Ricoh D085 MP3351 RC5.5_1584354055206.png
Electrical Section 2;D019 5856;Application Rack - Upper;;Ricoh_image\Ricoh D085 MP3351 RC5.5_1584354055206.png
Electrical Section 2;0451 3006N;Tapping Screw - 3x6;;Ricoh_image\Ricoh D085 MP3351 RC5.5_1584354055206.png
Electrical Section 2;0451 3008N;Tapping Screw - M3x8;;Ricoh_image\Ricoh D085 MP3351 RC5.5_1584354055206.png
Electrical Section 2;1105 0499;Support Spacer - M3x29;;Ricoh_image\Ricoh D085 MP3351 RC5.5_1584354055206.png
Electrical Section 2;1105 0516;Clamp;;Ricoh_image\Ricoh D085 MP3351 RC5.5_1584354055206.png
Electrical Section 2;1105 0487;Harness Clamp;;Ricoh_image\Ricoh D085 MP3351 RC5.5_1584354055206.png
Electrical Section 2;1105 0292;Wire Saddle;;Ricoh_image\Ricoh D085 MP3351 RC5.5_1584354055206.png
Electrical Section 3;D019 5206;Harness - Paper Exit;;Ricoh_image\Ricoh D085 MP3351 RC5.5_1584354060600.png
Electrical Section 3;D019 5200;Harness - ADF;;Ricoh_image\Ricoh D085 MP3351 RC5.5_1584354060600.png
Electrical Section 3;D019 5250;Harness - Home Position Sensor;;Ricoh_image\Ricoh D085 MP3351 RC5.5_1584354060600.png
Electrical Section 3;D020 5212;Harness:BCU:HPS/AKS:5V;;Ricoh_image\Ricoh D085 MP3351 RC5.5_1584354060600.png
Electrical Section 3;D019 5217;Harness - Power Pack;;Ricoh_image\Ricoh D085 MP3351 RC5.5_1584354060600.png
Electrical Section 3;D019 5205;Harness - Quenching Lamp;;Ricoh_image\Ricoh D085 MP3351 RC5.5_1584354060600.png
Electrical Section 3;D019 5244;Harness:Bypass:Duplex;;Ricoh_image\Ricoh D085 MP3351 RC5.5_1584354060600.png
Electrical Section 3;D019 5202;Harness - Main Motor;;Ricoh_image\Ricoh D085 MP3351 RC5.5_1584354060600.png
Electrical Section 3;D019 5204;Door Switch Harness;;Ricoh_image\Ricoh D085 MP3351 RC5.5_1584354060600.png
Electrical Section 3;D019 5232;Harness - Paper Feed Motor;;Ricoh_image\Ricoh D085 MP3351 RC5.5_1584354060600.png
Electrical Section 3;D019 5233;Harness - 1st Paper Feed;;Ricoh_image\Ricoh D085 MP3351 RC5.5_1584354060600.png
Electrical Section 3;D019 5234;Harness - 2nd Paper Feed;;Ricoh_image\Ricoh D085 MP3351 RC5.5_1584354060600.png
Electrical Section 3;D019 5231;Harness - Paper Size Sensor;;Ricoh_image\Ricoh D085 MP3351 RC5.5_1584354060600.png
Electrical Section 3;D019 5239;Harness - IPU Power Source;;Ricoh_image\Ricoh D085 MP3351 RC5.5_1584354060600.png
Electrical Section 3;D019 5209;Harness - Paper Feed Clutch;;Ricoh_image\Ricoh D085 MP3351 RC5.5_1584354060600.png
Electrical Section 3;D019 5838;Bracket - IOB;;Ricoh_image\Ricoh D085 MP3351 RC5.5_1584354060600.png
Electrical Section 3;D019 5055;BCU Board - 33 (D019/D020);;Ricoh_image\Ricoh D085 MP3351 RC5.5_1584354060600.png
Electrical Section 3;D019 5051;X/O MB17;;Ricoh_image\Ricoh D085 MP3351 RC5.5_1584354060600.png
Electrical Section 3;D019 5056;BCU Board - 25 (D017/D018);;Ricoh_image\Ricoh D085 MP3351 RC5.5_1584354060600.png
Electrical Section 3;D019 5052;X/O MB17;;Ricoh_image\Ricoh D085 MP3351 RC5.5_1584354060600.png
Electrical Section 3;D085 5055;PCB:BCU:33 (D085);;Ricoh_image\Ricoh D085 MP3351 RC5.5_1584354060600.png
Electrical Section 3;D085 5056;PCB:BCU:28 (D084);;Ricoh_image\Ricoh D085 MP3351 RC5.5_1584354060600.png
Electrical Section 3;D019 5241;Harness - Interface Unit;;Ricoh_image\Ricoh D085 MP3351 RC5.5_1584354060600.png
Electrical Section 3;D019 5229;AC Harness - Main Switch;;Ricoh_image\Ricoh D085 MP3351 RC5.5_1584354060600.png
Electrical Section 3;B206 5823;Bracket:Main Switch;;Ricoh_image\Ricoh D085 MP3351 RC5.5_1584354060600.png
Electrical Section 3;AZ23 0221;Power Supply Unit - 120V;;Ricoh_image\Ricoh D085 MP3351 RC5.5_1584354060600.png
Electrical Section 3;AZ23 0223;Power Supply Unit - 230V;;Ricoh_image\Ricoh D085 MP3351 RC5.5_1584354060600.png
Electrical Section 3;D019 5213;AC Harness - Heater;;Ricoh_image\Ricoh D085 MP3351 RC5.5_1584354060600.png
Electrical Section 3;D019 5212;Harness - Power Supply Unit;;Ricoh_image\Ricoh D085 MP3351 RC5.5_1584354060600.png
Electrical Section 3;D019 5615;Power Supply:Cord:Stopper:NA:Assy;;Ricoh_image\Ricoh D085 MP3351 RC5.5_1584354060600.png
Electrical Section 3;B209 7615;X/O MB3;;Ricoh_image\Ricoh D085 MP3351 RC5.5_1584354060600.png
Electrical Section 3;D019 5631;Power Supply Cord:Stopper:EU;;Ricoh_image\Ricoh D085 MP3351 RC5.5_1584354060600.png
Electrical Section 3;B209 7617;Power Supply Cord:Stopper:TWN;;Ricoh_image\Ricoh D085 MP3351 RC5.5_1584354060600.png
Electrical Section 3;D019 5691;Power Supply Cord:Stopper:CHN;;Ricoh_image\Ricoh D085 MP3351 RC5.5_1584354060600.png
Electrical Section 3;B209 7631;X/O MB3;;Ricoh_image\Ricoh D085 MP3351 RC5.5_1584354060600.png
Electrical Section 3;D019 5831;Bracket - Power Supply Cord;;Ricoh_image\Ricoh D085 MP3351 RC5.5_1584354060600.png
Electrical Section 3;B121 5018;Choke Coil;;Ricoh_image\Ricoh D085 MP3351 RC5.5_1584354060600.png
Electrical Section 3;D019 5201;Harness:Regist Sensor;;Ricoh_image\Ricoh D085 MP3351 RC5.5_1584354060600.png
Electrical Section 3;AX64 0179;Fan Motor:DC24V 2.4W;;Ricoh_image\Ricoh D085 MP3351 RC5.5_1584354060600.png
Electrical Section 3;AA14 3592;Screw - M4x6;;Ricoh_image\Ricoh D085 MP3351 RC5.5_1584354060600.png
Electrical Section 3;0451 3006N;Tapping Screw - 3x6;;Ricoh_image\Ricoh D085 MP3351 RC5.5_1584354060600.png
Electrical Section 3;0454 3006Q;Tapping Screw - M3x6;;Ricoh_image\Ricoh D085 MP3351 RC5.5_1584354060600.png
Electrical Section 3;0804 6123;Hexagonal Bolt:W/Washer:M3x8;;Ricoh_image\Ricoh D085 MP3351 RC5.5_1584354060600.png
Electrical Section 3;0454 4006Q;Tapping Screw:4x6;;Ricoh_image\Ricoh D085 MP3351 RC5.5_1584354060600.png
Electrical Section 3;1105 0488;Harness Clamp;;Ricoh_image\Ricoh D085 MP3351 RC5.5_1584354060600.png
Electrical Section 3;1105 0292;Wire Saddle;;Ricoh_image\Ricoh D085 MP3351 RC5.5_1584354060600.png
Electrical Section 3;1105 0296;Spacer - KGLS-16RT;;Ricoh_image\Ricoh D085 MP3351 RC5.5_1584354060600.png
Electrical Section 3;1204 2477;Rocker Switch - AC250V 10A;;Ricoh_image\Ricoh D085 MP3351 RC5.5_1584354060600.png
Electrical Section 3;1107 0652;Fuse (Glass Case) - 10A - 125V;;Ricoh_image\Ricoh D085 MP3351 RC5.5_1584354060600.png
Electrical Section 3;1107 0629;Fuse (Ceramic Case) - 15A - 125V;;Ricoh_image\Ricoh D085 MP3351 RC5.5_1584354060600.png
Electrical Section 3;1107 0391;Fuse - 5A, 125V;;Ricoh_image\Ricoh D085 MP3351 RC5.5_1584354060600.png
Electrical Section 3;1105 0487;Harness Clamp;;Ricoh_image\Ricoh D085 MP3351 RC5.5_1584354060600.png
Electrical Section 3;0451 3008N;Tapping Screw - M3x8;;Ricoh_image\Ricoh D085 MP3351 RC5.5_1584354060600.png
Electrical Section 3;1407 6362;EEPROM:BR24L64-W Added MB7;;Ricoh_image\Ricoh D085 MP3351 RC5.5_1584354060600.png
Electrical Section 3;0954 3020N;Screw:Polished Round/Spring:M3x20;;Ricoh_image\Ricoh D085 MP3351 RC5.5_1584354060600.png
Electrical Section 3;1107 1066;Fuse:ET-5A;;Ricoh_image\Ricoh D085 MP3351 RC5.5_1584354060600.png
Electrical Section 3;1107 1166;Fuse:HT-8A-N5;;Ricoh_image\Ricoh D085 MP3351 RC5.5_1584354060600.png
Frame Section;B090 1085;Bracket:Protect:Side Plate:Left Rear;;Ricoh_image\Ricoh D085 MP3351 RC5.5_1584354065905.png
Frame Section;D019 1106;Guide Plate:Duct:Exhaust:C;;Ricoh_image\Ricoh D085 MP3351 RC5.5_1584354065905.png
Frame Section;B209 1105;Fan Motor - MM80;;Ricoh_image\Ricoh D085 MP3351 RC5.5_1584354065905.png
Frame Section;B209 1102;Duct:Fan Motor;;Ricoh_image\Ricoh D085 MP3351 RC5.5_1584354065905.png
Frame Section;B090 5813;Bracket:Micro Switch;;Ricoh_image\Ricoh D085 MP3351 RC5.5_1584354065905.png
Frame Section;B091 5821;Tension Spring:Door Switch;;Ricoh_image\Ricoh D085 MP3351 RC5.5_1584354065905.png
Frame Section;D019 1088;Hinge - Front Door;;Ricoh_image\Ricoh D085 MP3351 RC5.5_1584354065905.png
Frame Section;A267 1930;Positioning Bracket - Laser Unit;;Ricoh_image\Ricoh D085 MP3351 RC5.5_1584354065905.png
Frame Section;D019 2565;Left Grip Cover;;Ricoh_image\Ricoh D085 MP3351 RC5.5_1584354065905.png
Frame Section;D019 2564;Left Grip;;Ricoh_image\Ricoh D085 MP3351 RC5.5_1584354065905.png
Frame Section;B091 5820;Compression Spring:Door Switch;;Ricoh_image\Ricoh D085 MP3351 RC5.5_1584354065905.png
Frame Section;B092 5815;Lever:Door Switch:Assy;;Ricoh_image\Ricoh D085 MP3351 RC5.5_1584354065905.png
Frame Section;AH01 0009;Rubber Pad - H5;;Ricoh_image\Ricoh D085 MP3351 RC5.5_1584354065905.png
Frame Section;A267 1059;PCU Seal;;Ricoh_image\Ricoh D085 MP3351 RC5.5_1584354065905.png
Frame Section;D019 1091;Bracket - PCU;;Ricoh_image\Ricoh D085 MP3351 RC5.5_1584354065905.png
Frame Section;D019 2562;Right Front Grip;;Ricoh_image\Ricoh D085 MP3351 RC5.5_1584354065905.png
Frame Section;D019 2566;Right Front Grip;;Ricoh_image\Ricoh D085 MP3351 RC5.5_1584354065905.png
Frame Section;D019 2567;Cover - Right Front Grip;;Ricoh_image\Ricoh D085 MP3351 RC5.5_1584354065905.png
Frame Section;D019 1078;Support Frame - Right Front;;Ricoh_image\Ricoh D085 MP3351 RC5.5_1584354065905.png
Frame Section;D019 1081;Scanner Stay - Right Lower;;Ricoh_image\Ricoh D085 MP3351 RC5.5_1584354065905.png
Frame Section;D019 1080;X/O MB18;;Ricoh_image\Ricoh D085 MP3351 RC5.5_1584354065905.png
Frame Section;D019 1079;Support Frame - Right Rear;;Ricoh_image\Ricoh D085 MP3351 RC5.5_1584354065905.png
Frame Section;D019 2576;Grip Bracket - Rear Left;;Ricoh_image\Ricoh D085 MP3351 RC5.5_1584354065905.png
Frame Section;D019 1083;Guide Plate:Lengthwise:Left Rear;;Ricoh_image\Ricoh D085 MP3351 RC5.5_1584354065905.png
Frame Section;D019 1093;Arm - Scanner;;Ricoh_image\Ricoh D085 MP3351 RC5.5_1584354065905.png
Frame Section;D019 1075;Sponge Side Plate Rear (D018/D020) Added MB18;;Ricoh_image\Ricoh D085 MP3351 RC5.5_1584354065905.png
Frame Section;D019 1086;Seal Arm Scanner Added MB18;;Ricoh_image\Ricoh D085 MP3351 RC5.5_1584354065905.png
Frame Section;D010 2554;Supporter:Left:Assy;;Ricoh_image\Ricoh D085 MP3351 RC5.5_1584354065905.png
Frame Section;0451 3006N;Tapping Screw - 3x6;;Ricoh_image\Ricoh D085 MP3351 RC5.5_1584354065905.png
Frame Section;0454 3006Q;Tapping Screw - M3x6;;Ricoh_image\Ricoh D085 MP3351 RC5.5_1584354065905.png
Frame Section;0802 5291;Tapping Screw:Round Point:M3x6;;Ricoh_image\Ricoh D085 MP3351 RC5.5_1584354065905.png
Frame Section;0314 0300N;Pan Head Screw:M4x30;;Ricoh_image\Ricoh D085 MP3351 RC5.5_1584354065905.png
Frame Section;0313 0350N;Pan Head Screw:M3x35;;Ricoh_image\Ricoh D085 MP3351 RC5.5_1584354065905.png
Frame Section;1204 2510;Micro Switch;;Ricoh_image\Ricoh D085 MP3351 RC5.5_1584354065905.png
Frame Section;0451 4008N;Tapping Screw:4x8;;Ricoh_image\Ricoh D085 MP3351 RC5.5_1584354065905.png
Frame Section;0451 3008N;Tapping Screw - M3x8;;Ricoh_image\Ricoh D085 MP3351 RC5.5_1584354065905.png
