Covers 1;302MV04230;COVER INNER FRONT LOWER;2MV04230;Kyocera_image\Kyocera TASKalfa 3011i_1584235034083.png
Covers 1;302K304370;STOPPER PAPER B;2K304370;Kyocera_image\Kyocera TASKalfa 3011i_1584235034083.png
Covers 1;302RH04380;COVER EXIT REAR;2RH04380;Kyocera_image\Kyocera TASKalfa 3011i_1584235034083.png
Covers 1;302RH04360;COVER TRAY;2RH04360;Kyocera_image\Kyocera TASKalfa 3011i_1584235034083.png
Covers 1;302H004560;STOPPER PAPER;2H004560;Kyocera_image\Kyocera TASKalfa 3011i_1584235034083.png
Covers 1;302NL04180;COVER TRAY LEFT;2NL04180;Kyocera_image\Kyocera TASKalfa 3011i_1584235034083.png
Covers 1;302RH04390;COVER RIGHT REAR;2RH04390;Kyocera_image\Kyocera TASKalfa 3011i_1584235034083.png
Covers 1;302FZ04240;LID COVER LEFT;2FZ04240;Kyocera_image\Kyocera TASKalfa 3011i_1584235034083.png
Covers 1;302RH04290;COVER MAIN SW;2RH04290;Kyocera_image\Kyocera TASKalfa 3011i_1584235034083.png
Covers 1;302RH34020;LABEL SW CAUTION;2RH34020;Kyocera_image\Kyocera TASKalfa 3011i_1584235034083.png
Covers 1;302RH34030;LABEL SW CAUTION JP;2RH34030;Kyocera_image\Kyocera TASKalfa 3011i_1584235034083.png
Covers 1;302MV02190;FOOT;2MV02190;Kyocera_image\Kyocera TASKalfa 3011i_1584235034083.png
Covers 1;302RH04020;COVER FRONT TOP;2RH04020;Kyocera_image\Kyocera TASKalfa 3011i_1584235034083.png
Covers 1;302RH04070;COVER LEFT LOW;2RH04070;Kyocera_image\Kyocera TASKalfa 3011i_1584235034083.png
Covers 1;302RH04150;COVER REAR TOP;2RH04150;Kyocera_image\Kyocera TASKalfa 3011i_1584235034083.png
Covers 1;302RH04060;COVER RIGHT TOP;2RH04060;Kyocera_image\Kyocera TASKalfa 3011i_1584235034083.png
Covers 1;302RH04080;COVER LEFT TOP;2RH04080;Kyocera_image\Kyocera TASKalfa 3011i_1584235034083.png
Covers 1;302K328300;TRAY EJECT;2K328300;Kyocera_image\Kyocera TASKalfa 3011i_1584235034083.png
Covers 1;302MN04100;LID DF CONNECTOR;2MN04100;Kyocera_image\Kyocera TASKalfa 3011i_1584235034083.png
Covers 1;302NL04250;LID AK;2NL04250;Kyocera_image\Kyocera TASKalfa 3011i_1584235034083.png
Covers 1;302RH04350;COVER LEFT MIDDLE;2RH04350;Kyocera_image\Kyocera TASKalfa 3011i_1584235034083.png
Covers 1;302RH04090;COVER ISU FRONT;2RH04090;Kyocera_image\Kyocera TASKalfa 3011i_1584235034083.png
Covers 1;302RH04340;COVER FRONT MIDDLE;2RH04340;Kyocera_image\Kyocera TASKalfa 3011i_1584235034083.png
Covers 1;302RH04280;COVER KEYBOARD;2RH04280;Kyocera_image\Kyocera TASKalfa 3011i_1584235034083.png
Covers 1;302RH04320;MOUNT MAIN POWER;2RH04320;Kyocera_image\Kyocera TASKalfa 3011i_1584235034083.png
Covers 1;302F931270;SPRING FUSER;2F931270;Kyocera_image\Kyocera TASKalfa 3011i_1584235034083.png
Covers 1;302RH04300;KEY MAIN POWER;2RH04300;Kyocera_image\Kyocera TASKalfa 3011i_1584235034083.png
Covers 1;302RH04310;HOLDER MAIN POWER;2RH04310;Kyocera_image\Kyocera TASKalfa 3011i_1584235034083.png
Covers 1;302RH04140;COVER REAR LOW;2RH04140;Kyocera_image\Kyocera TASKalfa 3011i_1584235034083.png
Covers 1;302RH04250;COVER FRONT RIGHT TOP;2RH04250;Kyocera_image\Kyocera TASKalfa 3011i_1584235034083.png
Covers 1;302RH04270;LID CARD-READER;2RH04270;Kyocera_image\Kyocera TASKalfa 3011i_1584235034083.png
Covers 1;302RH04430;SPONGE SHIELD A;2RH04430;Kyocera_image\Kyocera TASKalfa 3011i_1584235034083.png
Covers 1;302RH04440;SPONGE SHIELD B;2RH04440;Kyocera_image\Kyocera TASKalfa 3011i_1584235034083.png
Covers 1;302RH04450;SPONGE SHIELD C;2RH04450;Kyocera_image\Kyocera TASKalfa 3011i_1584235034083.png
Covers 1;302NG94300;PARTS PWB SWITCH ASSY SP;2NG94300;Kyocera_image\Kyocera TASKalfa 3011i_1584235034083.png
Covers 1;302RH34120;LABEL DEHUMIDIFIER SWITCH;2RH34120;Kyocera_image\Kyocera TASKalfa 3011i_1584235034083.png
Covers 2;302RH04010;COVER FRONT;;Kyocera_image\Kyocera TASKalfa 3011i_1584235038325.png
Covers 2;302DY04010;EMBLEM KC 1SG 70 B;;Kyocera_image\Kyocera TASKalfa 3011i_1584235038325.png
Covers 2;302H004652;HOLDER SWITCH;;Kyocera_image\Kyocera TASKalfa 3011i_1584235038325.png
Covers 2;302NL04270;PLATE MAGNET;;Kyocera_image\Kyocera TASKalfa 3011i_1584235038325.png
Covers 2;302NL34050;SHEET COVER FRONT;;Kyocera_image\Kyocera TASKalfa 3011i_1584235038325.png
Covers 2;302K302260;COVER INNER BASE;;Kyocera_image\Kyocera TASKalfa 3011i_1584235038325.png
Covers 2;302RH34010;LABEL EMBLEM H;35ppm;Kyocera_image\Kyocera TASKalfa 3011i_1584235038325.png
Covers 2;302RG34010;LABEL EMBLEM L;30 ppm;Kyocera_image\Kyocera TASKalfa 3011i_1584235038325.png
Frames 1;302K309410;PLATE SIZE DETECTION;2K309410;Kyocera_image\Kyocera TASKalfa 3011i_1584235043074.png
Frames 1;7NXGP1S173LCH01;SENSOR OPT;NX116910;Kyocera_image\Kyocera TASKalfa 3011i_1584235043074.png
Frames 1;7SP01000001+H01;SW.PUSH;SP044290;Kyocera_image\Kyocera TASKalfa 3011i_1584235043074.png
Frames 1;302NL09021;HOLDER CASSETTE HOOK;2NL09021;Kyocera_image\Kyocera TASKalfa 3011i_1584235043074.png
Frames 1;302K909640;LEVER CASSETTE HOOK;2K909640;Kyocera_image\Kyocera TASKalfa 3011i_1584235043074.png
Frames 1;303LW24060;PULLEY EJECT;3LW24060;Kyocera_image\Kyocera TASKalfa 3011i_1584235043074.png
Frames 1;303NF02280;SHAFT HOOK FULCRUM;3NF02280;Kyocera_image\Kyocera TASKalfa 3011i_1584235043074.png
Frames 1;302K909630;SHAFT HOOK PULLEY;2K909630;Kyocera_image\Kyocera TASKalfa 3011i_1584235043074.png
Frames 1;302NL09060;SPRING CASSETTE HOOK;2NL09060;Kyocera_image\Kyocera TASKalfa 3011i_1584235043074.png
Frames 1;5MVX111DN003;RING STOPPER /A-49 FEED A4;2A806250;Kyocera_image\Kyocera TASKalfa 3011i_1584235043074.png
Frames 1;5MVX111DN007;STOPPER 3 /2BT1107 A4;2BT11070;Kyocera_image\Kyocera TASKalfa 3011i_1584235043074.png
Frames 1;303RC34080;LABEL HIGH TEMPERATURE CAUTION;3RC34080;Kyocera_image\Kyocera TASKalfa 3011i_1584235043074.png
Frames 1;302RH44030;HEATER DEHUMIDIFIER 100;2RH44030;Kyocera_image\Kyocera TASKalfa 3011i_1584235043074.png
Frames 1;302RH44040;HEATER DEHUMIDIFIER 120;2RH44040;Kyocera_image\Kyocera TASKalfa 3011i_1584235043074.png
Frames 1;302RH44050;HEATER DEHUMIDIFIER 240;2RH44050;Kyocera_image\Kyocera TASKalfa 3011i_1584235043074.png
Frames 1;7YZM390002++H01;ACCESS.CLAMP;YZ012140;Kyocera_image\Kyocera TASKalfa 3011i_1584235043074.png
Frames 1;7YZM610009++H01;ACCESS.SADDLE;YZ042980;Kyocera_image\Kyocera TASKalfa 3011i_1584235043074.png
Frames 1;7YZM610014++H01;ACCESS.SADDLE;YZ043030;Kyocera_image\Kyocera TASKalfa 3011i_1584235043074.png
Frames 1;7YZM610002++H01;ACCESS SADDLE;YZ010240;Kyocera_image\Kyocera TASKalfa 3011i_1584235043074.png
Frames 1;7YZM610007++H01;ACCESS.SADDLE;YZ023340;Kyocera_image\Kyocera TASKalfa 3011i_1584235043074.png
Frames 1;302MV02240;PIN FRONT HANDLE;2MV02240;Kyocera_image\Kyocera TASKalfa 3011i_1584235043074.png
Frames 1;7YZM610011++H01;ACCESS.SADDLE;YZ043000;Kyocera_image\Kyocera TASKalfa 3011i_1584235043074.png
Frames 1;302JF02160;HANDLE;2JF02160;Kyocera_image\Kyocera TASKalfa 3011i_1584235043074.png
Frames 1;302FZ03110;SEAL HANDLE;2FZ03110;Kyocera_image\Kyocera TASKalfa 3011i_1584235043074.png
Frames 1;302FZ02580;CAP HANDLE;2FZ02580;Kyocera_image\Kyocera TASKalfa 3011i_1584235043074.png
Frames 1;302K302841;MOUNT DECK PI;2K302841;Kyocera_image\Kyocera TASKalfa 3011i_1584235043074.png
Frames 1;302RH39110;GUIDE WIRE MAIN SW;2RH39110;Kyocera_image\Kyocera TASKalfa 3011i_1584235043074.png
Frames 1;302K302920;CAP DECK PIN;2K302920;Kyocera_image\Kyocera TASKalfa 3011i_1584235043074.png
Frames 1;302K302911;MOUNT DECK DRAWER;2K302911;Kyocera_image\Kyocera TASKalfa 3011i_1584235043074.png
Frames 1;302K346660;WIRE PF DRAWER 200;2K346660;Kyocera_image\Kyocera TASKalfa 3011i_1584235043074.png
Frames 1;302K346470;WIRE PF DRAWER;2K346470;Kyocera_image\Kyocera TASKalfa 3011i_1584235043074.png
Frames 1;2FB27160;INTER LOCK SWITCH;2FB27160;Kyocera_image\Kyocera TASKalfa 3011i_1584235043074.png
Frames 1;302NL46280;WIRE CASSETTE HEATER JOINT;2NL46280;Kyocera_image\Kyocera TASKalfa 3011i_1584235043074.png
Frames 1;302MV02220;SHAFT HANDLE;2MV02220;Kyocera_image\Kyocera TASKalfa 3011i_1584235043074.png
Frames 1;302MV02232;MOUNT REAR HANDLE;2MV02232;Kyocera_image\Kyocera TASKalfa 3011i_1584235043074.png
Frames 1;302FZ25740;STOPPER 4;2FZ25740;Kyocera_image\Kyocera TASKalfa 3011i_1584235043074.png
Frames 1;302LF33B10;SPONGE LOWER RIGHT SP;2LF33B10;Kyocera_image\Kyocera TASKalfa 3011i_1584235043074.png
Frames 1;302K002751;STAY SHIELD POWER;2K002751;Kyocera_image\Kyocera TASKalfa 3011i_1584235043074.png
Frames 2;302K339061;BASE TERMINAL;2K339061;Kyocera_image\Kyocera TASKalfa 3011i_1584235047985.png
Frames 2;302K339070;TERMINAL DRUM A;2K339070;Kyocera_image\Kyocera TASKalfa 3011i_1584235047985.png
Frames 2;302K339080;TERMINAL DLP A;2K339080;Kyocera_image\Kyocera TASKalfa 3011i_1584235047985.png
Frames 2;302K339090;TERMINAL TRANSFER A;2K339090;Kyocera_image\Kyocera TASKalfa 3011i_1584235047985.png
Frames 2;302K339100;TERMINAL SEPARATION A;2K339100;Kyocera_image\Kyocera TASKalfa 3011i_1584235047985.png
Frames 2;302K302170;FRAME REAR UPPER;2K302170;Kyocera_image\Kyocera TASKalfa 3011i_1584235047985.png
Frames 2;302K302A10;LEVER RIGHT SW;2K302A10;Kyocera_image\Kyocera TASKalfa 3011i_1584235047985.png
Frames 2;302GR02240;PIN FRONT CASSETTE RAIL;2GR02240;Kyocera_image\Kyocera TASKalfa 3011i_1584235047985.png
Frames 2;2FB06710;PIN CASSETTE RAIL;2FB06710;Kyocera_image\Kyocera TASKalfa 3011i_1584235047985.png
Frames 2;302NL09030;PULLEY CASSETTE RAIL;2NL09030;Kyocera_image\Kyocera TASKalfa 3011i_1584235047985.png
Frames 2;302NL02091;RAIL CASSETTE LEFT;2NL02091;Kyocera_image\Kyocera TASKalfa 3011i_1584235047985.png
Frames 2;302NL02211;RAIL CASSETTE RIGHT;2NL02211;Kyocera_image\Kyocera TASKalfa 3011i_1584235047985.png
Frames 2;303MH06010;PAD RAIL;3MH06010;Kyocera_image\Kyocera TASKalfa 3011i_1584235047985.png
Frames 2;302MV02310;SPRING LEVER LIFT CASSETTE;2MV02310;Kyocera_image\Kyocera TASKalfa 3011i_1584235047985.png
Frames 2;302K302760;LEVER LIFT CASSETTE;2K302760;Kyocera_image\Kyocera TASKalfa 3011i_1584235047985.png
Frames 2;303NN02370;RAIL FEED;3NN02370;Kyocera_image\Kyocera TASKalfa 3011i_1584235047985.png
Frames 2;302K302640;GUIDE DRUM COVER;2K302640;Kyocera_image\Kyocera TASKalfa 3011i_1584235047985.png
Frames 2;302K302121;RAIL DRUM;2K302121;Kyocera_image\Kyocera TASKalfa 3011i_1584235047985.png
Frames 2;302K302690;RAIL HOLDER FRONT;2K302690;Kyocera_image\Kyocera TASKalfa 3011i_1584235047985.png
Frames 2;302K302700;RAIL HOLDER REAR;2K302700;Kyocera_image\Kyocera TASKalfa 3011i_1584235047985.png
Frames 2;302K302960;STOPPER CONTAINER;2K302960;Kyocera_image\Kyocera TASKalfa 3011i_1584235047985.png
Frames 2;302RH02030;BASE LSU;2RH02030;Kyocera_image\Kyocera TASKalfa 3011i_1584235047985.png
Frames 2;7YZM610009++H01;ACCESS.SADDLE;YZ042980;Kyocera_image\Kyocera TASKalfa 3011i_1584235047985.png
Frames 2;302NL46370;WIRE LIMIT SENSOR;2NL46370;Kyocera_image\Kyocera TASKalfa 3011i_1584235047985.png
Frames 2;7NXGP1S173LCH01;SENSOR OPT.;NX116910;Kyocera_image\Kyocera TASKalfa 3011i_1584235047985.png
Frames 2;302NL06010;HOLDER SENSOR;2NL06010;Kyocera_image\Kyocera TASKalfa 3011i_1584235047985.png
Frames 2;303NN02450;GUIDE PRIMARY FEED;3NN02450;Kyocera_image\Kyocera TASKalfa 3011i_1584235047985.png
Frames 2;303NN02143;STAY UPPER FEED;3NN02143;Kyocera_image\Kyocera TASKalfa 3011i_1584235047985.png
Frames 2;302K302811;ACTUATOR PAPER EMPTY;2K302811;Kyocera_image\Kyocera TASKalfa 3011i_1584235047985.png
Frames 2;302MV02041;STAY FRONT FRAME;2MV02041;Kyocera_image\Kyocera TASKalfa 3011i_1584235047985.png
Frames 2;302RH46170;WIRE MAIN SWITCH;2RH46170;Kyocera_image\Kyocera TASKalfa 3011i_1584235047985.png
Frames 2;7YZM610010++H01;ACCESS.SADDLE;YZ042990;Kyocera_image\Kyocera TASKalfa 3011i_1584235047985.png
Frames 2;7YZM390002++H01;ACCESS.CLAMP;YZ012140;Kyocera_image\Kyocera TASKalfa 3011i_1584235047985.png
Frames 2;302RH46100;WIRE FUSER HEATER;2RH46100;Kyocera_image\Kyocera TASKalfa 3011i_1584235047985.png
Frames 2;302NL02071;GUIDE FUSER;2NL02071;Kyocera_image\Kyocera TASKalfa 3011i_1584235047985.png
Frames 2;302K325340;MOUNT FUSER FRONT;2K325340;Kyocera_image\Kyocera TASKalfa 3011i_1584235047985.png
Frames 2;302K325350;ADJUSTER FUSER;2K325350;Kyocera_image\Kyocera TASKalfa 3011i_1584235047985.png
Frames 2;302K302161;FRAME FRONT UPPER;2K302161;Kyocera_image\Kyocera TASKalfa 3011i_1584235047985.png
Frames 2;302NL02100;JOINT FUSER;2NL02100;Kyocera_image\Kyocera TASKalfa 3011i_1584235047985.png
Frames 2;7SC020403+++H01;SW. SEESAW;SC136170;Kyocera_image\Kyocera TASKalfa 3011i_1584235047985.png
Frames 2;302NL09130;PULLEY CASSETTE RAIL;2NL09130;Kyocera_image\Kyocera TASKalfa 3011i_1584235047985.png
Frames 2;7YZM210005++H01;ACCESS.EDGING;YZ037990;Kyocera_image\Kyocera TASKalfa 3011i_1584235047985.png
Frames 2;302RH46310;WIRE BRIDGE JOINT;2RH46310;Kyocera_image\Kyocera TASKalfa 3011i_1584235047985.png
Frames 2;302NL02080;BRACKET DRAWER;2NL02080;Kyocera_image\Kyocera TASKalfa 3011i_1584235047985.png
Frames 2;302NL02060;STAY REAR FRAME;2NL02060;Kyocera_image\Kyocera TASKalfa 3011i_1584235047985.png
Frames 3;302NL02340;SHEET BASE MIDDLE;2NL02340;Kyocera_image\Kyocera TASKalfa 3011i_1584235053614.png
Frames 3;302K302A60;SPRING DLP PUSH;2K302A60;Kyocera_image\Kyocera TASKalfa 3011i_1584235053614.png
Frames 3;302NL02190;SLIDER REMOVEMENT DLP;2NL02190;Kyocera_image\Kyocera TASKalfa 3011i_1584235053614.png
Frames 3;7YZM390002++H01;ACCESS.CLAMP;YZ012140;Kyocera_image\Kyocera TASKalfa 3011i_1584235053614.png
Frames 3;302NL02120;RAIL DLP;2NL02120;Kyocera_image\Kyocera TASKalfa 3011i_1584235053614.png
Frames 3;302HG12440;SEAL BLADE SIDE B;2HG12440;Kyocera_image\Kyocera TASKalfa 3011i_1584235053614.png
Frames 3;302K309070;PULLEY CASSETTE;2K309070;Kyocera_image\Kyocera TASKalfa 3011i_1584235053614.png
Frames 3;302K302580;PLATE DLP BIAS;2K302580;Kyocera_image\Kyocera TASKalfa 3011i_1584235053614.png
Frames 3;302KK94070;PARTS CONT SENSOR ASSY SP;2KK94070;Kyocera_image\Kyocera TASKalfa 3011i_1584235053614.png
Frames 3;302RH46060;WIRE CONTAINER RAIL;2RH46060;Kyocera_image\Kyocera TASKalfa 3011i_1584235053614.png
Frames 3;302K394070;PARTS PWB RFID ASSY SP;2K394070;Kyocera_image\Kyocera TASKalfa 3011i_1584235053614.png
Frames 3;302NL02140;SHEET RAIL;2NL02140;Kyocera_image\Kyocera TASKalfa 3011i_1584235053614.png
Frames 3;302NL46080;WIRE CONTAINER SET;2NL46080;Kyocera_image\Kyocera TASKalfa 3011i_1584235053614.png
Frames 3;7NXGP1S173LCH01;SENSOR OPT.;NX116910;Kyocera_image\Kyocera TASKalfa 3011i_1584235053614.png
Frames 3;302K302A40;PLATE CONTAINER SWITCH;2K302A40;Kyocera_image\Kyocera TASKalfa 3011i_1584235053614.png
Frames 3;7SP01000001+H01;SW.PUSH;SP044290;Kyocera_image\Kyocera TASKalfa 3011i_1584235053614.png
Frames 3;302NL02220;HOLDER SENSOR;2NL02220;Kyocera_image\Kyocera TASKalfa 3011i_1584235053614.png
Frames 3;303NN31060;SHAFT GEAR;3NN31060;Kyocera_image\Kyocera TASKalfa 3011i_1584235053614.png
Frames 3;302K302860;PIN JOINT CONTAINER C;2K302860;Kyocera_image\Kyocera TASKalfa 3011i_1584235053614.png
Frames 3;5MVM177XN007;BUSH MIXER /A-49 DLP A4;2A814100;Kyocera_image\Kyocera TASKalfa 3011i_1584235053614.png
Frames 3;302K906240;GEAR FEED DRIVE Z20L;2K906240;Kyocera_image\Kyocera TASKalfa 3011i_1584235053614.png
Frames 3;302NL02170;GEAR CONTAINER Z42R;2NL02170;Kyocera_image\Kyocera TASKalfa 3011i_1584235053614.png
Frames 3;302NL02180;GEAR Z22R 40R;2NL02180;Kyocera_image\Kyocera TASKalfa 3011i_1584235053614.png
Frames 3;302NL02230;GEAR Z23L;2NL02230;Kyocera_image\Kyocera TASKalfa 3011i_1584235053614.png
Frames 3;302K302850;PIN JOINT CONTAINER B;2K302850;Kyocera_image\Kyocera TASKalfa 3011i_1584235053614.png
Frames 3;302K394270;PARTS GEAR CONTAINER Z25L SP;2K394270;Kyocera_image\Kyocera TASKalfa 3011i_1584235053614.png
Frames 3;302MW31010;TORQUE LIMITER 4000;2MW31010;Kyocera_image\Kyocera TASKalfa 3011i_1584235053614.png
Frames 3;302K394280;PARTS GEAR CONTAINER Z35R SP;2K394280;Kyocera_image\Kyocera TASKalfa 3011i_1584235053614.png
Frames 3;302HN31200;GEAR Z35L;2HN31200;Kyocera_image\Kyocera TASKalfa 3011i_1584235053614.png
Frames 3;302NL02150;COVER RAIL DRIVE;2NL02150;Kyocera_image\Kyocera TASKalfa 3011i_1584235053614.png
Frames 3;302K302540;JOINT CONTAINER PADDLE A;2K302540;Kyocera_image\Kyocera TASKalfa 3011i_1584235053614.png
Frames 3;302K302780;SPRING JOINT PADDLE;2K302780;Kyocera_image\Kyocera TASKalfa 3011i_1584235053614.png
Frames 3;302K302590;SPRING DLP GROUND;2K302590;Kyocera_image\Kyocera TASKalfa 3011i_1584235053614.png
Frames 3;302RH02180;MOUNT DLP PWB;2RH02180;Kyocera_image\Kyocera TASKalfa 3011i_1584235053614.png
Frames 3;302RH94210;PARTS PWB DEVE CONNECT ASSY SP;2RH94210;Kyocera_image\Kyocera TASKalfa 3011i_1584235053614.png
Frames 3;302NL02160;COVER RAIL DLP;2NL02160;Kyocera_image\Kyocera TASKalfa 3011i_1584235053614.png
Frames 3;302K302191;MOUNT CONTAINER;2K302191;Kyocera_image\Kyocera TASKalfa 3011i_1584235053614.png
Frames 3;302K302240;SHEET MOUNT CONTAINER;2K302240;Kyocera_image\Kyocera TASKalfa 3011i_1584235053614.png
Frames 3;302K346270;WIRE REGIST;2K346270;Kyocera_image\Kyocera TASKalfa 3011i_1584235053614.png
Frames 3;2C902590;SPRING DEV PUSH F;2C902590;Kyocera_image\Kyocera TASKalfa 3011i_1584235053614.png
Frames 3;302NL02040;BASE MIDDLE;2NL02040;Kyocera_image\Kyocera TASKalfa 3011i_1584235053614.png
Frames 3;302MV02160;HANDLE COVER LEFT;2MV02160;Kyocera_image\Kyocera TASKalfa 3011i_1584235053614.png
Frames 3;302K302A70;SPONGE DLP LEVER;2K302A70;Kyocera_image\Kyocera TASKalfa 3011i_1584235053614.png
Frames 3;302K302811;ACTUATOR PAPER EMPTY;2K302811;Kyocera_image\Kyocera TASKalfa 3011i_1584235053614.png
Frames 4;302K304350;COVER INNER FRONT SUB;2K304350;Kyocera_image\Kyocera TASKalfa 3011i_1584235059190.png
Frames 4;302K302330;CAM REMOVEMENT DLP;2K302330;Kyocera_image\Kyocera TASKalfa 3011i_1584235059190.png
Frames 4;302K302320;SHAFT REMOVEMENT DLP;2K302320;Kyocera_image\Kyocera TASKalfa 3011i_1584235059190.png
Frames 4;302NL02310;LEVER REMOVEMENT DLP;2NL02310;Kyocera_image\Kyocera TASKalfa 3011i_1584235059190.png
Frames 4;302NL34080;LABEL D;2NL34080;Kyocera_image\Kyocera TASKalfa 3011i_1584235059190.png
Frames 4;2BC06980;STOPPER 5;2BC06980;Kyocera_image\Kyocera TASKalfa 3011i_1584235059190.png
Frames 4;2FB27160;INTER LOCK SWITCH;2FB27160;Kyocera_image\Kyocera TASKalfa 3011i_1584235059190.png
Frames 4;302NL02201;MOUNT INTERLOCK SW;2NL02201;Kyocera_image\Kyocera TASKalfa 3011i_1584235059190.png
Frames 4;302K302660;SPRING EARTH DRUM PWB;2K302660;Kyocera_image\Kyocera TASKalfa 3011i_1584235059190.png
Frames 4;302K394080;PARTS PWB DRUM CONNECT ASSY SP;2K394080;Kyocera_image\Kyocera TASKalfa 3011i_1584235059190.png
Frames 4;302K302220;MOUNT JUNCTION PWB;2K302220;Kyocera_image\Kyocera TASKalfa 3011i_1584235059190.png
Frames 4;302K302730;COVER CONNECTOR;2K302730;Kyocera_image\Kyocera TASKalfa 3011i_1584235059190.png
Frames 4;302K302740;SPRING EARTH CONNECTOR;2K302740;Kyocera_image\Kyocera TASKalfa 3011i_1584235059190.png
Frames 4;302NL04190;COVER EXIT TOP;2NL04190;Kyocera_image\Kyocera TASKalfa 3011i_1584235059190.png
Frames 5;302RH39060;MOUNT BOX;2RH39060;Kyocera_image\Kyocera TASKalfa 3011i_1584235063285.png
Frames 5;7YZM390002++H01;ACCESS.CLAMP;YZ012140;Kyocera_image\Kyocera TASKalfa 3011i_1584235063285.png
Frames 5;302MV02093;MOUNT SCANNER RIGHT;2MV02093;Kyocera_image\Kyocera TASKalfa 3011i_1584235063285.png
Frames 5;7SP03090001+H01;PUSH SWITCH 03 SN /SW-192 N;SP145850;Kyocera_image\Kyocera TASKalfa 3011i_1584235063285.png
Frames 5;302NL39080;MOUNT DF CONNECTOR;2NL39080;Kyocera_image\Kyocera TASKalfa 3011i_1584235063285.png
Frames 5;302RH46280;WIRE DF JOINT;2RH46280;Kyocera_image\Kyocera TASKalfa 3011i_1584235063285.png
Frames 5;302NL02242;MOUNT SCANNER FRONT;2NL02242;Kyocera_image\Kyocera TASKalfa 3011i_1584235063285.png
Frames 5;302MV04290;COVER EXIT FRONT TOP;2MV04290;Kyocera_image\Kyocera TASKalfa 3011i_1584235063285.png
Frames 5;302K302A50;PLATE EARTH ISU;2K302A50;Kyocera_image\Kyocera TASKalfa 3011i_1584235063285.png
Frames 5;302NL46290;WIRE HEATER SWITCH;2NL46290;Kyocera_image\Kyocera TASKalfa 3011i_1584235063285.png
Frames 5;302K302940;MOUNT RIGHT INTERLOCK;2K302940;Kyocera_image\Kyocera TASKalfa 3011i_1584235063285.png
Frames 5;7SM010205+++H01;SW. MICRO;SM147320;Kyocera_image\Kyocera TASKalfa 3011i_1584235063285.png
Frames 5;302H008140;SPRING BYPASSFFED;2H008140;Kyocera_image\Kyocera TASKalfa 3011i_1584235063285.png
Frames 5;2FB20860;PIN FUSER COVER;2FB20860;Kyocera_image\Kyocera TASKalfa 3011i_1584235063285.png
Frames 5;302RH46390;WIRE RIGHT ILSW;2RH46390;Kyocera_image\Kyocera TASKalfa 3011i_1584235063285.png
Frames 5;302RH46190;WIRE INLET ASSY;2RH46190;Kyocera_image\Kyocera TASKalfa 3011i_1584235063285.png
Frames 5;7SC010105+++H01;SW.SEESAW;SC125000;Kyocera_image\Kyocera TASKalfa 3011i_1584235063285.png
Frames 5;302RH39120;MOUNT INLET;2RH39120;Kyocera_image\Kyocera TASKalfa 3011i_1584235063285.png
Frames 5;302FB26290;LID VENDOR;2FB26290;Kyocera_image\Kyocera TASKalfa 3011i_1584235063285.png
Frames 5;302K302210;MOUNT SCANNER ADJUST;2K302210;Kyocera_image\Kyocera TASKalfa 3011i_1584235063285.png
Frames 5;302K302200;SPACER SCANNER ADJUST;2K302200;Kyocera_image\Kyocera TASKalfa 3011i_1584235063285.png
Frames 5;302MV02132;MOUNT OPTION;2MV02132;Kyocera_image\Kyocera TASKalfa 3011i_1584235063285.png
Frames 5;302RH02090;MOUNT OPTION;2RH02090;Kyocera_image\Kyocera TASKalfa 3011i_1584235063285.png
Frames 5;302K302890;LID DEHUMIDIFIER SW;2K302890;Kyocera_image\Kyocera TASKalfa 3011i_1584235063285.png
Paper Cassette;2BL04310;PLATE NUMBER;2BL04310;Kyocera_image\Kyocera TASKalfa 3011i_1584235068365.png
Paper Cassette;2BL04370;PLATE NUMBER 2;2BL04370;Kyocera_image\Kyocera TASKalfa 3011i_1584235068365.png
Paper Cassette;302MV34300;SHEET CASSETTE C;2MV34300;Kyocera_image\Kyocera TASKalfa 3011i_1584235068365.png
Paper Cassette;302MV34430;SHEET CASSETTE I;2MV34430;Kyocera_image\Kyocera TASKalfa 3011i_1584235068365.png
Paper Cassette;302MV34330;LABEL OPERATION L;2MV34330;Kyocera_image\Kyocera TASKalfa 3011i_1584235068365.png
Paper Cassette;302NL09070;EMBLEM CASSETTE;2NL09070;Kyocera_image\Kyocera TASKalfa 3011i_1584235068365.png
Paper Cassette;302RH04410;COVER CASSETTE;2RH04410;Kyocera_image\Kyocera TASKalfa 3011i_1584235068365.png
Paper Cassette;302NL09080;HANDLE CASSETTE;2NL09080;Kyocera_image\Kyocera TASKalfa 3011i_1584235068365.png
Paper Cassette;302NL09010;CASSETTE;2NL09010;Kyocera_image\Kyocera TASKalfa 3011i_1584235068365.png
Paper Cassette;302MV34340;LABEL OPERATION S;2MV34340;Kyocera_image\Kyocera TASKalfa 3011i_1584235068365.png
Paper Cassette;302MV34310;LABEL CASSETTE SIZE A;2MV34310;Kyocera_image\Kyocera TASKalfa 3011i_1584235068365.png
Paper Cassette;302MV34360;LABEL CASSETTE SIZE B;2MV34360;Kyocera_image\Kyocera TASKalfa 3011i_1584235068365.png
Paper Cassette;302MV34320;LABEL OPERATION CURSOR;2MV34320;Kyocera_image\Kyocera TASKalfa 3011i_1584235068365.png
Paper Cassette;302MV09050;PLATE SIDE SWITCH;2MV09050;Kyocera_image\Kyocera TASKalfa 3011i_1584235068365.png
Paper Cassette;302K309220;SPRING SIDE SWITCH;2K309220;Kyocera_image\Kyocera TASKalfa 3011i_1584235068365.png
Paper Cassette;302MV09040;ARM SIZE DETECTION;2MV09040;Kyocera_image\Kyocera TASKalfa 3011i_1584235068365.png
Paper Cassette;302K309270;CURSOR END;2K309270;Kyocera_image\Kyocera TASKalfa 3011i_1584235068365.png
Paper Cassette;2C907360;SPRING CURSOR R;2C907360;Kyocera_image\Kyocera TASKalfa 3011i_1584235068365.png
Paper Cassette;302K309141;SLIDER CURSOR END;2K309141;Kyocera_image\Kyocera TASKalfa 3011i_1584235068365.png
Paper Cassette;302K309360;SPRING SIZE SET;2K309360;Kyocera_image\Kyocera TASKalfa 3011i_1584235068365.png
Paper Cassette;302K309350;STOPPER SIZE SET;2K309350;Kyocera_image\Kyocera TASKalfa 3011i_1584235068365.png
Paper Cassette;302MV09080;CURSOR CASSETTE REAR;2MV09080;Kyocera_image\Kyocera TASKalfa 3011i_1584235068365.png
Paper Cassette;302K309190;LEVER CURSOR SET;2K309190;Kyocera_image\Kyocera TASKalfa 3011i_1584235068365.png
Paper Cassette;302K309370;SPRING CURSOR SET;2K309370;Kyocera_image\Kyocera TASKalfa 3011i_1584235068365.png
Paper Cassette;302RH34070;LABEL PAPER LIMIT;2RH34070;Kyocera_image\Kyocera TASKalfa 3011i_1584235068365.png
Paper Cassette;302MV09090;CURSOR CASSETTE FRONT;2MV09090;Kyocera_image\Kyocera TASKalfa 3011i_1584235068365.png
Paper Cassette;302K309200;LEVER RELEASE CURSOR F;2K309200;Kyocera_image\Kyocera TASKalfa 3011i_1584235068365.png
Paper Cassette;302K309210;SPRING RELEASE CURSOR F;2K309210;Kyocera_image\Kyocera TASKalfa 3011i_1584235068365.png
Paper Cassette;302K309380;SPRING SIZE SET F;2K309380;Kyocera_image\Kyocera TASKalfa 3011i_1584235068365.png
Paper Cassette;302HN09240;SIZE FIX;2HN09240;Kyocera_image\Kyocera TASKalfa 3011i_1584235068365.png
Paper Cassette;302K394380;PARTS GEAR Z18 SP;2K394380;Kyocera_image\Kyocera TASKalfa 3011i_1584235068365.png
Paper Cassette;302K309180;SHAFT DRIVE LIFT;2K309180;Kyocera_image\Kyocera TASKalfa 3011i_1584235068365.png
Paper Cassette;302K309171;PLATE LIFT BASE CASSETTE;2K309171;Kyocera_image\Kyocera TASKalfa 3011i_1584235068365.png
Paper Cassette;2BC06910;STOPPER 6;2BC06910;Kyocera_image\Kyocera TASKalfa 3011i_1584235068365.png
Paper Cassette;302K309300;SPRING CASSETTE LIFT EARTH;2K309300;Kyocera_image\Kyocera TASKalfa 3011i_1584235068365.png
Paper Cassette;302MV09021;BASE CASSETTE;2MV09021;Kyocera_image\Kyocera TASKalfa 3011i_1584235068365.png
Paper Cassette;2C907140;PAD CASSETTE;2C907140;Kyocera_image\Kyocera TASKalfa 3011i_1584235068365.png
Paper Cassette;302MV34350;LABEL PAPER SET;2MV34350;Kyocera_image\Kyocera TASKalfa 3011i_1584235068365.png
Paper Cassette;302K309150;LIFT BASE CASSETTE SUB;2K309150;Kyocera_image\Kyocera TASKalfa 3011i_1584235068365.png
Paper Cassette;302K309160;SPRING LEVER LIFT CASSETTE SUB;2K309160;Kyocera_image\Kyocera TASKalfa 3011i_1584235068365.png
Paper Cassette;302NL09091;PLATE CASSETTE LEFT;2NL09091;Kyocera_image\Kyocera TASKalfa 3011i_1584235068365.png
Paper Cassette;302NL09101;PLATE CASSETTE RIGHT;2NL09101;Kyocera_image\Kyocera TASKalfa 3011i_1584235068365.png
Paper Cassette;302FZ07020;PULLEY MPT BYPASS;2FZ07020;Kyocera_image\Kyocera TASKalfa 3011i_1584235068365.png
Paper Cassette;302FG07020;PULLEY, CASSETTE RAIL;2FG07020;Kyocera_image\Kyocera TASKalfa 3011i_1584235068365.png
Paper Cassette;302RH93010;CT-7105;2RH93010;Kyocera_image\Kyocera TASKalfa 3011i_1584235068365.png
Paper Feed Section 1;302HN06080;PULLEY PICKUP ASSY;2HN06080;Kyocera_image\Kyocera TASKalfa 3011i_1584235074294.png
Paper Feed Section 1;302F906230;PULLEY FEED ASSY;2F906230;Kyocera_image\Kyocera TASKalfa 3011i_1584235074294.png
Paper Feed Section 1;302F909171;RETARD ROLLER ASSY;2F909171;Kyocera_image\Kyocera TASKalfa 3011i_1584235074294.png
Paper Feed Section 1;302MV94061;PARTS PRIMARY FEED ASSY SP;2MV94061;Kyocera_image\Kyocera TASKalfa 3011i_1584235074294.png
Paper Feed Section 2;302NL06020;GUIDE FEED OUTER;2NL06020;Kyocera_image\Kyocera TASKalfa 3011i_1584235078188.png
Paper Feed Section 2;302MV94310;PARTS ROLLER FEED UPPER SP;2MV94310;Kyocera_image\Kyocera TASKalfa 3011i_1584235078188.png
Paper Feed Section 2;302K329270;BUSH DU;2K329270;Kyocera_image\Kyocera TASKalfa 3011i_1584235078188.png
Paper Feed Section 2;5MVX111DN007;STOPPER 3 /2BT1107 A4;2BT11070;Kyocera_image\Kyocera TASKalfa 3011i_1584235078188.png
Paper Feed Section 2;302H024370;BUSH 6 EW;2H024370;Kyocera_image\Kyocera TASKalfa 3011i_1584235078188.png
Paper Feed Section 2;303MR29040;PULLEY 26-6 DUPLEX;3MR29040;Kyocera_image\Kyocera TASKalfa 3011i_1584235078188.png
Paper Feed Section 2;302HN24400;PULLEY PA;2HN24400;Kyocera_image\Kyocera TASKalfa 3011i_1584235078188.png
Paper Feed Section 2;302K302831;ACTUATOR DECK FEED;2K302831;Kyocera_image\Kyocera TASKalfa 3011i_1584235078188.png
Paper Feed Section 2;302MV07121;SPRING EARTH FEED;2MV07121;Kyocera_image\Kyocera TASKalfa 3011i_1584235078188.png
Paper Feed Section 2;302MV07020;GUIDE FEED LOW;2MV07020;Kyocera_image\Kyocera TASKalfa 3011i_1584235078188.png
Paper Feed Section 2;302MV94320;PARTS ROLLER FEED LOWER SP;2MV94320;Kyocera_image\Kyocera TASKalfa 3011i_1584235078188.png
Paper Feed Section 2;303NN24110;JOINT PULLEY 26-6;3NN24110;Kyocera_image\Kyocera TASKalfa 3011i_1584235078188.png
Paper Feed Section 2;302K306140;ACTUATOR REGIST;2K306140;Kyocera_image\Kyocera TASKalfa 3011i_1584235078188.png
Paper Feed Section 2;302K306150;SPRING ACTUATOR REGIST;2K306150;Kyocera_image\Kyocera TASKalfa 3011i_1584235078188.png
Paper Feed Section 2;302MV07030;GUIDE FEED;2MV07030;Kyocera_image\Kyocera TASKalfa 3011i_1584235078188.png
Paper Feed Section 2;2BC06910;STOPPER 6;2BC06910;Kyocera_image\Kyocera TASKalfa 3011i_1584235078188.png
Paper Feed Section 2;302K394230;PARTS ROLLER REGIST LEFT SP;2K394230;Kyocera_image\Kyocera TASKalfa 3011i_1584235078188.png
Paper Feed Section 2;302H024830;BUSH 8;2H024830;Kyocera_image\Kyocera TASKalfa 3011i_1584235078188.png
Paper Feed Section 2;302H024360;BUSH 8 EW;2H024360;Kyocera_image\Kyocera TASKalfa 3011i_1584235078188.png
Paper Feed Section 2;302K394310;PARTS GEAR REGIST Z28L-Z18L SP;2K394310;Kyocera_image\Kyocera TASKalfa 3011i_1584235078188.png
Paper Feed Section 2;302K306140;ACTUATOR REGIST;2K306140;Kyocera_image\Kyocera TASKalfa 3011i_1584235078188.png
Paper Feed Section 2;302K306150;SPRING ACTUATOR REGIST;2K306150;Kyocera_image\Kyocera TASKalfa 3011i_1584235078188.png
Paper Feed Section 2;302K306160;SHEET REGIST LEFT;2K306160;Kyocera_image\Kyocera TASKalfa 3011i_1584235078188.png
Paper Feed Section 2;302K345120;VARISTOR TC;2K345120;Kyocera_image\Kyocera TASKalfa 3011i_1584235078188.png
Paper Feed Section 2;302K324350;SPRING EARTH REGIST B;2K324350;Kyocera_image\Kyocera TASKalfa 3011i_1584235078188.png
Paper Feed Section 2;302K302710;RAIL LINK ARM F;2K302710;Kyocera_image\Kyocera TASKalfa 3011i_1584235078188.png
Paper Feed Section 2;302K324310;SPRING EARTH REGIST A;2K324310;Kyocera_image\Kyocera TASKalfa 3011i_1584235078188.png
Paper Feed Section 2;302K324410;SPRING EARTH REGIST D;2K324410;Kyocera_image\Kyocera TASKalfa 3011i_1584235078188.png
Paper Feed Section 2;302K324380;SPRING EARTH REGIST C;2K324380;Kyocera_image\Kyocera TASKalfa 3011i_1584235078188.png
Paper Feed Section 2;302NL06080;SHEET FEED OUT A;2NL06080;Kyocera_image\Kyocera TASKalfa 3011i_1584235078188.png
Paper Feed Section 2;302MV07110;BELT FEED;2MV07110;Kyocera_image\Kyocera TASKalfa 3011i_1584235078188.png
Paper Feed Section 2;302K302630;SHEET DRUM COVER;2K302630;Kyocera_image\Kyocera TASKalfa 3011i_1584235078188.png
Paper Feed Section 2;302K302610;HOLDER DRUM COVER RIGHT;2K302610;Kyocera_image\Kyocera TASKalfa 3011i_1584235078188.png
Paper Feed Section 2;302K302620;HOLDER DRUM COVER LEFT;2K302620;Kyocera_image\Kyocera TASKalfa 3011i_1584235078188.png
Paper Feed Section 2;302K302670;ARM DRUM COVER FRONT;2K302670;Kyocera_image\Kyocera TASKalfa 3011i_1584235078188.png
Paper Feed Section 2;302K302680;ARM DRUM COVER REAR;2K302680;Kyocera_image\Kyocera TASKalfa 3011i_1584235078188.png
Paper Feed Section 2;302K324160;GUIDE TRANS LEFT;2K324160;Kyocera_image\Kyocera TASKalfa 3011i_1584235078188.png
Paper Feed Section 2;302K312080;STOPPER DRUM;2K312080;Kyocera_image\Kyocera TASKalfa 3011i_1584235078188.png
Paper Feed Section 2;302K302720;RAIL LINK ARM R;2K302720;Kyocera_image\Kyocera TASKalfa 3011i_1584235078188.png
Paper Feed Section 2;302K394540;PARTS FEED UNIT ASSY SP;2K394540;Kyocera_image\Kyocera TASKalfa 3011i_1584235078188.png
Paper Feed Section 3;302K302141;STAY RIGHT HANDLE;2K302141;Kyocera_image\Kyocera TASKalfa 3011i_1584235081596.png
Paper Feed Section 3;302MV07040;GUIDE FEED INNER;2MV07040;Kyocera_image\Kyocera TASKalfa 3011i_1584235081596.png
Paper Feed Section 3;7NXGP1S173LCH01;SENSOR OPT;NX116910;Kyocera_image\Kyocera TASKalfa 3011i_1584235081596.png
Paper Feed Section 3;302MV08010;BASE MPF;2MV08010;Kyocera_image\Kyocera TASKalfa 3011i_1584235081596.png
Paper Feed Section 3;302RH94180;PARTS PAD SEPARATION ASSY SP;2RH94180;Kyocera_image\Kyocera TASKalfa 3011i_1584235081596.png
Paper Feed Section 3;302K308480;SEAL SIDE MPF;2K308480;Kyocera_image\Kyocera TASKalfa 3011i_1584235081596.png
Paper Feed Section 3;302MV46450;WIRE MPF SIZE UNIT 1;2MV46450;Kyocera_image\Kyocera TASKalfa 3011i_1584235081596.png
Paper Feed Section 3;302MV46580;WIRE MPF;2MV46580;Kyocera_image\Kyocera TASKalfa 3011i_1584235081596.png
Paper Feed Section 3;302K308020;ACTUATOR MPF;2K308020;Kyocera_image\Kyocera TASKalfa 3011i_1584235081596.png
Paper Feed Section 3;302K308250;SPRING ACTUATOR;2K308250;Kyocera_image\Kyocera TASKalfa 3011i_1584235081596.png
Paper Feed Section 3;302RH08080;SPRING LIFT R;2RH08080;Kyocera_image\Kyocera TASKalfa 3011i_1584235081596.png
Paper Feed Section 3;302RH08070;SPRING LIFT F;2RH08070;Kyocera_image\Kyocera TASKalfa 3011i_1584235081596.png
Paper Feed Section 3;302K308101;LIFT PLATE;2K308101;Kyocera_image\Kyocera TASKalfa 3011i_1584235081596.png
Paper Feed Section 3;302K308110;PAD LIFT;2K308110;Kyocera_image\Kyocera TASKalfa 3011i_1584235081596.png
Paper Feed Section 3;302K308340;SEAL GUIDE PAD;2K308340;Kyocera_image\Kyocera TASKalfa 3011i_1584235081596.png
Paper Feed Section 3;302K308140;ARM LIFT;2K308140;Kyocera_image\Kyocera TASKalfa 3011i_1584235081596.png
Paper Feed Section 3;302K308240;SPRING EARTH;2K308240;Kyocera_image\Kyocera TASKalfa 3011i_1584235081596.png
Paper Feed Section 3;302K308030;GUIDE UPPER MPF;2K308030;Kyocera_image\Kyocera TASKalfa 3011i_1584235081596.png
Paper Feed Section 3;302K308260;WIRE EARTH MPF;2K308260;Kyocera_image\Kyocera TASKalfa 3011i_1584235081596.png
Paper Feed Section 3;302K308070;BUSH 10;2K308070;Kyocera_image\Kyocera TASKalfa 3011i_1584235081596.png
Paper Feed Section 3;302MV34190;LABEL J;2MV34190;Kyocera_image\Kyocera TASKalfa 3011i_1584235081596.png
Paper Feed Section 3;302K308080;SHAFT MPF;2K308080;Kyocera_image\Kyocera TASKalfa 3011i_1584235081596.png
Paper Feed Section 3;302K394320;PARTS GEAR MPF Z28 SP;2K394320;Kyocera_image\Kyocera TASKalfa 3011i_1584235081596.png
Paper Feed Section 3;302K308150;ROLLER MPF;2K308150;Kyocera_image\Kyocera TASKalfa 3011i_1584235081596.png
Paper Feed Section 3;302MV08030;PULLEY MPF;2MV08030;Kyocera_image\Kyocera TASKalfa 3011i_1584235081596.png
Paper Feed Section 3;302K308270;SPRING MPF ROLL;2K308270;Kyocera_image\Kyocera TASKalfa 3011i_1584235081596.png
Paper Feed Section 3;302MV08020;PIN FEED ROLL;2MV08020;Kyocera_image\Kyocera TASKalfa 3011i_1584235081596.png
Paper Feed Section 3;302MV08050;COVER MPF WIRE;2MV08050;Kyocera_image\Kyocera TASKalfa 3011i_1584235081596.png
Paper Feed Section 3;302RH94200;PARTS MPF UNIT SP;2RH94200;Kyocera_image\Kyocera TASKalfa 3011i_1584235081596.png
Paper Feed Section 3;302MV94021;PARTS ROLLER MPF ASSY SP;2MV94021;Kyocera_image\Kyocera TASKalfa 3011i_1584235081596.png
Paper Feed Section 4;302MV07080;COVER SW FEED;2MV07080;Kyocera_image\Kyocera TASKalfa 3011i_1584235086693.png
Paper Feed Section 4;302MV07051;GUIDE COVER INNER;2MV07051;Kyocera_image\Kyocera TASKalfa 3011i_1584235086693.png
Paper Feed Section 4;302RH04400;COVER RIGHT LOW;2RH04400;Kyocera_image\Kyocera TASKalfa 3011i_1584235086693.png
Paper Feed Section 4;302MV07070;HOLDER SPRING;2MV07070;Kyocera_image\Kyocera TASKalfa 3011i_1584235086693.png
Paper Feed Section 4;302NL06060;COVER HANDLE;2NL06060;Kyocera_image\Kyocera TASKalfa 3011i_1584235086693.png
Paper Feed Section 4;2FM04150;CAP SPRING /B-11 ENCLOSURE A4;2FM04150;Kyocera_image\Kyocera TASKalfa 3011i_1584235086693.png
Paper Feed Section 4;303NN24180;SPRING FEED LOW;3NN24180;Kyocera_image\Kyocera TASKalfa 3011i_1584235086693.png
Paper Feed Section 4;302BG06152;SHAFT FEED B;2BG06152;Kyocera_image\Kyocera TASKalfa 3011i_1584235086693.png
Paper Feed Section 4;3HY07120;PULLEY 15 DUPLEX;3HY07120;Kyocera_image\Kyocera TASKalfa 3011i_1584235086693.png
Paper Feed Section 4;302FZ20021;SPRING LID;2FZ20021;Kyocera_image\Kyocera TASKalfa 3011i_1584235086693.png
Paper Feed Section 4;302K906670;HOOK FEED LOW;2K906670;Kyocera_image\Kyocera TASKalfa 3011i_1584235086693.png
Paper Feed Section 4;302NL06070;SHAFT FEED LOW HOOK;2NL06070;Kyocera_image\Kyocera TASKalfa 3011i_1584235086693.png
Paper Feed Section 4;303PC06060;HANDLE FEED LOW;3PC06060;Kyocera_image\Kyocera TASKalfa 3011i_1584235086693.png
Paper Feed Section 4;302NL06040;HOLDER HOOK F;2NL06040;Kyocera_image\Kyocera TASKalfa 3011i_1584235086693.png
Paper Feed Section 4;302NL06050;HOLDER HOOK R;2NL06050;Kyocera_image\Kyocera TASKalfa 3011i_1584235086693.png
Paper Feed Section 4;2BG06480;BAND B;2BG06480;Kyocera_image\Kyocera TASKalfa 3011i_1584235086693.png
Paper Feed Section 4;7SP01000001+H01;SW.PUSH;SP044290;Kyocera_image\Kyocera TASKalfa 3011i_1584235086693.png
Paper Feed Section 4;7NXGP1S173LCH01;SENSOR OPT;NX116910;Kyocera_image\Kyocera TASKalfa 3011i_1584235086693.png
Paper Feed Section 4;303NN24250;SPRING EARTH SW;3NN24250;Kyocera_image\Kyocera TASKalfa 3011i_1584235086693.png
Paper Feed Section 4;302MV46520;WIRE RIGHT COVER SW;2MV46520;Kyocera_image\Kyocera TASKalfa 3011i_1584235086693.png
Paper Feed Section 4;302RH94170;PARTS COVER RIGHT LOW ASSY SP;2RH94170;Kyocera_image\Kyocera TASKalfa 3011i_1584235086693.png
Paper Conveying Section 1;302K304531;GUIDE RIGHT COVER;2K304531;Kyocera_image\Kyocera TASKalfa 3011i_1584235089731.png
Paper Conveying Section 1;302H024360;BUSH 8 EW;2H024360;Kyocera_image\Kyocera TASKalfa 3011i_1584235089731.png
Paper Conveying Section 1;302K329220;SHAFT DU;2K329220;Kyocera_image\Kyocera TASKalfa 3011i_1584235089731.png
Paper Conveying Section 1;302K394400;PARTS GEAR DU Z27L SP;2K394400;Kyocera_image\Kyocera TASKalfa 3011i_1584235089731.png
Paper Conveying Section 1;302K329280;PULLEY DU 26;2K329280;Kyocera_image\Kyocera TASKalfa 3011i_1584235089731.png
Paper Conveying Section 1;2BC06980;STOPPER 5;2BC06980;Kyocera_image\Kyocera TASKalfa 3011i_1584235089731.png
Paper Conveying Section 1;302K329240;BELT DU A;2K329240;Kyocera_image\Kyocera TASKalfa 3011i_1584235089731.png
Paper Conveying Section 1;302K329250;BELT DU B;2K329250;Kyocera_image\Kyocera TASKalfa 3011i_1584235089731.png
Paper Conveying Section 1;302K394250;PARTS ROLLER DU SP;2K394250;Kyocera_image\Kyocera TASKalfa 3011i_1584235089731.png
Paper Conveying Section 1;5MVX111DN007;STOPPER 3 /2BT1107 A4;2BT11070;Kyocera_image\Kyocera TASKalfa 3011i_1584235089731.png
Paper Conveying Section 1;302K329270;BUSH DU;2K329270;Kyocera_image\Kyocera TASKalfa 3011i_1584235089731.png
Paper Conveying Section 1;302K304540;SPRING HOOK;2K304540;Kyocera_image\Kyocera TASKalfa 3011i_1584235089731.png
Paper Conveying Section 1;302K304571;JOINT JUNCTION HOOK;2K304571;Kyocera_image\Kyocera TASKalfa 3011i_1584235089731.png
Paper Conveying Section 1;302K329230;WIRE EARTH DU;2K329230;Kyocera_image\Kyocera TASKalfa 3011i_1584235089731.png
Paper Conveying Section 1;302RH04370;COVER RIGHT MIDDLE;2RH04370;Kyocera_image\Kyocera TASKalfa 3011i_1584235089731.png
Paper Conveying Section 1;302MV34250;LABEL COVER CAUTION;2MV34250;Kyocera_image\Kyocera TASKalfa 3011i_1584235089731.png
Paper Conveying Section 1;302MV34260;LABEL BYPASS CAUTION;2MV34260;Kyocera_image\Kyocera TASKalfa 3011i_1584235089731.png
Paper Conveying Section 1;302K304520;HOOK RIGHT COVER;2K304520;Kyocera_image\Kyocera TASKalfa 3011i_1584235089731.png
Paper Conveying Section 1;302MV04300;COVER RIGHT HOOK;2MV04300;Kyocera_image\Kyocera TASKalfa 3011i_1584235089731.png
Paper Conveying Section 1;5MMS111SL002;NUT FUSER A /FS-1800/3800 A4;2BY20050;Kyocera_image\Kyocera TASKalfa 3011i_1584235089731.png
Paper Conveying Section 1;302MV34400;LABEL HIGH TEMP;2MV34400;Kyocera_image\Kyocera TASKalfa 3011i_1584235089731.png
Paper Conveying Section 1;302K328200;GUIDE EXIT RIGHT;2K328200;Kyocera_image\Kyocera TASKalfa 3011i_1584235089731.png
Paper Conveying Section 1;302K329020;PULLEY DU;2K329020;Kyocera_image\Kyocera TASKalfa 3011i_1584235089731.png
Paper Conveying Section 1;302K329030;SPRING DU FEED;2K329030;Kyocera_image\Kyocera TASKalfa 3011i_1584235089731.png
Paper Conveying Section 1;302K304591;STRAP RIGHT COVER;2K304591;Kyocera_image\Kyocera TASKalfa 3011i_1584235089731.png
Paper Conveying Section 1;302RH94190;PARTS RIGHT COVER UNIT SP;2RH94190;Kyocera_image\Kyocera TASKalfa 3011i_1584235089731.png
Paper Conveying Section 2;302K324011;BASE CONVEYING;2K324011;Kyocera_image\Kyocera TASKalfa 3011i_1584235094057.png
Paper Conveying Section 2;302K324080;TERMINAL TRANSFER;2K324080;Kyocera_image\Kyocera TASKalfa 3011i_1584235094057.png
Paper Conveying Section 2;302NL24090;GUIDE CONVEYING;2NL24090;Kyocera_image\Kyocera TASKalfa 3011i_1584235094057.png
Paper Conveying Section 2;302K324130;SPRING EARTH CONVEYING;2K324130;Kyocera_image\Kyocera TASKalfa 3011i_1584235094057.png
Paper Conveying Section 2;302K324360;SPRING CONVEYING R;2K324360;Kyocera_image\Kyocera TASKalfa 3011i_1584235094057.png
Paper Conveying Section 2;302K324070;LEVER CONVEYING R;2K324070;Kyocera_image\Kyocera TASKalfa 3011i_1584235094057.png
Paper Conveying Section 2;302K324110;SPRING CONVEYING F;2K324110;Kyocera_image\Kyocera TASKalfa 3011i_1584235094057.png
Paper Conveying Section 2;302K324060;LEVER CONVEYING F;2K324060;Kyocera_image\Kyocera TASKalfa 3011i_1584235094057.png
Paper Conveying Section 2;302K324270;BUSH REGIST R;2K324270;Kyocera_image\Kyocera TASKalfa 3011i_1584235094057.png
Paper Conveying Section 2;302K324180;BUSH REGIST F;2K324180;Kyocera_image\Kyocera TASKalfa 3011i_1584235094057.png
Paper Conveying Section 2;302K394220;PARTS ROLLER REGIST RIGHT SP;2K394220;Kyocera_image\Kyocera TASKalfa 3011i_1584235094057.png
Paper Conveying Section 2;302H722470;COLLAR TRANS ROLLER;2H722470;Kyocera_image\Kyocera TASKalfa 3011i_1584235094057.png
Paper Conveying Section 2;302K394330;PARTS GEAR REGIST Z24R SP;2K394330;Kyocera_image\Kyocera TASKalfa 3011i_1584235094057.png
Paper Conveying Section 2;302K324440;SPRING REGIST R;2K324440;Kyocera_image\Kyocera TASKalfa 3011i_1584235094057.png
Paper Conveying Section 2;302K324200;SPRING REGIST F;2K324200;Kyocera_image\Kyocera TASKalfa 3011i_1584235094057.png
Paper Conveying Section 2;302K324500;SPRING REGIST C;2K324500;Kyocera_image\Kyocera TASKalfa 3011i_1584235094057.png
Paper Conveying Section 2;302K324470;BUSH REGIST C;2K324470;Kyocera_image\Kyocera TASKalfa 3011i_1584235094057.png
Paper Conveying Section 2;302K346090;WIRE DU;2K346090;Kyocera_image\Kyocera TASKalfa 3011i_1584235094057.png
Paper Conveying Section 2;7NXGP1S173LCH01;SENSOR OPT.;NX116910;Kyocera_image\Kyocera TASKalfa 3011i_1584235094057.png
Paper Conveying Section 2;302K329060;RETAINER ACTUATOR;2K329060;Kyocera_image\Kyocera TASKalfa 3011i_1584235094057.png
Paper Conveying Section 2;302K329040;ACTUATOR DU;2K329040;Kyocera_image\Kyocera TASKalfa 3011i_1584235094057.png
Paper Conveying Section 2;302K329010;FRAME DU;2K329010;Kyocera_image\Kyocera TASKalfa 3011i_1584235094057.png
Paper Conveying Section 2;302K329020;PULLEY DU;2K329020;Kyocera_image\Kyocera TASKalfa 3011i_1584235094057.png
Paper Conveying Section 2;302K329030;SPRING DU FEED;2K329030;Kyocera_image\Kyocera TASKalfa 3011i_1584235094057.png
Paper Conveying Section 2;302K324322;COVER HARNESS;2K324322;Kyocera_image\Kyocera TASKalfa 3011i_1584235094057.png
Paper Conveying Section 2;302K324340;TERMINAL SEPARATION B;2K324340;Kyocera_image\Kyocera TASKalfa 3011i_1584235094057.png
Paper Conveying Section 2;302K324090;TERMINAL SEPARATION A;2K324090;Kyocera_image\Kyocera TASKalfa 3011i_1584235094057.png
Paper Conveying Section 2;302K324290;FILM GUIDE REGIST;2K324290;Kyocera_image\Kyocera TASKalfa 3011i_1584235094057.png
Paper Conveying Section 2;302NL24050;FILM GUIDE FEED JUNCTION;2NL24050;Kyocera_image\Kyocera TASKalfa 3011i_1584235094057.png
Paper Conveying Section 2;302NL24040;GUIDE FEED JUNCTION;2NL24040;Kyocera_image\Kyocera TASKalfa 3011i_1584235094057.png
Paper Conveying Section 2;302K324510;SPRING TRANSFER LIFT;2K324510;Kyocera_image\Kyocera TASKalfa 3011i_1584235094057.png
Paper Conveying Section 2;302K304630;FILM CONVEYING SHAFT;2K304630;Kyocera_image\Kyocera TASKalfa 3011i_1584235094057.png
Paper Conveying Section 2;302K304560;SHAFT RIGHT COVER R;2K304560;Kyocera_image\Kyocera TASKalfa 3011i_1584235094057.png
Paper Conveying Section 2;302K304550;SHAFT RIGHT COVER F;2K304550;Kyocera_image\Kyocera TASKalfa 3011i_1584235094057.png
Paper Conveying Section 2;302NL94070;PARTS CONVEYING UNIT SP;2NL94070;Kyocera_image\Kyocera TASKalfa 3011i_1584235094057.png
Paper Conveying Section 3;302K324030;HOLDER TRANSFER;2K324030;Kyocera_image\Kyocera TASKalfa 3011i_1584235098922.png
Paper Conveying Section 3;302K324100;HOLDER SEPARATION;2K324100;Kyocera_image\Kyocera TASKalfa 3011i_1584235098922.png
Paper Conveying Section 3;302K324150;PLATE SEPARATION;2K324150;Kyocera_image\Kyocera TASKalfa 3011i_1584235098922.png
Paper Conveying Section 3;302K324370;SPRING TRANSFER R;2K324370;Kyocera_image\Kyocera TASKalfa 3011i_1584235098922.png
Paper Conveying Section 3;302K324430;BUSH TRANSFER ROLL R;2K324430;Kyocera_image\Kyocera TASKalfa 3011i_1584235098922.png
Paper Conveying Section 3;302K324020;ROLLER TRANSFER;2K324020;Kyocera_image\Kyocera TASKalfa 3011i_1584235098922.png
Paper Conveying Section 3;302K324240;BUSH TRANSFER ROLL F;2K324240;Kyocera_image\Kyocera TASKalfa 3011i_1584235098922.png
Paper Conveying Section 3;302MV34180;LABEL I;2MV34180;Kyocera_image\Kyocera TASKalfa 3011i_1584235098922.png
Paper Conveying Section 3;302K324210;SPRING TRANSFER F;2K324210;Kyocera_image\Kyocera TASKalfa 3011i_1584235098922.png
Paper Conveying Section 3;302H722470;COLLAR TRANS ROLLER;2H722470;Kyocera_image\Kyocera TASKalfa 3011i_1584235098922.png
Paper Conveying Section 3;302K324170;GEAR TRANSFER Z18L;2K324170;Kyocera_image\Kyocera TASKalfa 3011i_1584235098922.png
Paper Conveying Section 3;302K324280;LEVER TRANSFER;2K324280;Kyocera_image\Kyocera TASKalfa 3011i_1584235098922.png
Paper Conveying Section 3;302K324520;SHEET TRANSFER RIGHT;2K324520;Kyocera_image\Kyocera TASKalfa 3011i_1584235098922.png
Paper Conveying Section 3;302NL24110;GUIDE TRANSFER RIGHT B;2NL24110;Kyocera_image\Kyocera TASKalfa 3011i_1584235098922.png
Paper Conveying Section 3;302K324230;SPRING GUIDE TRANSFER;2K324230;Kyocera_image\Kyocera TASKalfa 3011i_1584235098922.png
Paper Conveying Section 3;302K324260;HOOK TRANSFER R;2K324260;Kyocera_image\Kyocera TASKalfa 3011i_1584235098922.png
Paper Conveying Section 3;302K324250;HOOK TRANSFER F;2K324250;Kyocera_image\Kyocera TASKalfa 3011i_1584235098922.png
Paper Conveying Section 3;302MV24020;LEVER HOOK R;2MV24020;Kyocera_image\Kyocera TASKalfa 3011i_1584235098922.png
Paper Conveying Section 3;302MV24010;LEVER HOOK F;2MV24010;Kyocera_image\Kyocera TASKalfa 3011i_1584235098922.png
Paper Conveying Section 3;302NL93090;TR-7105;2NL93090;Kyocera_image\Kyocera TASKalfa 3011i_1584235098922.png
Paper Conveying Section 4;302K908211;ACTUATOR SIZE DETECTION;2K908211;Kyocera_image\Kyocera TASKalfa 3011i_1584235104613.png
Paper Conveying Section 4;302K908220;SPRING-TORSION SIZE DETECTION;2K908220;Kyocera_image\Kyocera TASKalfa 3011i_1584235104613.png
Paper Conveying Section 4;302K908580;HOLDER SIZE DETECTION;2K908580;Kyocera_image\Kyocera TASKalfa 3011i_1584235104613.png
Paper Conveying Section 4;7NXGP1S173LCH01;SENSOR OPT.;NX116910;Kyocera_image\Kyocera TASKalfa 3011i_1584235104613.png
Paper Conveying Section 4;302MV46510;WIRE MPF SIZE UNIT 2;2MV46510;Kyocera_image\Kyocera TASKalfa 3011i_1584235104613.png
Paper Conveying Section 4;302MV08430;TABLE MPF B;2MV08430;Kyocera_image\Kyocera TASKalfa 3011i_1584235104613.png
Paper Conveying Section 4;302H708150;SPONGE WIRE MPT;2H708150;Kyocera_image\Kyocera TASKalfa 3011i_1584235104613.png
Paper Conveying Section 4;302MV08420;TABLE MPF A;2MV08420;Kyocera_image\Kyocera TASKalfa 3011i_1584235104613.png
Paper Conveying Section 4;302MV08410;TABLE MPF;2MV08410;Kyocera_image\Kyocera TASKalfa 3011i_1584235104613.png
Paper Conveying Section 4;302MV08441;CURSOR FRONT MPF;2MV08441;Kyocera_image\Kyocera TASKalfa 3011i_1584235104613.png
Paper Conveying Section 4;302MV08451;CURSOR REAR MPF;2MV08451;Kyocera_image\Kyocera TASKalfa 3011i_1584235104613.png
Paper Conveying Section 4;2C906080;GEAR 18 BYPASS;2C906080;Kyocera_image\Kyocera TASKalfa 3011i_1584235104613.png
Paper Conveying Section 4;2C906090;TERMINAL PAPER SIZE;2C906090;Kyocera_image\Kyocera TASKalfa 3011i_1584235104613.png
Paper Conveying Section 4;302C994030;PARTS PWB MPF SIZE ASSY SP;2C994030;Kyocera_image\Kyocera TASKalfa 3011i_1584235104613.png
Paper Conveying Section 4;302MV08460;GUIDE FRONT MPF WIRE;2MV08460;Kyocera_image\Kyocera TASKalfa 3011i_1584235104613.png
Paper Conveying Section 4;76727010;ORIGINAL SIZE SWITCH;76727010;Kyocera_image\Kyocera TASKalfa 3011i_1584235104613.png
Paper Conveying Section 4;302MV08470;GUIDE REAR MPF WIRE;2MV08470;Kyocera_image\Kyocera TASKalfa 3011i_1584235104613.png
Paper Conveying Section 4;302R408220;STOPPER BYPASS TABLE;2R408220;Kyocera_image\Kyocera TASKalfa 3011i_1584235104613.png
Paper Conveying Section 4;302MV08500;SPRING MPF;2MV08500;Kyocera_image\Kyocera TASKalfa 3011i_1584235104613.png
Paper Conveying Section 4;302MV08400;COVER MPF;2MV08400;Kyocera_image\Kyocera TASKalfa 3011i_1584235104613.png
Paper Conveying Section 4;302R408230;STRAP LINK MPF;2R408230;Kyocera_image\Kyocera TASKalfa 3011i_1584235104613.png
Paper Conveying Section 4;302K308470;STOPPER STRAP;2K308470;Kyocera_image\Kyocera TASKalfa 3011i_1584235104613.png
Paper Conveying Section 4;302MV34270;LABEL BYPASS TABLE;2MV34270;Kyocera_image\Kyocera TASKalfa 3011i_1584235104613.png
Paper Conveying Section 4;302MV08520;SHEET MPF WIRE A;2MV08520;Kyocera_image\Kyocera TASKalfa 3011i_1584235104613.png
Paper Conveying Section 4;302NL34140;LABEL MPF CAUTION;2NL34140;Kyocera_image\Kyocera TASKalfa 3011i_1584235104613.png
Paper Conveying Section 4;302NL94152;PARTS MPF TABLE ASSY SP;2NL94152;Kyocera_image\Kyocera TASKalfa 3011i_1584235104613.png
Scanner Section 1;7NXGP1S173LCH01;SENSOR OPT;NX116910;Kyocera_image\Kyocera TASKalfa 3011i_1584235108243.png
Scanner Section 1;302NL17020;SWITCH RELEASE;2NL17020;Kyocera_image\Kyocera TASKalfa 3011i_1584235108243.png
Scanner Section 1;302RH17010;MOUNT CONNECTOR;2RH17010;Kyocera_image\Kyocera TASKalfa 3011i_1584235108243.png
Scanner Section 1;302RH17020;GUIDE FFC;2RH17020;Kyocera_image\Kyocera TASKalfa 3011i_1584235108243.png
Scanner Section 1;302RH46210;WIRE FFC CCD;2RH46210;Kyocera_image\Kyocera TASKalfa 3011i_1584235108243.png
Scanner Section 1;302RH17030;FILM FFC CCD;2RH17030;Kyocera_image\Kyocera TASKalfa 3011i_1584235108243.png
Scanner Section 1;7YBFZZ65C001H01;FERRITE CORE;YB110990;Kyocera_image\Kyocera TASKalfa 3011i_1584235108243.png
Scanner Section 1;302ND93110;PARTS ISU ASSY H SP;2ND93110;Kyocera_image\Kyocera TASKalfa 3011i_1584235108243.png
Scanner Section 1;302MV17030;COVER LENS;2MV17030;Kyocera_image\Kyocera TASKalfa 3011i_1584235108243.png
Scanner Section 1;7ZG65TSV+010H01;SHIELD GASKET;ZG111180;Kyocera_image\Kyocera TASKalfa 3011i_1584235108243.png
Scanner Section 1;302L793100;PARTS MOUNT LED ASSY SP;2L793100;Kyocera_image\Kyocera TASKalfa 3011i_1584235108243.png
Scanner Section 1;302RH46250;WIRE FFC LED;2RH46250;Kyocera_image\Kyocera TASKalfa 3011i_1584235108243.png
Scanner Section 1;302K317172;GUIDE FFC LED C;2K317172;Kyocera_image\Kyocera TASKalfa 3011i_1584235108243.png
Scanner Section 1;302RH17110;SHEET FFC LED;2RH17110;Kyocera_image\Kyocera TASKalfa 3011i_1584235108243.png
Scanner Section 1;302HN44100;MOTOR REVERSE;2HN44100;Kyocera_image\Kyocera TASKalfa 3011i_1584235108243.png
Scanner Section 1;302K394370;PARTS GEAR Z18-Z63R SP;2K394370;Kyocera_image\Kyocera TASKalfa 3011i_1584235108243.png
Scanner Section 1;302RH17060;GEAR P54;2RH17060;Kyocera_image\Kyocera TASKalfa 3011i_1584235108243.png
Scanner Section 1;302NL17010;MOUNT DRIVE;2NL17010;Kyocera_image\Kyocera TASKalfa 3011i_1584235108243.png
Scanner Section 1;302NL17030;HOLDER SWITCH;2NL17030;Kyocera_image\Kyocera TASKalfa 3011i_1584235108243.png
Scanner Section 1;302RH17040;PULLEY DRUM;2RH17040;Kyocera_image\Kyocera TASKalfa 3011i_1584235108243.png
Scanner Section 1;302RH17050;SHAFT MOTOR DRIVE;2RH17050;Kyocera_image\Kyocera TASKalfa 3011i_1584235108243.png
Scanner Section 1;302K317140;WIRE SCANNER BLACK;2K317140;Kyocera_image\Kyocera TASKalfa 3011i_1584235108243.png
Scanner Section 1;302K317150;WIRE SCANNER GRAY;2K317150;Kyocera_image\Kyocera TASKalfa 3011i_1584235108243.png
Scanner Section 1;2BC06980;STOPPER 5;2BC06980;Kyocera_image\Kyocera TASKalfa 3011i_1584235108243.png
Scanner Section 1;302NL17050;MOUNT DP;2NL17050;Kyocera_image\Kyocera TASKalfa 3011i_1584235108243.png
Scanner Section 1;2FB20860;PIN FUSER COVER;2FB20860;Kyocera_image\Kyocera TASKalfa 3011i_1584235108243.png
Scanner Section 1;302K317180;CUSHION ISU;2K317180;Kyocera_image\Kyocera TASKalfa 3011i_1584235108243.png
Scanner Section 1;302RH94160;PARTS CONTACT-GLASS ASSY(C) SP;2RH94160;Kyocera_image\Kyocera TASKalfa 3011i_1584235108243.png
Scanner Section 1;302RH94150;PARTS CONTACT-GLASS ASSY(I) SP;2RH94150;Kyocera_image\Kyocera TASKalfa 3011i_1584235108243.png
Scanner Section 1;302ND94800;PARTS SENSOR OPT SP;2ND94800;Kyocera_image\Kyocera TASKalfa 3011i_1584235108243.png
Scanner Section 2;302RH04130;COVER ISU REAR;2RH04130;Kyocera_image\Kyocera TASKalfa 3011i_1584235112864.png
Scanner Section 2;302RH04120;COVER ISU RIGHT;2RH04120;Kyocera_image\Kyocera TASKalfa 3011i_1584235112864.png
Scanner Section 2;302RH04110;COVER ISU LEFT;2RH04110;Kyocera_image\Kyocera TASKalfa 3011i_1584235112864.png
Scanner Section 2;302RH04230;COVER ISU LEFT SUB;2RH04230;Kyocera_image\Kyocera TASKalfa 3011i_1584235112864.png
Scanner Section 2;302RH34040;LABEL OPERATION CAUTION A;2RH34040;Kyocera_image\Kyocera TASKalfa 3011i_1584235112864.png
Scanner Section 2;302RH34050;LABEL OPERATION CAUTION B;2RH34050;Kyocera_image\Kyocera TASKalfa 3011i_1584235112864.png
Scanner Section 2;302RH04100;COVER ISU FRONT A;2RH04100;Kyocera_image\Kyocera TASKalfa 3011i_1584235112864.png
Scanner Section 2;302RH04330;LID DP;2RH04330;Kyocera_image\Kyocera TASKalfa 3011i_1584235112864.png
Laser Scanner Section;302RH93030;LK-7106;2RH93030;Kyocera_image\Kyocera TASKalfa 3011i_1584235116420.png
Developer Section;302NL93030;DV-7105;2NL93030;Kyocera_image\Kyocera TASKalfa 3011i_1584235121851.png
Image Formation Section;302NL93080;MC-7105;2NL93080;Kyocera_image\Kyocera TASKalfa 3011i_1584235125911.png
Image Formation Section;302K393130;WT-475;2K393130;Kyocera_image\Kyocera TASKalfa 3011i_1584235125911.png
Image Formation Section;302NL93020;DK-7105;2NL93020;Kyocera_image\Kyocera TASKalfa 3011i_1584235125911.png
Fuser Section;302NL93071;FK-7105;2NL93071;Kyocera_image\Kyocera TASKalfa 3011i_1584235129066.png
Fuser Section;302NL93061;FK-7107;2NL93061;Kyocera_image\Kyocera TASKalfa 3011i_1584235129066.png
Fuser Section;302NL93051;FK-7106;2NL93051;Kyocera_image\Kyocera TASKalfa 3011i_1584235129066.png
Drive Section 1;302K394190;PARTS MOTOR LIFT ASSY SP;2K394190;Kyocera_image\Kyocera TASKalfa 3011i_1584235133546.png
Drive Section 1;302LC94291;PARTS MOTOR-BL W10 SP;2LC94291;Kyocera_image\Kyocera TASKalfa 3011i_1584235133546.png
Drive Section 1;302MV31030;PLATE MOTOR LOW;2MV31030;Kyocera_image\Kyocera TASKalfa 3011i_1584235133546.png
Drive Section 1;302MV31010;HOLDER DRIVE LOW A;2MV31010;Kyocera_image\Kyocera TASKalfa 3011i_1584235133546.png
Drive Section 1;302MV31040;SPRING EARTH FEED LOW;2MV31040;Kyocera_image\Kyocera TASKalfa 3011i_1584235133546.png
Drive Section 1;302HN31590;BUSH DRIVE;2HN31590;Kyocera_image\Kyocera TASKalfa 3011i_1584235133546.png
Drive Section 1;302KV44041;CLUTCH 50 Z35R;2KV44041;Kyocera_image\Kyocera TASKalfa 3011i_1584235133546.png
Drive Section 1;302K331240;SHAFT CLUTCH FEED;2K331240;Kyocera_image\Kyocera TASKalfa 3011i_1584235133546.png
Drive Section 1;303NN31060;SHAFT GEAR;3NN31060;Kyocera_image\Kyocera TASKalfa 3011i_1584235133546.png
Drive Section 1;303NN31050;GEAR Z27L IDLE;3NN31050;Kyocera_image\Kyocera TASKalfa 3011i_1584235133546.png
Drive Section 1;302K331081;GEAR Z40R IDLE;2K331081;Kyocera_image\Kyocera TASKalfa 3011i_1584235133546.png
Drive Section 1;303NN31040;GEAR Z77R Z23L;3NN31040;Kyocera_image\Kyocera TASKalfa 3011i_1584235133546.png
Drive Section 1;303NN31070;GEAR Z33R Z44R;3NN31070;Kyocera_image\Kyocera TASKalfa 3011i_1584235133546.png
Drive Section 1;302MV31020;HOLDER DRIVE LOW B;2MV31020;Kyocera_image\Kyocera TASKalfa 3011i_1584235133546.png
Drive Section 1;302HN31410;SPRING FEED;2HN31410;Kyocera_image\Kyocera TASKalfa 3011i_1584235133546.png
Drive Section 1;303NN31080;SPRING JOINT SHAFT;3NN31080;Kyocera_image\Kyocera TASKalfa 3011i_1584235133546.png
Drive Section 1;302HN31660;JOINT SHAFT CASSETTE;2HN31660;Kyocera_image\Kyocera TASKalfa 3011i_1584235133546.png
Drive Section 1;302RH46020;WIRE FEED DRIVE;2RH46020;Kyocera_image\Kyocera TASKalfa 3011i_1584235133546.png
Drive Section 1;302MV93110;DR-8315D;2MV93110;Kyocera_image\Kyocera TASKalfa 3011i_1584235133546.png
Drive Section 2;302HN31410;SPRING FEED;2HN31410;Kyocera_image\Kyocera TASKalfa 3011i_1584235136622.png
Drive Section 2;302HN31590;BUSH DRIVE;2HN31590;Kyocera_image\Kyocera TASKalfa 3011i_1584235136622.png
Drive Section 2;302HN31650;SPRING INPUT MPF;2HN31650;Kyocera_image\Kyocera TASKalfa 3011i_1584235136622.png
Drive Section 2;302HN31660;JOINT SHAFT CASSETTE;2HN31660;Kyocera_image\Kyocera TASKalfa 3011i_1584235136622.png
Drive Section 2;302HN44160;SOLENOID MPF;2HN44160;Kyocera_image\Kyocera TASKalfa 3011i_1584235136622.png
Drive Section 2;302K331030;PLATE DRIVE;2K331030;Kyocera_image\Kyocera TASKalfa 3011i_1584235136622.png
Drive Section 2;302K331040;GEAR Z191R;2K331040;Kyocera_image\Kyocera TASKalfa 3011i_1584235136622.png
Drive Section 2;302K331050;GEAR Z112R-Z37L;2K331050;Kyocera_image\Kyocera TASKalfa 3011i_1584235136622.png
Drive Section 2;302K331060;GEAR Z38R;2K331060;Kyocera_image\Kyocera TASKalfa 3011i_1584235136622.png
Drive Section 2;302K331070;GEAR Z29L INPUT DLP;2K331070;Kyocera_image\Kyocera TASKalfa 3011i_1584235136622.png
Drive Section 2;302K331081;GEAR Z40R IDLE;2K331081;Kyocera_image\Kyocera TASKalfa 3011i_1584235136622.png
Drive Section 2;302K331090;GEAR Z43L IDLE;2K331090;Kyocera_image\Kyocera TASKalfa 3011i_1584235136622.png
Drive Section 2;302K331100;GEAR RATCHET Z28S;2K331100;Kyocera_image\Kyocera TASKalfa 3011i_1584235136622.png
Drive Section 2;302K331110;GEAR INPUT FUSER Z30S;2K331110;Kyocera_image\Kyocera TASKalfa 3011i_1584235136622.png
Drive Section 2;302K331120;GEAR Z101L-Z33L;2K331120;Kyocera_image\Kyocera TASKalfa 3011i_1584235136622.png
Drive Section 2;302K331140;GEAR Z30R IDLE;2K331140;Kyocera_image\Kyocera TASKalfa 3011i_1584235136622.png
Drive Section 2;302K331150;GEAR Z42R-Z36R;2K331150;Kyocera_image\Kyocera TASKalfa 3011i_1584235136622.png
Drive Section 2;302K331160;GEAR Z48R-Z22S;2K331160;Kyocera_image\Kyocera TASKalfa 3011i_1584235136622.png
Drive Section 2;302K331170;GEAR Z28S;2K331170;Kyocera_image\Kyocera TASKalfa 3011i_1584235136622.png
Drive Section 2;302K331180;GEAR Z45S INPUT MPF A;2K331180;Kyocera_image\Kyocera TASKalfa 3011i_1584235136622.png
Drive Section 2;302K331190;GEAR Z45S INPUT MPF B;2K331190;Kyocera_image\Kyocera TASKalfa 3011i_1584235136622.png
Drive Section 2;302K331200;CAM MPF;2K331200;Kyocera_image\Kyocera TASKalfa 3011i_1584235136622.png
Drive Section 2;302K331210;SPRING JOINT DLP;2K331210;Kyocera_image\Kyocera TASKalfa 3011i_1584235136622.png
Drive Section 2;302K331220;SPRING RATCHET FUSER;2K331220;Kyocera_image\Kyocera TASKalfa 3011i_1584235136622.png
Drive Section 2;302K331240;SHAFT CLUTCH FEED;2K331240;Kyocera_image\Kyocera TASKalfa 3011i_1584235136622.png
Drive Section 2;302K331250;SPRING EARTH MOTOR;2K331250;Kyocera_image\Kyocera TASKalfa 3011i_1584235136622.png
Drive Section 2;302K331260;PIN DRIVE A;2K331260;Kyocera_image\Kyocera TASKalfa 3011i_1584235136622.png
Drive Section 2;302K394201;PARTS MOTOR-BL W30 SP;2K394201;Kyocera_image\Kyocera TASKalfa 3011i_1584235136622.png
Drive Section 2;302NL31050;SHAFT DU;2NL31050;Kyocera_image\Kyocera TASKalfa 3011i_1584235136622.png
Drive Section 2;5MVX111DN003;RING STOPPER /A-49 FEED A4;2A806250;Kyocera_image\Kyocera TASKalfa 3011i_1584235136622.png
Drive Section 2;302KV44041;CLUTCH 50 Z35R;2KV44041;Kyocera_image\Kyocera TASKalfa 3011i_1584235136622.png
Drive Section 2;302NL31010;HOLDER FEED DRIVE A;2NL31010;Kyocera_image\Kyocera TASKalfa 3011i_1584235136622.png
Drive Section 2;302NL31020;HOLDER FEED DRIVE B;2NL31020;Kyocera_image\Kyocera TASKalfa 3011i_1584235136622.png
Drive Section 2;302NL31030;GEAR Z21L Z26R;2NL31030;Kyocera_image\Kyocera TASKalfa 3011i_1584235136622.png
Drive Section 2;302NL31040;PIN DRIVE;2NL31040;Kyocera_image\Kyocera TASKalfa 3011i_1584235136622.png
Drive Section 2;7YCC02B1003+H01;CONNECTOR 292254-2;YC013860;Kyocera_image\Kyocera TASKalfa 3011i_1584235136622.png
Drive Section 2;302KV31320;GEAR Z32L;2KV31320;Kyocera_image\Kyocera TASKalfa 3011i_1584235136622.png
Drive Section 2;302K331230;BUSH DRIVE 8;2K331230;Kyocera_image\Kyocera TASKalfa 3011i_1584235136622.png
Drive Section 2;302RH46240;WIRE DRIVE;2RH46240;Kyocera_image\Kyocera TASKalfa 3011i_1584235136622.png
Drive Section 2;302NL93010;DR-7105;2NL93010;Kyocera_image\Kyocera TASKalfa 3011i_1584235136622.png
Cooling Section;302FB23340;FILM UPPER REAR DUCT;2FB23340;Kyocera_image\Kyocera TASKalfa 3011i_1584235139745.png
Cooling Section;302K333010;DUCT MAIN UPPER;2K333010;Kyocera_image\Kyocera TASKalfa 3011i_1584235139745.png
Cooling Section;302K333020;DUCT MAIN LOWER;2K333020;Kyocera_image\Kyocera TASKalfa 3011i_1584235139745.png
Cooling Section;302K333030;DUCT SEPARATION;2K333030;Kyocera_image\Kyocera TASKalfa 3011i_1584235139745.png
Cooling Section;302K333041;DUCT REAR UPPER;2K333041;Kyocera_image\Kyocera TASKalfa 3011i_1584235139745.png
Cooling Section;302K333051;DUCT REAR LOWER;2K333051;Kyocera_image\Kyocera TASKalfa 3011i_1584235139745.png
Cooling Section;302NG94220;PARTS FAN MOTOR SP;2NG94220;Kyocera_image\Kyocera TASKalfa 3011i_1584235139745.png
Cooling Section;302LC31511;SEAL MOTOR DC;2LC31511;Kyocera_image\Kyocera TASKalfa 3011i_1584235139745.png
Cooling Section;302RH33010;DUCT BRACKET;2RH33010;Kyocera_image\Kyocera TASKalfa 3011i_1584235139745.png
Cooling Section;302NP94120;PARTS PWB THERMISTOR ASSY SP;2NP94120;Kyocera_image\Kyocera TASKalfa 3011i_1584235139745.png
Cooling Section;7YZM210005++H01;ACCESS.EDGING;YZ037990;Kyocera_image\Kyocera TASKalfa 3011i_1584235139745.png
Cooling Section;7YZM410004++H01;ACCESS.BAND;YZ148350;Kyocera_image\Kyocera TASKalfa 3011i_1584235139745.png
Exit Section;302NL28040;CUSHION GUIDE CHANGE;2NL28040;Kyocera_image\Kyocera TASKalfa 3011i_1584235142952.png
Exit Section;302K328240;CUSHION GUIDE CHANGE B;2K328240;Kyocera_image\Kyocera TASKalfa 3011i_1584235142952.png
Exit Section;302K328210;WIRE EXIT ROLLER EARTH;2K328210;Kyocera_image\Kyocera TASKalfa 3011i_1584235142952.png
Exit Section;302K328011;BASE CONVEYING EXIT;2K328011;Kyocera_image\Kyocera TASKalfa 3011i_1584235142952.png
Exit Section;302K394350;PARTS GEAR Z22S EXIT SP;2K394350;Kyocera_image\Kyocera TASKalfa 3011i_1584235142952.png
Exit Section;5MVX111DN003;RING STOPPER /A-49 FEED A4;2A806250;Kyocera_image\Kyocera TASKalfa 3011i_1584235142952.png
Exit Section;302H024370;BUSH 6 EW;2H024370;Kyocera_image\Kyocera TASKalfa 3011i_1584235142952.png
Exit Section;302K394240;PARTS ROLLER EXIT SP;2K394240;Kyocera_image\Kyocera TASKalfa 3011i_1584235142952.png
Exit Section;302K328170;SPRING EXIT EARTH;2K328170;Kyocera_image\Kyocera TASKalfa 3011i_1584235142952.png
Exit Section;302NL28060;ACTUATOR EXIT OVERFLOW;2NL28060;Kyocera_image\Kyocera TASKalfa 3011i_1584235142952.png
Exit Section;302K346020;WIRE EJECT UNIT;2K346020;Kyocera_image\Kyocera TASKalfa 3011i_1584235142952.png
Exit Section;302K328181;LID EXIT EMPTY SWITCH;2K328181;Kyocera_image\Kyocera TASKalfa 3011i_1584235142952.png
Exit Section;302K394180;PARTS SWITCH EXIT PAPER EMPTY SP;2K394180;Kyocera_image\Kyocera TASKalfa 3011i_1584235142952.png
Exit Section;302NL28050;PLATE EXIT OVERFLOW;2NL28050;Kyocera_image\Kyocera TASKalfa 3011i_1584235142952.png
Exit Section;302K328100;GUIDE EXIT MIDDLE;2K328100;Kyocera_image\Kyocera TASKalfa 3011i_1584235142952.png
Exit Section;302K328090;GUIDE EXIT PUSH;2K328090;Kyocera_image\Kyocera TASKalfa 3011i_1584235142952.png
Exit Section;302K328260;SPRING GUIDE EXIT PUSH;2K328260;Kyocera_image\Kyocera TASKalfa 3011i_1584235142952.png
Exit Section;302K328250;STATIC-ELIMINATOR EXIT;2K328250;Kyocera_image\Kyocera TASKalfa 3011i_1584235142952.png
Exit Section;302K328220;CUSHION GUIDE CHANGE A;2K328220;Kyocera_image\Kyocera TASKalfa 3011i_1584235142952.png
Exit Section;302K328050;GUIDE CHANGE;2K328050;Kyocera_image\Kyocera TASKalfa 3011i_1584235142952.png
Exit Section;302K394360;PARTS GEAR Z25S EXIT INPUT SP;2K394360;Kyocera_image\Kyocera TASKalfa 3011i_1584235142952.png
Exit Section;302K328030;FRAME EXIT LOWER;2K328030;Kyocera_image\Kyocera TASKalfa 3011i_1584235142952.png
Exit Section;302F928170;SPRING PULLEY;2F928170;Kyocera_image\Kyocera TASKalfa 3011i_1584235142952.png
Exit Section;2FM04150;CAP SPRING /B-11 ENCLOSURE A4;2FM04150;Kyocera_image\Kyocera TASKalfa 3011i_1584235142952.png
Exit Section;302F929260;PULLEY DU LOW;2F929260;Kyocera_image\Kyocera TASKalfa 3011i_1584235142952.png
Exit Section;302K324460;SHAFT FEED;2K324460;Kyocera_image\Kyocera TASKalfa 3011i_1584235142952.png
Exit Section;302K328020;FRAME EXIT UPPER;2K328020;Kyocera_image\Kyocera TASKalfa 3011i_1584235142952.png
Exit Section;302HN44100;MOTOR REVERSE;2HN44100;Kyocera_image\Kyocera TASKalfa 3011i_1584235142952.png
Exit Section;302K394340;PARTS GEAR Z74R-Z22S EXIT SP;2K394340;Kyocera_image\Kyocera TASKalfa 3011i_1584235142952.png
Exit Section;303MA16560;SHAFT GEAR BELT;3MA16560;Kyocera_image\Kyocera TASKalfa 3011i_1584235142952.png
Exit Section;302F944090;SOLENOID ASSY;2F944090;Kyocera_image\Kyocera TASKalfa 3011i_1584235142952.png
Exit Section;302K328150;SPRING SOLENOID;2K328150;Kyocera_image\Kyocera TASKalfa 3011i_1584235142952.png
Exit Section;302NL28020;ACTUATOR EXIT JS;2NL28020;Kyocera_image\Kyocera TASKalfa 3011i_1584235142952.png
Exit Section;302K328111;PLATE EXIT MOTOR;2K328111;Kyocera_image\Kyocera TASKalfa 3011i_1584235142952.png
Exit Section;7NXGP1S173LCH01;SENSOR OPT.;NX116910;Kyocera_image\Kyocera TASKalfa 3011i_1584235142952.png
Exit Section;302K328270;SPRING EXIT FUSER SWITCH;2K328270;Kyocera_image\Kyocera TASKalfa 3011i_1584235142952.png
Exit Section;302K328160;ARM ACTUATOR EXIT;2K328160;Kyocera_image\Kyocera TASKalfa 3011i_1584235142952.png
Exit Section;302K328321;GUIDE EXIT OVERFLOW JS A;2K328321;Kyocera_image\Kyocera TASKalfa 3011i_1584235142952.png
Exit Section;302NL28030;GUIDE EXIT OVERFLOW JS INCH;2NL28030;Kyocera_image\Kyocera TASKalfa 3011i_1584235142952.png
Exit Section;302K328290;GUIDE EXIT PUSH JS;2K328290;Kyocera_image\Kyocera TASKalfa 3011i_1584235142952.png
Exit Section;302K328330;PULLEY FEED 6;2K328330;Kyocera_image\Kyocera TASKalfa 3011i_1584235142952.png
Exit Section;302NL28010;GUIDE EXIT PUSH JS;2NL28010;Kyocera_image\Kyocera TASKalfa 3011i_1584235142952.png
Exit Section;302FZ28270;SPRING EXIT PUSH;2FZ28270;Kyocera_image\Kyocera TASKalfa 3011i_1584235142952.png
Exit Section;302NL94050;PARTS EXIT UNIT SP;2NL94050;Kyocera_image\Kyocera TASKalfa 3011i_1584235142952.png
Exit Section;302NL94060;PARTS EXIT UNIT J SP;2NL94060;Kyocera_image\Kyocera TASKalfa 3011i_1584235142952.png
Inner Section;302NL04240;COVER INNER FRONT;2NL04240;Kyocera_image\Kyocera TASKalfa 3011i_1584235148935.png
Inner Section;302NL04260;COVER HOLDER BOX;2NL04260;Kyocera_image\Kyocera TASKalfa 3011i_1584235148935.png
Inner Section;302K304360;SPRING STOPPER CONTAINER;2K304360;Kyocera_image\Kyocera TASKalfa 3011i_1584235148935.png
Inner Section;302K304280;STOPPER CONTAINER;2K304280;Kyocera_image\Kyocera TASKalfa 3011i_1584235148935.png
Inner Section;302K304300;SPRING LEVER CONTAINER;2K304300;Kyocera_image\Kyocera TASKalfa 3011i_1584235148935.png
Inner Section;302K334170;LABEL TONER CONTAINER PULL;2K334170;Kyocera_image\Kyocera TASKalfa 3011i_1584235148935.png
Inner Section;302K304270;LEVER CONTAINER;2K304270;Kyocera_image\Kyocera TASKalfa 3011i_1584235148935.png
Inner Section;302H004660;MAGNET CATCH;2H004660;Kyocera_image\Kyocera TASKalfa 3011i_1584235148935.png
Inner Section;302K304320;STRAP COVER FRONT L;2K304320;Kyocera_image\Kyocera TASKalfa 3011i_1584235148935.png
Inner Section;302K304230;STRAP COVER FRONT R;2K304230;Kyocera_image\Kyocera TASKalfa 3011i_1584235148935.png
Inner Section;302NL34110;LABEL W1;2NL34110;Kyocera_image\Kyocera TASKalfa 3011i_1584235148935.png
Inner Section;302K302990;SPRING STOPPER DLP B;2K302990;Kyocera_image\Kyocera TASKalfa 3011i_1584235148935.png
Inner Section;302NL02320;LEVER HOOK REMOVEMENT;2NL02320;Kyocera_image\Kyocera TASKalfa 3011i_1584235148935.png
Inner Section;302K302361;STOPPER REMOVEMENT DLP;2K302361;Kyocera_image\Kyocera TASKalfa 3011i_1584235148935.png
Inner Section;302K302772;PLATE STOPPER REMOVEMENT;2K302772;Kyocera_image\Kyocera TASKalfa 3011i_1584235148935.png
Inner Section;302NL34060;LABEL PUSH STOPPER;2NL34060;Kyocera_image\Kyocera TASKalfa 3011i_1584235148935.png
Inner Section;302NL34070;LABEL ARROW STOPPER;2NL34070;Kyocera_image\Kyocera TASKalfa 3011i_1584235148935.png
Inner Section;302NL34100;LABEL BOTTLE WASTE;2NL34100;Kyocera_image\Kyocera TASKalfa 3011i_1584235148935.png
Inner Section;302NL94040;PARTS CLEANER REGIST ASSY SP;2NL94040;Kyocera_image\Kyocera TASKalfa 3011i_1584235148935.png
Electrical Components 1;302NL94110;PARTS HIGH VOLTAGE SP;2NL94110;Kyocera_image\Kyocera TASKalfa 3011i_1584235153524.png
Electrical Components 1;302RH94130;PARTS PWB ENGINE ASSY SP;2RH94130;Kyocera_image\Kyocera TASKalfa 3011i_1584235153524.png
Electrical Components 1;302RH46050;WIRE ENGINE-LVU;2RH46050;Kyocera_image\Kyocera TASKalfa 3011i_1584235153524.png
Electrical Components 1;302RH46080;WIRE FRONT SWITCH;2RH46080;Kyocera_image\Kyocera TASKalfa 3011i_1584235153524.png
Electrical Components 1;302RH46090;WIRE PF JOINT;2RH46090;Kyocera_image\Kyocera TASKalfa 3011i_1584235153524.png
Electrical Components 1;302RH46330;WIRE LSU JOINT;2RH46330;Kyocera_image\Kyocera TASKalfa 3011i_1584235153524.png
Electrical Components 1;302K346030;WIRE FUSER JAM SENS;2K346030;Kyocera_image\Kyocera TASKalfa 3011i_1584235153524.png
Electrical Components 1;302NL46360;WIRE FFC HVU;2NL46360;Kyocera_image\Kyocera TASKalfa 3011i_1584235153524.png
Electrical Components 1;302RH46160;WIRE FFC MAIN-ENGINE;2RH46160;Kyocera_image\Kyocera TASKalfa 3011i_1584235153524.png
Electrical Components 1;302RH46470;WIRE FFC MAIN-ENGINE 2;2RH46470;Kyocera_image\Kyocera TASKalfa 3011i_1584235153524.png
Electrical Components 1;302RH46030;WIRE CASSETTE SWITCH;2RH46030;Kyocera_image\Kyocera TASKalfa 3011i_1584235153524.png
Electrical Components 1;302NL46020;WIRE CONVEYING JOINT;2NL46020;Kyocera_image\Kyocera TASKalfa 3011i_1584235153524.png
Electrical Components 1;302RH46200;WIRE EJECT FAN;2RH46200;Kyocera_image\Kyocera TASKalfa 3011i_1584235153524.png
Electrical Components 1;302RH46220;WIRE COIN VENDER;2RH46220;Kyocera_image\Kyocera TASKalfa 3011i_1584235153524.png
Electrical Components 1;302RH46120;WIRE POLYGON MOTOR JOINT;2RH46120;Kyocera_image\Kyocera TASKalfa 3011i_1584235153524.png
Electrical Components 1;302RH39070;GUIDE WIRE REAR A;2RH39070;Kyocera_image\Kyocera TASKalfa 3011i_1584235153524.png
Electrical Components 1;302RH39080;GUIDE WIRE REAR B;2RH39080;Kyocera_image\Kyocera TASKalfa 3011i_1584235153524.png
Electrical Components 1;302RH39090;GUIDE WIRE REAR C;2RH39090;Kyocera_image\Kyocera TASKalfa 3011i_1584235153524.png
Electrical Components 1;302RH39100;GUIDE WIRE ISU;2RH39100;Kyocera_image\Kyocera TASKalfa 3011i_1584235153524.png
Electrical Components 1;302LF94510;PARTS IC EEPROM SP;2LF94510;Kyocera_image\Kyocera TASKalfa 3011i_1584235153524.png
Electrical Components 2;302RH39010;BOX CONTROLLER;;Kyocera_image\Kyocera TASKalfa 3011i_1584235156669.png
Electrical Components 2;302RH39030;PLATE CONTROLLER SUB;;Kyocera_image\Kyocera TASKalfa 3011i_1584235156669.png
Electrical Components 2;302RH94120;PARTS PWB MAIN ASSY SP;;Kyocera_image\Kyocera TASKalfa 3011i_1584235156669.png
Electrical Components 2;302RH94250;PARTS PWB MAIN ASSY EU SP;;Kyocera_image\Kyocera TASKalfa 3011i_1584235156669.png
Electrical Components 2;302ND94670;PARTS SSD SP;35ppm;Kyocera_image\Kyocera TASKalfa 3011i_1584235156669.png
Electrical Components 2;302L794170;PARTS SSD SP;30ppm;Kyocera_image\Kyocera TASKalfa 3011i_1584235156669.png
Electrical Components 2;302ND93180;PARTS STORAGE DEVICE SP;35ppm:120V/100V,30ppm:120V;Kyocera_image\Kyocera TASKalfa 3011i_1584235156669.png
Electrical Components 2;302RH39160;BRACKET HDD;35ppm:120V/100V,30ppm:120V;Kyocera_image\Kyocera TASKalfa 3011i_1584235156669.png
Electrical Components 2;302MV39341;PIN HDD;35ppm:120V/100V,30ppm:120V;Kyocera_image\Kyocera TASKalfa 3011i_1584235156669.png
Electrical Components 2;302JD19140;BUSHING FAN;35ppm:120V/100V,30ppm:120V;Kyocera_image\Kyocera TASKalfa 3011i_1584235156669.png
Electrical Components 2;303RR94010;PARTS WIFI UNIT SP;;Kyocera_image\Kyocera TASKalfa 3011i_1584235156669.png
Electrical Components 2;302ND46731;CONN.CORD ASSY FPC WIFI;;Kyocera_image\Kyocera TASKalfa 3011i_1584235156669.png
Electrical Components 2;302R439070;RAIL KUIO;;Kyocera_image\Kyocera TASKalfa 3011i_1584235156669.png
Electrical Components 2;302K994270;PARTS PWB KUIO ASSY SP;;Kyocera_image\Kyocera TASKalfa 3011i_1584235156669.png
Electrical Components 2;302RH46410;WIRE KUIO POWER;;Kyocera_image\Kyocera TASKalfa 3011i_1584235156669.png
Electrical Components 2;302RH46320;WIRE FFC KUIO;;Kyocera_image\Kyocera TASKalfa 3011i_1584235156669.png
Electrical Components 2;302RH46360;WIRE HDD POWER;35ppm:120V/100V,30ppm:120V;Kyocera_image\Kyocera TASKalfa 3011i_1584235156669.png
Electrical Components 2;302N446130;WIRE HDD DATA 1;35ppm:120V/100V,30ppm:120V;Kyocera_image\Kyocera TASKalfa 3011i_1584235156669.png
Electrical Components 2;302RH46040;WIRE MAIN-LVU;;Kyocera_image\Kyocera TASKalfa 3011i_1584235156669.png
Electrical Components 2;302RH39020;LID CONTROLLER;;Kyocera_image\Kyocera TASKalfa 3011i_1584235156669.png
Electrical Components 2;302RH39220;PLATE OPTION;;Kyocera_image\Kyocera TASKalfa 3011i_1584235156669.png
Electrical Components 2;302RH39180;LID SD-CARD;;Kyocera_image\Kyocera TASKalfa 3011i_1584235156669.png
Electrical Components 3;7YZM510007++H01;ACCESS.SPACER;YZ042780;Kyocera_image\Kyocera TASKalfa 3011i_1584235159175.png
Electrical Components 3;302RH94220;PARTS UNIT LOW VOLTAGE 100 SP;2RH94220;Kyocera_image\Kyocera TASKalfa 3011i_1584235159175.png
Electrical Components 3;302RH94230;PARTS UNIT LOW VOLTAGE 200 SP;2RH94230;Kyocera_image\Kyocera TASKalfa 3011i_1584235159175.png
Electrical Components 3;302RH39040;BOX POWER;2RH39040;Kyocera_image\Kyocera TASKalfa 3011i_1584235159175.png
Electrical Components 3;302RH39130;BRACKET FAN POWER;2RH39130;Kyocera_image\Kyocera TASKalfa 3011i_1584235159175.png
Electrical Components 3;302FZ94420;PARTS,FAN COOLING CONVEYING SP;2FZ94420;Kyocera_image\Kyocera TASKalfa 3011i_1584235159175.png
Electrical Components 3;302RH39050;LID POWER;302RH39050;Kyocera_image\Kyocera TASKalfa 3011i_1584235159175.png
Electrical Components 3;7YZM610010++H01;ACCESS.SADDLE;YZ042990;Kyocera_image\Kyocera TASKalfa 3011i_1584235159175.png
Electrical Components 3;302RH46420;WIRE HEATER SWITCH JOINT;2RH46420;Kyocera_image\Kyocera TASKalfa 3011i_1584235159175.png
Operation Section;302RH94070;PARTS TABLET OPERATION SP;2RH94070;Kyocera_image\Kyocera TASKalfa 3011i_1584235161966.png
Operation Section;302RH94060;PARTS LCD OPERATION SP;2RH94060;Kyocera_image\Kyocera TASKalfa 3011i_1584235161966.png
Operation Section;302RH05210;SPONGE LCD A;2RH05210;Kyocera_image\Kyocera TASKalfa 3011i_1584235161966.png
Operation Section;302RH05220;SPONGE LCD B;2RH05220;Kyocera_image\Kyocera TASKalfa 3011i_1584235161966.png
Operation Section;302RH05230;SPONGE LCD C;2RH05230;Kyocera_image\Kyocera TASKalfa 3011i_1584235161966.png
Operation Section;302RH05240;SPONGE LCD D;2RH05240;Kyocera_image\Kyocera TASKalfa 3011i_1584235161966.png
Operation Section;302RH94050;PARTS PWB NFC ASSY SP;2RH94050;Kyocera_image\Kyocera TASKalfa 3011i_1584235161966.png
Operation Section;302RH94040;PARTS PWB OPERATION ASSY SP;2RH94040;Kyocera_image\Kyocera TASKalfa 3011i_1584235161966.png
Operation Section;302RH94030;PARTS PWB PANEL MAIN ASSY SP;2RH94030;Kyocera_image\Kyocera TASKalfa 3011i_1584235161966.png
Operation Section;302RH05340;SHEET OPERATION;2RH05340;Kyocera_image\Kyocera TASKalfa 3011i_1584235161966.png
Operation Section;302RH05350;SHEET OPERATION JP;2RH05350;Kyocera_image\Kyocera TASKalfa 3011i_1584235161966.png
Operation Section;302RH05370;HOLDER WIRE OPERATION;2RH05370;Kyocera_image\Kyocera TASKalfa 3011i_1584235161966.png
Operation Section;302RH94100;PARTS SPEAKER SP;2RH94100;Kyocera_image\Kyocera TASKalfa 3011i_1584235161966.png
Operation Section;302RH05290;HOLDER SPEAKER;2RH05290;Kyocera_image\Kyocera TASKalfa 3011i_1584235161966.png
Operation Section;302RH94020;PARTS PWB USB HUB ASSY SP;2RH94020;Kyocera_image\Kyocera TASKalfa 3011i_1584235161966.png
Operation Section;302RH05360;COVER OPERATION D;2RH05360;Kyocera_image\Kyocera TASKalfa 3011i_1584235161966.png
Operation Section;302RH46150;WIRE USB HUB;2RH46150;Kyocera_image\Kyocera TASKalfa 3011i_1584235161966.png
Operation Section;302RH46140;WIRE MAIN-OPERATION;2RH46140;Kyocera_image\Kyocera TASKalfa 3011i_1584235161966.png
Operation Section;302RH46130;WIRE PANEL DATA;2RH46130;Kyocera_image\Kyocera TASKalfa 3011i_1584235161966.png
Operation Section;303H321120;CUSHION HOLDER;3H321120;Kyocera_image\Kyocera TASKalfa 3011i_1584235161966.png
Operation Section;302RH94140;PARTS OPERATION UNIT SP;2RH94140;Kyocera_image\Kyocera TASKalfa 3011i_1584235161966.png
