Covers;302TA04080;COVER RIGHT;55ppm(A4),57ppm(Letter)/60ppm(A4),62ppm(Letter);Kyocera_image\Kyocera ECOSYS M3655idn_1584212942289.png
Covers;302TA04180;COVER SIDE RIGHT;55ppm(A4),57ppm(Letter)/60ppm(A4),62ppm(Letter);Kyocera_image\Kyocera ECOSYS M3655idn_1584212942289.png
Covers;302TA04190;COVER CONTROLLER;55ppm(A4),57ppm(Letter)/60ppm(A4),62ppm(Letter);Kyocera_image\Kyocera ECOSYS M3655idn_1584212942289.png
Covers;302TP04220;COVER RIGHT REAR LOW;;Kyocera_image\Kyocera ECOSYS M3655idn_1584212942289.png
Covers;302TA04090;COVER LEFT;55ppm(A4),57ppm(Letter)/60ppm(A4),62ppm(Letter);Kyocera_image\Kyocera ECOSYS M3655idn_1584212942289.png
Covers;302TP04200;COVER LEFT REAR;;Kyocera_image\Kyocera ECOSYS M3655idn_1584212942289.png
Covers;302TP04130;COVER SIDE;;Kyocera_image\Kyocera ECOSYS M3655idn_1584212942289.png
Covers;302TA04030;COVER FRONT;55ppm(A4),57ppm(Letter)/60ppm(A4),62ppm(Letter);Kyocera_image\Kyocera ECOSYS M3655idn_1584212942289.png
Covers;302TA04050;HOOK LID TOP A;;Kyocera_image\Kyocera ECOSYS M3655idn_1584212942289.png
Covers;302TP94010;PARTS COVER MPF ASSY SP;;Kyocera_image\Kyocera ECOSYS M3655idn_1584212942289.png
Covers;302TA04120;COVER RIGHT UP A;55ppm(A4),57ppm(Letter)/60ppm(A4),62ppm(Letter);Kyocera_image\Kyocera ECOSYS M3655idn_1584212942289.png
Covers;302TA04130;COVER RIGHT UP B;55ppm(A4),57ppm(Letter)/60ppm(A4),62ppm(Letter);Kyocera_image\Kyocera ECOSYS M3655idn_1584212942289.png
Covers;302TA04200;COVER CONTROLLER UP;55ppm(A4),57ppm(Letter)/60ppm(A4),62ppm(Letter);Kyocera_image\Kyocera ECOSYS M3655idn_1584212942289.png
Covers;302TA04140;COVER LEFT UP;55ppm(A4),57ppm(Letter)/60ppm(A4),62ppm(Letter);Kyocera_image\Kyocera ECOSYS M3655idn_1584212942289.png
Covers;302TA04010;LID TOP;55ppm(A4),57ppm(Letter)/60ppm(A4),62ppm(Letter);Kyocera_image\Kyocera ECOSYS M3655idn_1584212942289.png
Covers;302TA04040;KEY COVER OPEN;;Kyocera_image\Kyocera ECOSYS M3655idn_1584212942289.png
Covers;302TA04060;HOOK LID TOP B;;Kyocera_image\Kyocera ECOSYS M3655idn_1584212942289.png
Covers;3V2LV08100;LEVER LINK;;Kyocera_image\Kyocera ECOSYS M3655idn_1584212942289.png
Covers;302TA04230;COVER WIFI;55ppm(A4),57ppm(Letter)/60ppm(A4),62ppm(Letter);Kyocera_image\Kyocera ECOSYS M3655idn_1584212942289.png
Covers;302TP04180;COVER REAR TOP;55ppm(A4),57ppm(Letter)/60ppm(A4),62ppm(Letter);Kyocera_image\Kyocera ECOSYS M3655idn_1584212942289.png
Covers;302LV34210;LABEL LEVER A;;Kyocera_image\Kyocera ECOSYS M3655idn_1584212942289.png
Covers;302TP04240;SHEET COVER SIDE;;Kyocera_image\Kyocera ECOSYS M3655idn_1584212942289.png
Covers;302TB34010;SHEET MACHINE NUMBER;55ppm(A4),57ppm(Letter);Kyocera_image\Kyocera ECOSYS M3655idn_1584212942289.png
Covers;302TA34010;SHEET MACHINE NUMBER;60ppm(A4),62ppm(Letter);Kyocera_image\Kyocera ECOSYS M3655idn_1584212942289.png
Covers;302TF34010;SHEET MACHINE NUMBER;45ppm(A4),47ppm(Letter)(A);Kyocera_image\Kyocera ECOSYS M3655idn_1584212942289.png
Covers;302TG34010;SHEET MACHINE NUMBER;45ppm(A4),47ppm(Letter)(AF);Kyocera_image\Kyocera ECOSYS M3655idn_1584212942289.png
Covers;302V234010;SHEET MACHINE NUMBER;45ppm(A4),47ppm(Letter)(B);Kyocera_image\Kyocera ECOSYS M3655idn_1584212942289.png
Covers;302V334010;SHEET MACHINE NUMBER;45ppm(A4),47ppm(Letter)(BF);Kyocera_image\Kyocera ECOSYS M3655idn_1584212942289.png
Covers;302V304010;LID TOP;45ppm(A4),47ppm(Letter)(A)/45ppm(A4),47ppm(Letter)(AF)/ 45ppm(A4),47ppm(Letter)(B)/45ppm(A4),47ppm(Letter)(BF);Kyocera_image\Kyocera ECOSYS M3655idn_1584212942289.png
Covers;302V304160;COVER WIFI;45ppm(A4),47ppm(Letter)(A)/45ppm(A4),47ppm(Letter)(AF)/ 45ppm(A4),47ppm(Letter)(B)/45ppm(A4),47ppm(Letter)(BF);Kyocera_image\Kyocera ECOSYS M3655idn_1584212942289.png
Covers;302V304090;COVER RIGHT UP A;45ppm(A4),47ppm(Letter)(A)/45ppm(A4),47ppm(Letter)(AF)/ 45ppm(A4),47ppm(Letter)(B)/45ppm(A4),47ppm(Letter)(BF);Kyocera_image\Kyocera ECOSYS M3655idn_1584212942289.png
Covers;302V304150;COVER SIDE RIGHT;45ppm(A4),47ppm(Letter)(A)/45ppm(A4),47ppm(Letter)(AF)/ 45ppm(A4),47ppm(Letter)(B)/45ppm(A4),47ppm(Letter)(BF);Kyocera_image\Kyocera ECOSYS M3655idn_1584212942289.png
Covers;302V304140;COVER CONTROLLER;45ppm(A4),47ppm(Letter)(AF)/45ppm(A4),47ppm(Letter)(BF);Kyocera_image\Kyocera ECOSYS M3655idn_1584212942289.png
Covers;302V204010;COVER CONTROLLER;45ppm(A4),47ppm(Letter)(A)/45ppm(A4),47ppm(Letter)(B);Kyocera_image\Kyocera ECOSYS M3655idn_1584212942289.png
Covers;302V304110;COVER CONTROLLER UP;45ppm(A4),47ppm(Letter)(A)/45ppm(A4),47ppm(Letter)(AF)/ 45ppm(A4),47ppm(Letter)(B)/45ppm(A4),47ppm(Letter)(BF);Kyocera_image\Kyocera ECOSYS M3655idn_1584212942289.png
Covers;302V304060;COVER FRONT;45ppm(A4),47ppm(Letter)(A)/45ppm(A4),47ppm(Letter)(AF)/ 45ppm(A4),47ppm(Letter)(B)/45ppm(A4),47ppm(Letter)(BF);Kyocera_image\Kyocera ECOSYS M3655idn_1584212942289.png
Covers;302V304040;COVER LEFT UP;45ppm(A4),47ppm(Letter)(A)/45ppm(A4),47ppm(Letter)(AF)/ 45ppm(A4),47ppm(Letter)(B)/45ppm(A4),47ppm(Letter)(BF);Kyocera_image\Kyocera ECOSYS M3655idn_1584212942289.png
Covers;302V304100;COVER RIGHT UP B;45ppm(A4),47ppm(Letter)(A)/45ppm(A4),47ppm(Letter)(AF)/ 45ppm(A4),47ppm(Letter)(B)/45ppm(A4),47ppm(Letter)(BF);Kyocera_image\Kyocera ECOSYS M3655idn_1584212942289.png
Covers;302V304050;COVER RIGHT;45ppm(A4),47ppm(Letter)(A)/45ppm(A4),47ppm(Letter)(AF)/ 45ppm(A4),47ppm(Letter)(B)/45ppm(A4),47ppm(Letter)(BF);Kyocera_image\Kyocera ECOSYS M3655idn_1584212942289.png
Covers;302V304130;COVER LEFT;45ppm(A4),47ppm(Letter)(A)/45ppm(A4),47ppm(Letter)(AF)/ 45ppm(A4),47ppm(Letter)(B)/45ppm(A4),47ppm(Letter)(BF);Kyocera_image\Kyocera ECOSYS M3655idn_1584212942289.png
Covers;302TT04100;COVER REAR TOP;45ppm(A4),47ppm(Letter)(A)/45ppm(A4),47ppm(Letter)(AF)/ 45ppm(A4),47ppm(Letter)(B)/45ppm(A4),47ppm(Letter)(BF);Kyocera_image\Kyocera ECOSYS M3655idn_1584212942289.png
Frames;302HN02611;FOOT;;Kyocera_image\Kyocera ECOSYS M3655idn_1584212946251.png
Frames;302T694070;PARTS PWB ASSY CONNECT-L SP;55ppm(A4),57ppm(Letter)/60ppm(A4),62ppm(Letter);Kyocera_image\Kyocera ECOSYS M3655idn_1584212946251.png
Frames;302T994040;PARTS PWB ASSY CONNECT-L SP;45ppm(A4),47ppm(Letter)(A)/45ppm(A4),47ppm(Letter)(AF)/ 45ppm(A4),47ppm(Letter)(B)/45ppm(A4),47ppm(Letter)(BF);Kyocera_image\Kyocera ECOSYS M3655idn_1584212946251.png
Frames;302GR44080;FAN LSU 60-25;;Kyocera_image\Kyocera ECOSYS M3655idn_1584212946251.png
Frames;7SP01000006+H01;SW.PUSH;;Kyocera_image\Kyocera ECOSYS M3655idn_1584212946251.png
Frames;302LV11240;GUIDE CONTAINER;;Kyocera_image\Kyocera ECOSYS M3655idn_1584212946251.png
Frames;302HN44010;FAN MOTOR;;Kyocera_image\Kyocera ECOSYS M3655idn_1584212946251.png
Frames;302LV94220;PARTS PWB ASSY TH CONNECT SP;55ppm(A4),57ppm(Letter)/60ppm(A4),62ppm(Letter);Kyocera_image\Kyocera ECOSYS M3655idn_1584212946251.png
Frames;302TP94030;PARTS PWB ASSY TH CONNECT SP;45ppm(A4),47ppm(Letter)(A)/45ppm(A4),47ppm(Letter)(AF)/ 45ppm(A4),47ppm(Letter)(B)/45ppm(A4),47ppm(Letter)(BF);Kyocera_image\Kyocera ECOSYS M3655idn_1584212946251.png
Frames;302TA94100;PARTS PWB ASSY CONNECT-R SP;55ppm(A4),57ppm(Letter)/60ppm(A4),62ppm(Letter);Kyocera_image\Kyocera ECOSYS M3655idn_1584212946251.png
Frames;302V394050;PARTS PWB ASSY CONNECT-R SP;45ppm(A4),47ppm(Letter)(A)/45ppm(A4),47ppm(Letter)(AF)/ 45ppm(A4),47ppm(Letter)(B)/45ppm(A4),47ppm(Letter)(BF);Kyocera_image\Kyocera ECOSYS M3655idn_1584212946251.png
Frames;302TB94010;PARTS PWB ASSY CONTROLLER SP;55ppm(A4),57ppm(Letter) 120, 240V;Kyocera_image\Kyocera ECOSYS M3655idn_1584212946251.png
Frames;302TB94020;PARTS PWB ASSY CONTROLLER SP EU;55ppm(A4),57ppm(Letter) 230V;Kyocera_image\Kyocera ECOSYS M3655idn_1584212946251.png
Frames;302TA94040;PARTS PWB ASSY CONTROLLER SP;60ppm(A4),62ppm(Letter) 120, 240V;Kyocera_image\Kyocera ECOSYS M3655idn_1584212946251.png
Frames;302TA94050;PARTS PWB ASSY CONTROLLER SP EU;60ppm(A4),62ppm(Letter) 230V;Kyocera_image\Kyocera ECOSYS M3655idn_1584212946251.png
Frames;302TF94020;PARTS PWB ASSY CONTROLLER SP EU;45ppm(A4),47ppm(Letter)(A) 230V;Kyocera_image\Kyocera ECOSYS M3655idn_1584212946251.png
Frames;302TG94020;PARTS PWB ASSY CONTROLLER SP;45ppm(A4),47ppm(Letter)(AF) 240V;Kyocera_image\Kyocera ECOSYS M3655idn_1584212946251.png
Frames;302TG94030;PARTS PWB ASSY CONTROLLER SP EU;45ppm(A4),47ppm(Letter)(AF) 230V;Kyocera_image\Kyocera ECOSYS M3655idn_1584212946251.png
Frames;302V294010;PARTS PWB ASSY CONTROLLER SP;45ppm(A4),47ppm(Letter)(B) 120V;Kyocera_image\Kyocera ECOSYS M3655idn_1584212946251.png
Frames;302V294020;PARTS PWB ASSY CONTROLLER SP EU;45ppm(A4),47ppm(Letter)(B) 230V;Kyocera_image\Kyocera ECOSYS M3655idn_1584212946251.png
Frames;302V394020;PARTS PWB ASSY CONTROLLER SP;45ppm(A4),47ppm(Letter)(BF) 100, 120, 240V;Kyocera_image\Kyocera ECOSYS M3655idn_1584212946251.png
Frames;302V394030;PARTS PWB ASSY CONTROLLER SP EU;45ppm(A4),47ppm(Letter)(BF) 230V;Kyocera_image\Kyocera ECOSYS M3655idn_1584212946251.png
Frames;2FB27160;INTER LOCK SWITCH;;Kyocera_image\Kyocera ECOSYS M3655idn_1584212946251.png
Frames;302LV94210;PARTS PWB ASSY SWITCH SP;;Kyocera_image\Kyocera ECOSYS M3655idn_1584212946251.png
Frames;302FZ94420;PARTS,FAN COOLING CONVEYING SP;;Kyocera_image\Kyocera ECOSYS M3655idn_1584212946251.png
Frames;302TA94110;PARTS UNIT LOW VOLTAGE 100V SP;55ppm(A4),57ppm(Letter)/60ppm(A4),62ppm(Letter) 120V;Kyocera_image\Kyocera ECOSYS M3655idn_1584212946251.png
Frames;302TA94120;PARTS UNIT LOW VOLTAGE 200V SP;55ppm(A4),57ppm(Letter)/60ppm(A4),62ppm(Letter) 230, 240V;Kyocera_image\Kyocera ECOSYS M3655idn_1584212946251.png
Frames;302T694100;PARTS UNIT POWER SUPPLY 120 SP;45ppm(A4),47ppm(Letter)(B)/45ppm(A4),47ppm(Letter)(BF) 100, 120V;Kyocera_image\Kyocera ECOSYS M3655idn_1584212946251.png
Frames;302T694110;PARTS UNIT POWER SUPPLY 230 SP;45ppm(A4),47ppm(Letter)(A)/45ppm(A4),47ppm(Letter)(AF)/ 45ppm(A4),47ppm(Letter)(B)/45ppm(A4),47ppm(Letter)(BF) 230, 240V;Kyocera_image\Kyocera ECOSYS M3655idn_1584212946251.png
Frames;302TA93010;LK-3290;55ppm(A4),57ppm(Letter)/60ppm(A4),62ppm(Letter) 120, 230,240V;Kyocera_image\Kyocera ECOSYS M3655idn_1584212946251.png
Frames;302V393010;LK-3260;45ppm(A4),47ppm(Letter)(A)/45ppm(A4),47ppm(Letter)(AF)/ 45ppm(A4),47ppm(Letter)(B)/45ppm(A4),47ppm(Letter)(BF);Kyocera_image\Kyocera ECOSYS M3655idn_1584212946251.png
Frames;302TA02060;SHEET TRANSFORMER;55ppm(A4),57ppm(Letter)/60ppm(A4),62ppm(Letter);Kyocera_image\Kyocera ECOSYS M3655idn_1584212946251.png
Frames;303PA94011;PARTS FAX UNIT E SP;45ppm(A4),47ppm(Letter)(AF)/45ppm(A4),47ppm(Letter)(BF)/ 55ppm(A4),57ppm(Letter)/60ppm(A4),62ppm(Letter) 230, 240V;Kyocera_image\Kyocera ECOSYS M3655idn_1584212946251.png
Frames;302R794340;PARTS FAX UNIT U SP;45ppm(A4),47ppm(Letter)(BF)/55ppm(A4),57ppm(Letter)/ 60ppm(A4),62ppm(Letter) 120V;Kyocera_image\Kyocera ECOSYS M3655idn_1584212946251.png
Frames;302R794330;PARTS FAX UNIT J SP;45ppm(A4),47ppm(Letter)(BF) 100V;Kyocera_image\Kyocera ECOSYS M3655idn_1584212946251.png
Frames;302F939082;SCREW BOX;;Kyocera_image\Kyocera ECOSYS M3655idn_1584212946251.png
Frames;3V2LV02990;COVER SENSOR;;Kyocera_image\Kyocera ECOSYS M3655idn_1584212946251.png
Frames;302LV94350;PARTS FAN MOTOR SP;45ppm(A4),47ppm(Letter)(BF);Kyocera_image\Kyocera ECOSYS M3655idn_1584212946251.png
Paper Cassette;3V2LV09311;HOLDER RETARD B;;Kyocera_image\Kyocera ECOSYS M3655idn_1584212949058.png
Paper Cassette;302LV09340;GUIDE RETARD C;;Kyocera_image\Kyocera ECOSYS M3655idn_1584212949058.png
Paper Cassette;302LV09330;SPRING RETARD B;;Kyocera_image\Kyocera ECOSYS M3655idn_1584212949058.png
Paper Cassette;302F909171;RETARD ROLLER ASSY;;Kyocera_image\Kyocera ECOSYS M3655idn_1584212949058.png
Paper Cassette;5MVG127DN071;GEAR CASSETTE /A-49 CASSETTE A4;;Kyocera_image\Kyocera ECOSYS M3655idn_1584212949058.png
Paper Cassette;302LV09241;GEAR Z48S LIFT;55ppm(A4),57ppm(Letter)/60ppm(A4),62ppm(Letter);Kyocera_image\Kyocera ECOSYS M3655idn_1584212949058.png
Paper Cassette;302LV09220;GEAR Z15S JOINT;55ppm(A4),57ppm(Letter)/60ppm(A4),62ppm(Letter);Kyocera_image\Kyocera ECOSYS M3655idn_1584212949058.png
Paper Cassette;302LV09201;COVER LIFT GEAR;55ppm(A4),57ppm(Letter)/60ppm(A4),62ppm(Letter);Kyocera_image\Kyocera ECOSYS M3655idn_1584212949058.png
Paper Cassette;302LV09351;CURSOR RIGHT B;;Kyocera_image\Kyocera ECOSYS M3655idn_1584212949058.png
Paper Cassette;302LV09070;CURSOR LEFT;;Kyocera_image\Kyocera ECOSYS M3655idn_1584212949058.png
Paper Cassette;3V2P709150;CURSOR END;;Kyocera_image\Kyocera ECOSYS M3655idn_1584212949058.png
Paper Cassette;302F909211;PAD BOTTOM;;Kyocera_image\Kyocera ECOSYS M3655idn_1584212949058.png
Paper Cassette;302LV09330;SPRING RETARD B;;Kyocera_image\Kyocera ECOSYS M3655idn_1584212949058.png
Paper Cassette;302LV09340;GUIDE RETARD C;;Kyocera_image\Kyocera ECOSYS M3655idn_1584212949058.png
Paper Cassette;3V2LV09311;HOLDER RETARD B;;Kyocera_image\Kyocera ECOSYS M3655idn_1584212949058.png
Paper Cassette;302TP93011;CT-3230;55ppm(A4),57ppm(Letter)/60ppm(A4),62ppm(Letter);Kyocera_image\Kyocera ECOSYS M3655idn_1584212949058.png
Paper Cassette;302TT93011;CT-3200;45ppm(A4),47ppm(Letter)(A)/45ppm(A4),47ppm(Letter)(AF)/ 45ppm(A4),47ppm(Letter)(B)/45ppm(A4),47ppm(Letter)(BF);Kyocera_image\Kyocera ECOSYS M3655idn_1584212949058.png
Paper Cassette;302LV94480;PARTS HOLDER RETARD B SET SP;;Kyocera_image\Kyocera ECOSYS M3655idn_1584212949058.png
Paper Feed Section;302T694080;PARTS PWB ASSY DRUM CONNECT SP;55ppm(A4),57ppm(Letter)/60ppm(A4),62ppm(Letter);Kyocera_image\Kyocera ECOSYS M3655idn_1584212952081.png
Paper Feed Section;302T694080;PARTS PWB ASSY DRUM CONNECT SP;45ppm(A4),47ppm(Letter)(A)/45ppm(A4),47ppm(Letter)(AF)/ 45ppm(A4),47ppm(Letter)(B)/45ppm(A4),47ppm(Letter)(BF);Kyocera_image\Kyocera ECOSYS M3655idn_1584212952081.png
Paper Feed Section;302LV94170;PARTS ROLLER REGIST LOW SP;;Kyocera_image\Kyocera ECOSYS M3655idn_1584212952081.png
Paper Feed Section;302LV94180;PARTS ROLLER REGIST UP SP;;Kyocera_image\Kyocera ECOSYS M3655idn_1584212952081.png
Paper Feed Section;302F924190;BUSH TRANSFER R;;Kyocera_image\Kyocera ECOSYS M3655idn_1584212952081.png
Paper Feed Section;302LV24360;BUSH TRANSFER L;;Kyocera_image\Kyocera ECOSYS M3655idn_1584212952081.png
Paper Feed Section;302LV94130;PARTS ROLLER TRANSFER SP;;Kyocera_image\Kyocera ECOSYS M3655idn_1584212952081.png
Paper Feed Section;302LV94261;PARTS GUIDE PAPER CHUTE SP;;Kyocera_image\Kyocera ECOSYS M3655idn_1584212952081.png
Paper Feed Section;302LV94330;PARTS GUIDE PAPER CHUTE SP JP;45ppm(A4),47ppm(Letter)(BF);Kyocera_image\Kyocera ECOSYS M3655idn_1584212952081.png
Paper Feed Section;302LV24100;ACTUATOR IMAGE;;Kyocera_image\Kyocera ECOSYS M3655idn_1584212952081.png
Paper Feed Section;302LV24760;PULLEY PA;;Kyocera_image\Kyocera ECOSYS M3655idn_1584212952081.png
Paper Feed Section;3V2LV24111;ACTUATOR DU;;Kyocera_image\Kyocera ECOSYS M3655idn_1584212952081.png
Paper Feed Section;302LV94060;PARTS HIGH VOLTAGE UNIT SP;55ppm(A4),57ppm(Letter)/60ppm(A4),62ppm(Letter);Kyocera_image\Kyocera ECOSYS M3655idn_1584212952081.png
Paper Feed Section;302L294030;PARTS HIGH VOLTAGE UNIT SP;45ppm(A4),47ppm(Letter)(A)/45ppm(A4),47ppm(Letter)(AF)/ 45ppm(A4),47ppm(Letter)(B)/45ppm(A4),47ppm(Letter)(BF);Kyocera_image\Kyocera ECOSYS M3655idn_1584212952081.png
Paper Feed Section;302LV08180;ACTUATOR MPF;;Kyocera_image\Kyocera ECOSYS M3655idn_1584212952081.png
Paper Feed Section;303M894260;PARTS SENSOR OPT SP;55ppm(A4),57ppm(Letter)/60ppm(A4),62ppm(Letter);Kyocera_image\Kyocera ECOSYS M3655idn_1584212952081.png
Paper Feed Section;303M894260;PARTS SENSOR OPT SP;45ppm(A4),47ppm(Letter)(A)/45ppm(A4),47ppm(Letter)(AF)/ 45ppm(A4),47ppm(Letter)(B)/45ppm(A4),47ppm(Letter)(BF);Kyocera_image\Kyocera ECOSYS M3655idn_1584212952081.png
Paper Feed Section;302HS08260;ROLLER M/P ASSY;;Kyocera_image\Kyocera ECOSYS M3655idn_1584212952081.png
Paper Feed Section;302LV29090;ACTUATOR PE;;Kyocera_image\Kyocera ECOSYS M3655idn_1584212952081.png
Paper Feed Section;302NM24010;ROLLER MIDDLE ASSY;;Kyocera_image\Kyocera ECOSYS M3655idn_1584212952081.png
Paper Feed Section;302LV24450;ACTUATOR ENVELOPE;;Kyocera_image\Kyocera ECOSYS M3655idn_1584212952081.png
Paper Feed Section;302F906230;PULLEY FEED ASSY;;Kyocera_image\Kyocera ECOSYS M3655idn_1584212952081.png
Paper Feed Section;302F906030;GEAR FEED Z26H;;Kyocera_image\Kyocera ECOSYS M3655idn_1584212952081.png
Paper Feed Section;302F906280;GEAR FEED Z30H;;Kyocera_image\Kyocera ECOSYS M3655idn_1584212952081.png
Paper Feed Section;302HN06080;PULLEY PICKUP ASSY;;Kyocera_image\Kyocera ECOSYS M3655idn_1584212952081.png
Paper Feed Section;302K306460;BUSH 4;;Kyocera_image\Kyocera ECOSYS M3655idn_1584212952081.png
Paper Feed Section;302F908250;PAD SEPARATOR MPF;;Kyocera_image\Kyocera ECOSYS M3655idn_1584212952081.png
Paper Feed Section;3V2LV06030;GUIDE FEED SIDE;;Kyocera_image\Kyocera ECOSYS M3655idn_1584212952081.png
Paper Feed Section;3V2LV08070;HOLDER SEPARATION MPF;;Kyocera_image\Kyocera ECOSYS M3655idn_1584212952081.png
Paper Feed Section;3V2LV06090;SPRING PICKUP B;55ppm(A4),57ppm(Letter)/60ppm(A4),62ppm(Letter);Kyocera_image\Kyocera ECOSYS M3655idn_1584212952081.png
Paper Feed Section;3V2LV08210;PULLEY FEED;;Kyocera_image\Kyocera ECOSYS M3655idn_1584212952081.png
Paper Feed Section;302LV08220;SHEET GUIDE TURN A;;Kyocera_image\Kyocera ECOSYS M3655idn_1584212952081.png
Paper Feed Section;3V2LV08090;LEVER CAM MPF;;Kyocera_image\Kyocera ECOSYS M3655idn_1584212952081.png
Paper Feed Section;302LV24140;GEAR Z22R TC;;Kyocera_image\Kyocera ECOSYS M3655idn_1584212952081.png
Paper Feed Section;302LV24150;GEAR Z22L REGIST LOW;;Kyocera_image\Kyocera ECOSYS M3655idn_1584212952081.png
Paper Feed Section;302LV24160;GEAR Z19R-Z22R REGIST UP;;Kyocera_image\Kyocera ECOSYS M3655idn_1584212952081.png
Paper Feed Section;302LV24220;SHEET REGIST;;Kyocera_image\Kyocera ECOSYS M3655idn_1584212952081.png
Paper Feed Section;302HS31140;GEAR Z35R IDLE;;Kyocera_image\Kyocera ECOSYS M3655idn_1584212952081.png
Paper Feed Section;302LV24280;SPRING TRANSFER R;;Kyocera_image\Kyocera ECOSYS M3655idn_1584212952081.png
Paper Feed Section;302LV24290;SPRING TRANSFER L;;Kyocera_image\Kyocera ECOSYS M3655idn_1584212952081.png
Paper Feed Section;3V2LV24440;LOCK ENVELOPE L;;Kyocera_image\Kyocera ECOSYS M3655idn_1584212952081.png
Paper Feed Section;3V2LV24510;LOCK ENVELOPE R;;Kyocera_image\Kyocera ECOSYS M3655idn_1584212952081.png
Paper Feed Section;302LV24520;BUSH 6 EW;;Kyocera_image\Kyocera ECOSYS M3655idn_1584212952081.png
Paper Feed Section;302H702590;BUSH SCREW;;Kyocera_image\Kyocera ECOSYS M3655idn_1584212952081.png
Paper Feed Section;302LV08201;SPRING ACTUATOR MPF;;Kyocera_image\Kyocera ECOSYS M3655idn_1584212952081.png
Paper Feed Section;302LV94530;PARTS ROLLER DU ASSY SP;;Kyocera_image\Kyocera ECOSYS M3655idn_1584212952081.png
Paper Feed Section;302L224030;ACTUATOR REGIST;45ppm(A4),47ppm(Letter)(A)/45ppm(A4),47ppm(Letter)(AF)/ 45ppm(A4),47ppm(Letter)(B)/45ppm(A4),47ppm(Letter)(BF);Kyocera_image\Kyocera ECOSYS M3655idn_1584212952081.png
Paper Feed Section;302LV94270;PARTS HOLDER FEED ASSY SP;;Kyocera_image\Kyocera ECOSYS M3655idn_1584212952081.png
Image Formation Section;302LV93011;MC-3100;;Kyocera_image\Kyocera ECOSYS M3655idn_1584212957440.png
Image Formation Section;302LV93020;WT-3100;;Kyocera_image\Kyocera ECOSYS M3655idn_1584212957440.png
Image Formation Section;302LV94121;PARTS TONER FULL DETECT ASSY SP;;Kyocera_image\Kyocera ECOSYS M3655idn_1584212957440.png
Image Formation Section;302LV02110;STOPPER PROCESS;;Kyocera_image\Kyocera ECOSYS M3655idn_1584212957440.png
Image Formation Section;302LV02200;STOPPER PROCESS L;;Kyocera_image\Kyocera ECOSYS M3655idn_1584212957440.png
Image Formation Section;302LV94460;PARTS SHEET DRUM CUSHION SET SP;;Kyocera_image\Kyocera ECOSYS M3655idn_1584212957440.png
Image Formation Section;302T693031;DK-3190E;230V 55ppm(A4),57ppm(Letter)/60ppm(A4),62ppm(Letter);Kyocera_image\Kyocera ECOSYS M3655idn_1584212957440.png
Image Formation Section;302T693041;DK-3192(U);120V 55ppm(A4),57ppm(Letter)/60ppm(A4),62ppm(Letter);Kyocera_image\Kyocera ECOSYS M3655idn_1584212957440.png
Image Formation Section;302T693061;DK-3194(AO);240V 55ppm(A4),57ppm(Letter)/60ppm(A4),62ppm(Letter);Kyocera_image\Kyocera ECOSYS M3655idn_1584212957440.png
Image Formation Section;302V393020;DK-3180(E);230V 45ppm(A4),47ppm(Letter)(B)/45ppm(A4),47ppm(Letter)(BF);Kyocera_image\Kyocera ECOSYS M3655idn_1584212957440.png
Image Formation Section;302T993061;DK-3170(E);230V 45ppm(A4),47ppm(Letter)(A)/45ppm(A4),47ppm(Letter)(AF);Kyocera_image\Kyocera ECOSYS M3655idn_1584212957440.png
Image Formation Section;302T993091;DK-3174(AO);240V 45ppm(A4),47ppm(Letter)(AF)/45ppm(A4),47ppm(Letter)(BF);Kyocera_image\Kyocera ECOSYS M3655idn_1584212957440.png
Image Formation Section;302T993071;DK-3172(U);120V 45ppm(A4),47ppm(Letter)(B)/45ppm(A4),47ppm(Letter)(BF);Kyocera_image\Kyocera ECOSYS M3655idn_1584212957440.png
Image Formation Section;302T993081;DK-3171 (J);100V 45ppm(A4),47ppm(Letter)(BF);Kyocera_image\Kyocera ECOSYS M3655idn_1584212957440.png
Developer Section;302LV93081;DV-3100;;Kyocera_image\Kyocera ECOSYS M3655idn_1584212962690.png
Fuser Section;302TA93040;FK-3300;230, 240V 55ppm(A4),57ppm(Letter)/60ppm(A4),62ppm(Letter);Kyocera_image\Kyocera ECOSYS M3655idn_1584212968751.png
Fuser Section;302TA93050;FK-3302;120V 55ppm(A4),57ppm(Letter)/60ppm(A4),62ppm(Letter);Kyocera_image\Kyocera ECOSYS M3655idn_1584212968751.png
Fuser Section;302V393040;FK-3200;230, 240V 45ppm(A4),47ppm(Letter)(A)/45ppm(A4),47ppm(Letter)(AF)/ 45ppm(A4),47ppm(Letter)(B)/45ppm(A4),47ppm(Letter)(BF);Kyocera_image\Kyocera ECOSYS M3655idn_1584212968751.png
Fuser Section;302V393050;FK-3201;100V 45ppm(A4),47ppm(Letter)(BF);Kyocera_image\Kyocera ECOSYS M3655idn_1584212968751.png
Fuser Section;302V393060;FK-3202;120V 45ppm(A4),47ppm(Letter)(B)/45ppm(A4),47ppm(Letter)(BF);Kyocera_image\Kyocera ECOSYS M3655idn_1584212968751.png
Exit Section;302T994050;PARTS MOTOR EJECT SP;;Kyocera_image\Kyocera ECOSYS M3655idn_1584212973447.png
Exit Section;302LV28050;GEAR Z22S;55ppm(A4),57ppm(Letter)/60ppm(A4),62ppm(Letter);Kyocera_image\Kyocera ECOSYS M3655idn_1584212973447.png
Exit Section;302LV28050;GEAR Z22S;45ppm(A4),47ppm(Letter)(A)/45ppm(A4),47ppm(Letter)(AF)/ 45ppm(A4),47ppm(Letter)(B)/45ppm(A4),47ppm(Letter)(BF);Kyocera_image\Kyocera ECOSYS M3655idn_1584212973447.png
Exit Section;302LV28031;GEAR Z66R-Z40S;55ppm(A4),57ppm(Letter)/60ppm(A4),62ppm(Letter);Kyocera_image\Kyocera ECOSYS M3655idn_1584212973447.png
Exit Section;302LV28040;GEAR Z17S;55ppm(A4),57ppm(Letter)/60ppm(A4),62ppm(Letter);Kyocera_image\Kyocera ECOSYS M3655idn_1584212973447.png
Exit Section;302LV28141;ACTUATOR OVERFLOW;55ppm(A4),57ppm(Letter)/60ppm(A4),62ppm(Letter);Kyocera_image\Kyocera ECOSYS M3655idn_1584212973447.png
Exit Section;302L228090;ACTUATOR OVERFLOW;45ppm(A4),47ppm(Letter)(A)/45ppm(A4),47ppm(Letter)(AF)/ 45ppm(A4),47ppm(Letter)(B)/45ppm(A4),47ppm(Letter)(BF);Kyocera_image\Kyocera ECOSYS M3655idn_1584212973447.png
Exit Section;302P794010;PARTS SENSOR OPT. SP;;Kyocera_image\Kyocera ECOSYS M3655idn_1584212973447.png
Exit Section;302TP04230;COVER CASSETTE;;Kyocera_image\Kyocera ECOSYS M3655idn_1584212973447.png
Exit Section;302LV28090;GEAR Z20S;55ppm(A4),57ppm(Letter)/60ppm(A4),62ppm(Letter);Kyocera_image\Kyocera ECOSYS M3655idn_1584212973447.png
Exit Section;302LV28191;GEAR Z22S B;55ppm(A4),57ppm(Letter)/60ppm(A4),62ppm(Letter);Kyocera_image\Kyocera ECOSYS M3655idn_1584212973447.png
Exit Section;302LV28100;GEAR Z22S A;55ppm(A4),57ppm(Letter)/60ppm(A4),62ppm(Letter);Kyocera_image\Kyocera ECOSYS M3655idn_1584212973447.png
Exit Section;302TP04210;COVER REAR LOW;55ppm(A4),57ppm(Letter)/60ppm(A4),62ppm(Letter);Kyocera_image\Kyocera ECOSYS M3655idn_1584212973447.png
Exit Section;302LV04100;COVER REAR UP;55ppm(A4),57ppm(Letter)/60ppm(A4),62ppm(Letter);Kyocera_image\Kyocera ECOSYS M3655idn_1584212973447.png
Exit Section;3V2LV28070;ACTUATOR DU;55ppm(A4),57ppm(Letter)/60ppm(A4),62ppm(Letter);Kyocera_image\Kyocera ECOSYS M3655idn_1584212973447.png
Exit Section;3V2LV28081;GUIDE CHANGE;55ppm(A4),57ppm(Letter)/60ppm(A4),62ppm(Letter);Kyocera_image\Kyocera ECOSYS M3655idn_1584212973447.png
Exit Section;3V2LV28150;PULLEY EXIT;;Kyocera_image\Kyocera ECOSYS M3655idn_1584212973447.png
Exit Section;302TA04160;COVER STAY B;55ppm(A4),57ppm(Letter)/60ppm(A4),62ppm(Letter);Kyocera_image\Kyocera ECOSYS M3655idn_1584212973447.png
Exit Section;302V304120;COVER STAY B;45ppm(A4),47ppm(Letter)(A)/45ppm(A4),47ppm(Letter)(AF)/ 45ppm(A4),47ppm(Letter)(B)/45ppm(A4),47ppm(Letter)(BF);Kyocera_image\Kyocera ECOSYS M3655idn_1584212973447.png
Exit Section;3V2L204041;COVER REAR UP;45ppm(A4),47ppm(Letter)(A)/45ppm(A4),47ppm(Letter)(AF)/ 45ppm(A4),47ppm(Letter)(B)/45ppm(A4),47ppm(Letter)(BF);Kyocera_image\Kyocera ECOSYS M3655idn_1584212973447.png
Exit Section;302TP04210;COVER REAR LOW;;Kyocera_image\Kyocera ECOSYS M3655idn_1584212973447.png
Exit Section;302L228041;GEAR Z66R Z34S;45ppm(A4),47ppm(Letter)(A)/45ppm(A4),47ppm(Letter)(AF)/ 45ppm(A4),47ppm(Letter)(B)/45ppm(A4),47ppm(Letter)(BF);Kyocera_image\Kyocera ECOSYS M3655idn_1584212973447.png
Exit Section;302L228030;GEAR Z21S EXIT;45ppm(A4),47ppm(Letter)(A)/45ppm(A4),47ppm(Letter)(AF)/ 45ppm(A4),47ppm(Letter)(B)/45ppm(A4),47ppm(Letter)(BF);Kyocera_image\Kyocera ECOSYS M3655idn_1584212973447.png
Exit Section;303M894260;PARTS SENSOR OPT SP;55ppm(A4),57ppm(Letter)/60ppm(A4),62ppm(Letter);Kyocera_image\Kyocera ECOSYS M3655idn_1584212973447.png
Exit Section;302TP94020;PARTS COVER REAR ASSY SP;55ppm(A4),57ppm(Letter)/60ppm(A4),62ppm(Letter);Kyocera_image\Kyocera ECOSYS M3655idn_1584212973447.png
Exit Section;302TT94010;PARTS COVER REAR ASSY SP;45ppm(A4),47ppm(Letter)(A)/45ppm(A4),47ppm(Letter)(AF)/ 45ppm(A4),47ppm(Letter)(B)/45ppm(A4),47ppm(Letter)(BF);Kyocera_image\Kyocera ECOSYS M3655idn_1584212973447.png
Scanner Section;302H917230;BELT ISU;;Kyocera_image\Kyocera ECOSYS M3655idn_1584212976755.png
Scanner Section;302M417180;PULLEY TENSION;;Kyocera_image\Kyocera ECOSYS M3655idn_1584212976755.png
Scanner Section;3V2NM17210;MOUNT TENSION PULLEY;;Kyocera_image\Kyocera ECOSYS M3655idn_1584212976755.png
Scanner Section;3V2NM17600;SPRING-COMPRESSION ISU BELT;;Kyocera_image\Kyocera ECOSYS M3655idn_1584212976755.png
Scanner Section;302H994270;PARTS MOTOR ISU SP;;Kyocera_image\Kyocera ECOSYS M3655idn_1584212976755.png
Scanner Section;302TA94020;PARTS FRAME ISU TOP ASSY SP;;Kyocera_image\Kyocera ECOSYS M3655idn_1584212976755.png
Scanner Section;302H917450;SLIDER ISU;;Kyocera_image\Kyocera ECOSYS M3655idn_1584212976755.png
Scanner Section;303M894260;PARTS SENSOR OPT SP;;Kyocera_image\Kyocera ECOSYS M3655idn_1584212976755.png
Scanner Section;3V2NM17310;TAPE FFC A;;Kyocera_image\Kyocera ECOSYS M3655idn_1584212976755.png
Scanner Section;3V2NM17320;TAPE FFC B;;Kyocera_image\Kyocera ECOSYS M3655idn_1584212976755.png
Scanner Section;3V2NM17490;TAPE FFC C;;Kyocera_image\Kyocera ECOSYS M3655idn_1584212976755.png
Scanner Section;3V2NM17560;SHEET FFC LEFT;;Kyocera_image\Kyocera ECOSYS M3655idn_1584212976755.png
Scanner Section;3V2NM17200;GEAR Z63R-P32 ISU;;Kyocera_image\Kyocera ECOSYS M3655idn_1584212976755.png
Scanner Section;302JD19140;BUSHING FAN;;Kyocera_image\Kyocera ECOSYS M3655idn_1584212976755.png
Scanner Section;3V2NM17270;SHAFT ISU;;Kyocera_image\Kyocera ECOSYS M3655idn_1584212976755.png
Scanner Section;3V2NM17190;MOUNT MOTOR ISU;;Kyocera_image\Kyocera ECOSYS M3655idn_1584212976755.png
Scanner Section;302TA93020;PARTS ISU ASSY SP;45ppm(A4),47ppm(Letter)(B)/45ppm(A4),47ppm(Letter)(BF)/ 55ppm(A4),57ppm(Letter)/60ppm(A4),62ppm(Letter);Kyocera_image\Kyocera ECOSYS M3655idn_1584212976755.png
Scanner Section;302TG93010;PARTS ISU ASSY SP;45ppm(A4),47ppm(Letter)(A)/45ppm(A4),47ppm(Letter)(AF);Kyocera_image\Kyocera ECOSYS M3655idn_1584212976755.png
Drive Section;302NR94010;PARTS CLUTCH 35 Z35R SP;;Kyocera_image\Kyocera ECOSYS M3655idn_1584212980132.png
Drive Section;302LV31440;GEAR Z32L REG CL;55ppm(A4),57ppm(Letter)/60ppm(A4),62ppm(Letter);Kyocera_image\Kyocera ECOSYS M3655idn_1584212980132.png
Drive Section;3V2LV31190;GEAR Z32L REG CLUTCH;45ppm(A4),47ppm(Letter)(A)/45ppm(A4),47ppm(Letter)(AF)/ 45ppm(A4),47ppm(Letter)(B)/45ppm(A4),47ppm(Letter)(BF);Kyocera_image\Kyocera ECOSYS M3655idn_1584212980132.png
Drive Section;302KV94520;PARTS CLUTCH 50 Z35R SP;;Kyocera_image\Kyocera ECOSYS M3655idn_1584212980132.png
Drive Section;302LV94161;PARTS CLUTCH 20-2W Z35R;;Kyocera_image\Kyocera ECOSYS M3655idn_1584212980132.png
Drive Section;302LV31180;GEAR Z26L DLP CLUTCH;;Kyocera_image\Kyocera ECOSYS M3655idn_1584212980132.png
Drive Section;302LV94230;PARTS DC MOTOR ASSY SP;55ppm(A4),57ppm(Letter)/60ppm(A4),62ppm(Letter);Kyocera_image\Kyocera ECOSYS M3655idn_1584212980132.png
Drive Section;302LV94230;PARTS DC MOTOR ASSY SP;45ppm(A4),47ppm(Letter)(A)/45ppm(A4),47ppm(Letter)(AF)/ 45ppm(A4),47ppm(Letter)(B)/45ppm(A4),47ppm(Letter)(BF);Kyocera_image\Kyocera ECOSYS M3655idn_1584212980132.png
Drive Section;302K394202;PARTS MOTOR-BL W30 SP;55ppm(A4),57ppm(Letter)/60ppm(A4),62ppm(Letter);Kyocera_image\Kyocera ECOSYS M3655idn_1584212980132.png
Drive Section;302K394202;PARTS MOTOR-BL W30 SP;45ppm(A4),47ppm(Letter)(A)/45ppm(A4),47ppm(Letter)(AF)/ 45ppm(A4),47ppm(Letter)(B)/45ppm(A4),47ppm(Letter)(BF);Kyocera_image\Kyocera ECOSYS M3655idn_1584212980132.png
Drive Section;302LV31290;SPRING COUPLING DRUM;;Kyocera_image\Kyocera ECOSYS M3655idn_1584212980132.png
Drive Section;2C904550;CUT WASHER 5;;Kyocera_image\Kyocera ECOSYS M3655idn_1584212980132.png
Drive Section;302K914570;CUT WASHER 7;;Kyocera_image\Kyocera ECOSYS M3655idn_1584212980132.png
Drive Section;302LV31010;PLATE DRIVE;55ppm(A4),57ppm(Letter)/60ppm(A4),62ppm(Letter);Kyocera_image\Kyocera ECOSYS M3655idn_1584212980132.png
Drive Section;302LV31060;GEAR Z80R-Z36L;55ppm(A4),57ppm(Letter)/60ppm(A4),62ppm(Letter);Kyocera_image\Kyocera ECOSYS M3655idn_1584212980132.png
Drive Section;302LV31050;GEAR Z119R;55ppm(A4),57ppm(Letter)/60ppm(A4),62ppm(Letter);Kyocera_image\Kyocera ECOSYS M3655idn_1584212980132.png
Drive Section;3V2P702110;HOLDER CLUTCH;;Kyocera_image\Kyocera ECOSYS M3655idn_1584212980132.png
Drive Section;3V2LV31300;LEVER COUPLING DRUM;;Kyocera_image\Kyocera ECOSYS M3655idn_1584212980132.png
Drive Section;302HN25180;GEAR Z34S INPUT;;Kyocera_image\Kyocera ECOSYS M3655idn_1584212980132.png
Drive Section;302HN31030;GEAR Z36L-Z20S;55ppm(A4),57ppm(Letter)/60ppm(A4),62ppm(Letter);Kyocera_image\Kyocera ECOSYS M3655idn_1584212980132.png
Drive Section;302HN31030;GEAR Z36L-Z20S;45ppm(A4),47ppm(Letter)(A)/45ppm(A4),47ppm(Letter)(AF)/ 45ppm(A4),47ppm(Letter)(B)/45ppm(A4),47ppm(Letter)(BF);Kyocera_image\Kyocera ECOSYS M3655idn_1584212980132.png
Drive Section;302HN31040;GEAR Z46S-Z13S;55ppm(A4),57ppm(Letter)/60ppm(A4),62ppm(Letter);Kyocera_image\Kyocera ECOSYS M3655idn_1584212980132.png
Drive Section;302HN31040;GEAR Z46S-Z13S;45ppm(A4),47ppm(Letter)(A)/45ppm(A4),47ppm(Letter)(AF)/ 45ppm(A4),47ppm(Letter)(B)/45ppm(A4),47ppm(Letter)(BF);Kyocera_image\Kyocera ECOSYS M3655idn_1584212980132.png
Drive Section;3V2LV31120;GEAR Z46L FREE;;Kyocera_image\Kyocera ECOSYS M3655idn_1584212980132.png
Drive Section;3V2LV31130;GEAR Z37S FREE;;Kyocera_image\Kyocera ECOSYS M3655idn_1584212980132.png
Drive Section;3V2LV02042;GUIDE CASSETTE R;;Kyocera_image\Kyocera ECOSYS M3655idn_1584212980132.png
Drive Section;302LV02050;GUIDE CASSETTE L;55ppm(A4),57ppm(Letter)/60ppm(A4),62ppm(Letter);Kyocera_image\Kyocera ECOSYS M3655idn_1584212980132.png
Drive Section;302T902010;GUIDE CASSETTE L;45ppm(A4),47ppm(Letter)(A)/45ppm(A4),47ppm(Letter)(AF)/ 45ppm(A4),47ppm(Letter)(B)/45ppm(A4),47ppm(Letter)(BF);Kyocera_image\Kyocera ECOSYS M3655idn_1584212980132.png
Drive Section;3V2LV31490;GEAR Z35S-Z13S B;55ppm(A4),57ppm(Letter)/60ppm(A4),62ppm(Letter);Kyocera_image\Kyocera ECOSYS M3655idn_1584212980132.png
Drive Section;7SP03072001+H01;SW.PUSH;;Kyocera_image\Kyocera ECOSYS M3655idn_1584212980132.png
Drive Section;302L231030;PLATE DRIVE;45ppm(A4),47ppm(Letter)(A)/45ppm(A4),47ppm(Letter)(AF)/ 45ppm(A4),47ppm(Letter)(B)/45ppm(A4),47ppm(Letter)(BF);Kyocera_image\Kyocera ECOSYS M3655idn_1584212980132.png
Drive Section;302L231050;GEAR Z86R-Z36L;45ppm(A4),47ppm(Letter)(A)/45ppm(A4),47ppm(Letter)(AF)/ 45ppm(A4),47ppm(Letter)(B)/45ppm(A4),47ppm(Letter)(BF);Kyocera_image\Kyocera ECOSYS M3655idn_1584212980132.png
Drive Section;302L231040;GEAR Z128R;45ppm(A4),47ppm(Letter)(A)/45ppm(A4),47ppm(Letter)(AF)/ 45ppm(A4),47ppm(Letter)(B)/45ppm(A4),47ppm(Letter)(BF);Kyocera_image\Kyocera ECOSYS M3655idn_1584212980132.png
Drive Section;302LV94161;PARTS CLUTCH 20-2W Z35R;;Kyocera_image\Kyocera ECOSYS M3655idn_1584212980132.png
Drive Section;302HN31650;SPRING INPUT MPF;;Kyocera_image\Kyocera ECOSYS M3655idn_1584212980132.png
Drive Section;302LV94253;PARTS DRIVE FEED ASSY SP;;Kyocera_image\Kyocera ECOSYS M3655idn_1584212980132.png
Operation Section (45ppm(A4),47ppm(Letter)(A)/45ppm(A4),47ppm(Letter)(AF));302TF94030;PARTS PWB ASSY B PANEL SP;230V 45ppm(A4),47ppm(Letter)(A);Kyocera_image\Kyocera ECOSYS M3655idn_1584212982853.png
Operation Section (45ppm(A4),47ppm(Letter)(A)/45ppm(A4),47ppm(Letter)(AF));302TG94040;PARTS PWB ASSY B PANEL SP;230, 240V 45ppm(A4),47ppm(Letter)(AF);Kyocera_image\Kyocera ECOSYS M3655idn_1584212982853.png
Operation Section (45ppm(A4),47ppm(Letter)(A)/45ppm(A4),47ppm(Letter)(AF));302TF05010;LABEL OPERATION ENG;230V 45ppm(A4),47ppm(Letter)(A);Kyocera_image\Kyocera ECOSYS M3655idn_1584212982853.png
Operation Section (45ppm(A4),47ppm(Letter)(A)/45ppm(A4),47ppm(Letter)(AF));302TG05090;LABEL OPERATION ENG;230, 240V 45ppm(A4),47ppm(Letter)(AF);Kyocera_image\Kyocera ECOSYS M3655idn_1584212982853.png
Operation Section (45ppm(A4),47ppm(Letter)(A)/45ppm(A4),47ppm(Letter)(AF));302P005020;PANEL OPERATION 3IN1;230V 45ppm(A4),47ppm(Letter)(A);Kyocera_image\Kyocera ECOSYS M3655idn_1584212982853.png
Operation Section (45ppm(A4),47ppm(Letter)(A)/45ppm(A4),47ppm(Letter)(AF));302NZ05020;PANEL OPERATION;230, 240V 45ppm(A4),47ppm(Letter)(AF);Kyocera_image\Kyocera ECOSYS M3655idn_1584212982853.png
Operation Section (45ppm(A4),47ppm(Letter)(A)/45ppm(A4),47ppm(Letter)(AF));302TF94010;PARTS OPERATION ASSY SP;230V 45ppm(A4),47ppm(Letter)(A);Kyocera_image\Kyocera ECOSYS M3655idn_1584212982853.png
Operation Section (45ppm(A4),47ppm(Letter)(A)/45ppm(A4),47ppm(Letter)(AF));302TG94010;PARTS OPERATION ASSY SP;230, 240V 45ppm(A4),47ppm(Letter)(AF);Kyocera_image\Kyocera ECOSYS M3655idn_1584212982853.png
Operation Section;302TA05030;COVER LCD UPPER;45ppm(A4),47ppm(Letter)(B)/45ppm(A4),47ppm(Letter)(BF)/ 55ppm(A4),57ppm(Letter)/60ppm(A4),62ppm(Letter);Kyocera_image\Kyocera ECOSYS M3655idn_1584212988066.png
Operation Section;302NM94121;PARTS TABLET OPERATION SP;45ppm(A4),47ppm(Letter)(B)/45ppm(A4),47ppm(Letter)(BF)/ 55ppm(A4),57ppm(Letter)/60ppm(A4),62ppm(Letter);Kyocera_image\Kyocera ECOSYS M3655idn_1584212988066.png
Operation Section;302V194080;PARTS LCD OPERATION SP;45ppm(A4),47ppm(Letter)(B)/45ppm(A4),47ppm(Letter)(BF)/ 55ppm(A4),57ppm(Letter)/60ppm(A4),62ppm(Letter);Kyocera_image\Kyocera ECOSYS M3655idn_1584212988066.png
Operation Section;3V2NM05220;LEVER LCD;45ppm(A4),47ppm(Letter)(B)/45ppm(A4),47ppm(Letter)(BF)/ 55ppm(A4),57ppm(Letter)/60ppm(A4),62ppm(Letter);Kyocera_image\Kyocera ECOSYS M3655idn_1584212988066.png
Operation Section;302TA05040;COVER LCD LOWER;45ppm(A4),47ppm(Letter)(B)/45ppm(A4),47ppm(Letter)(BF)/ 55ppm(A4),57ppm(Letter)/60ppm(A4),62ppm(Letter);Kyocera_image\Kyocera ECOSYS M3655idn_1584212988066.png
Operation Section;3V2NM05240;COVER CARD READER;45ppm(A4),47ppm(Letter)(B)/45ppm(A4),47ppm(Letter)(BF)/ 55ppm(A4),57ppm(Letter)/60ppm(A4),62ppm(Letter);Kyocera_image\Kyocera ECOSYS M3655idn_1584212988066.png
Operation Section;302TA05070;LID OPERATION LEFT;45ppm(A4),47ppm(Letter)(B)/45ppm(A4),47ppm(Letter)(BF)/ 55ppm(A4),57ppm(Letter)/60ppm(A4),62ppm(Letter);Kyocera_image\Kyocera ECOSYS M3655idn_1584212988066.png
Operation Section;3V2NM05060;COVER PANEL LEFT;45ppm(A4),47ppm(Letter)(BF)/55ppm(A4),57ppm(Letter)/ 60ppm(A4),62ppm(Letter);Kyocera_image\Kyocera ECOSYS M3655idn_1584212988066.png
Operation Section;3V2NY05030;COVER PANEL LEFT 3IN1;45ppm(A4),47ppm(Letter)(B);Kyocera_image\Kyocera ECOSYS M3655idn_1584212988066.png
Operation Section;302TA05140;LABEL OPERATION LEFT ENG;45ppm(A4),47ppm(Letter)(BF)/55ppm(A4),57ppm(Letter)/ 60ppm(A4),62ppm(Letter);Kyocera_image\Kyocera ECOSYS M3655idn_1584212988066.png
Operation Section;302TA05160;LABEL OPERATION LEFT JPN;45ppm(A4),47ppm(Letter)(BF);Kyocera_image\Kyocera ECOSYS M3655idn_1584212988066.png
Operation Section;302V205020;LABEL OPERATION LEFT ENG;45ppm(A4),47ppm(Letter)(B);Kyocera_image\Kyocera ECOSYS M3655idn_1584212988066.png
Operation Section;302TA05020;COVER OPERATION LEFT;45ppm(A4),47ppm(Letter)(B)/45ppm(A4),47ppm(Letter)(BF)/ 55ppm(A4),57ppm(Letter)/60ppm(A4),62ppm(Letter);Kyocera_image\Kyocera ECOSYS M3655idn_1584212988066.png
Operation Section;302S505140;KEY STATUS T;45ppm(A4),47ppm(Letter)(B)/45ppm(A4),47ppm(Letter)(BF)/ 55ppm(A4),57ppm(Letter)/60ppm(A4),62ppm(Letter);Kyocera_image\Kyocera ECOSYS M3655idn_1584212988066.png
Operation Section;302TA05060;KEY COPY;45ppm(A4),47ppm(Letter)(BF)/55ppm(A4),57ppm(Letter)/ 60ppm(A4),62ppm(Letter);Kyocera_image\Kyocera ECOSYS M3655idn_1584212988066.png
Operation Section;302TA05060;KEY COPY;45ppm(A4),47ppm(Letter)(B);Kyocera_image\Kyocera ECOSYS M3655idn_1584212988066.png
Operation Section;302NM94100;PARTS PWB ASSY H PANEL KEY-L SP;45ppm(A4),47ppm(Letter)(B)/45ppm(A4),47ppm(Letter)(BF)/ 55ppm(A4),57ppm(Letter)/60ppm(A4),62ppm(Letter);Kyocera_image\Kyocera ECOSYS M3655idn_1584212988066.png
Operation Section;302TA05080;LID OPERATION RIGHT;45ppm(A4),47ppm(Letter)(B)/45ppm(A4),47ppm(Letter)(BF)/ 55ppm(A4),57ppm(Letter)/60ppm(A4),62ppm(Letter);Kyocera_image\Kyocera ECOSYS M3655idn_1584212988066.png
Operation Section;3V2NM05050;COVER PANEL RIGHT;45ppm(A4),47ppm(Letter)(B)/45ppm(A4),47ppm(Letter)(BF)/ 55ppm(A4),57ppm(Letter)/60ppm(A4),62ppm(Letter);Kyocera_image\Kyocera ECOSYS M3655idn_1584212988066.png
Operation Section;302TA05130;LABEL OPERATION RIGHT ENG;45ppm(A4),47ppm(Letter)(BF)/55ppm(A4),57ppm(Letter)/ 60ppm(A4),62ppm(Letter);Kyocera_image\Kyocera ECOSYS M3655idn_1584212988066.png
Operation Section;302TA05150;LABEL OPERATION RIGHT JPN;45ppm(A4),47ppm(Letter)(BF);Kyocera_image\Kyocera ECOSYS M3655idn_1584212988066.png
Operation Section;302V205010;LABEL OPERATION RIGHT ENG;45ppm(A4),47ppm(Letter)(B);Kyocera_image\Kyocera ECOSYS M3655idn_1584212988066.png
Operation Section;302TA05010;COVER OPERATION RIGHT;45ppm(A4),47ppm(Letter)(B)/45ppm(A4),47ppm(Letter)(BF)/ 55ppm(A4),57ppm(Letter)/60ppm(A4),62ppm(Letter);Kyocera_image\Kyocera ECOSYS M3655idn_1584212988066.png
Operation Section;302TA05110;KEY MENU;45ppm(A4),47ppm(Letter)(B)/45ppm(A4),47ppm(Letter)(BF)/ 55ppm(A4),57ppm(Letter)/60ppm(A4),62ppm(Letter);Kyocera_image\Kyocera ECOSYS M3655idn_1584212988066.png
Operation Section;302S505120;KEY LOGOUT;45ppm(A4),47ppm(Letter)(B)/45ppm(A4),47ppm(Letter)(BF)/ 55ppm(A4),57ppm(Letter)/60ppm(A4),62ppm(Letter);Kyocera_image\Kyocera ECOSYS M3655idn_1584212988066.png
Operation Section;302TA05050;KEY 10;45ppm(A4),47ppm(Letter)(B)/45ppm(A4),47ppm(Letter)(BF)/ 55ppm(A4),57ppm(Letter)/60ppm(A4),62ppm(Letter);Kyocera_image\Kyocera ECOSYS M3655idn_1584212988066.png
Operation Section;302TA94090;PARTS PWB ASSY H PANEL KEY-R SP;45ppm(A4),47ppm(Letter)(B)/45ppm(A4),47ppm(Letter)(BF)/ 55ppm(A4),57ppm(Letter)/60ppm(A4),62ppm(Letter);Kyocera_image\Kyocera ECOSYS M3655idn_1584212988066.png
Operation Section;302TA94060;PARTS PWB ASSY H PANEL MAIN SP;45ppm(A4),47ppm(Letter)(B)/45ppm(A4),47ppm(Letter)(BF)/ 55ppm(A4),57ppm(Letter)/60ppm(A4),62ppm(Letter);Kyocera_image\Kyocera ECOSYS M3655idn_1584212988066.png
Operation Section;302TA94030;PARTS LCD UNIT SP;45ppm(A4),47ppm(Letter)(B)/45ppm(A4),47ppm(Letter)(BF)/ 55ppm(A4),57ppm(Letter)/60ppm(A4),62ppm(Letter);Kyocera_image\Kyocera ECOSYS M3655idn_1584212988066.png
DP ASSY SP;302NM94390;PARTS MOTOR-HB PAPER FEED SP;;Kyocera_image\Kyocera ECOSYS M3655idn_1584212991235.png
DP ASSY SP;303M894260;PARTS SENSOR OPT SP;;Kyocera_image\Kyocera ECOSYS M3655idn_1584212991235.png
DP ASSY SP;302KY94140;PARTS MOTOR ROTARY SP;;Kyocera_image\Kyocera ECOSYS M3655idn_1584212991235.png
DP ASSY SP;3V2NM18750;ACTUATOR ORIGINAL;;Kyocera_image\Kyocera ECOSYS M3655idn_1584212991235.png
DP ASSY SP;3V2NM18790;ACTUATOR PF;;Kyocera_image\Kyocera ECOSYS M3655idn_1584212991235.png
DP ASSY SP;3V2NM18260;ACTUATOR TIMING;;Kyocera_image\Kyocera ECOSYS M3655idn_1584212991235.png
DP ASSY SP;302V394010;PARTS TABLE MAIN ASSY SP;;Kyocera_image\Kyocera ECOSYS M3655idn_1584212991235.png
DP ASSY SP;302NM18021;HINGE LEFT;;Kyocera_image\Kyocera ECOSYS M3655idn_1584212991235.png
DP ASSY SP;302NM18031;HINGE RIGHT;;Kyocera_image\Kyocera ECOSYS M3655idn_1584212991235.png
DP ASSY SP;302V318030;COVER FRONT;;Kyocera_image\Kyocera ECOSYS M3655idn_1584212991235.png
DP ASSY SP;302V318040;COVER REAR;;Kyocera_image\Kyocera ECOSYS M3655idn_1584212991235.png
DP ASSY SP;302V318020;COVER PF;;Kyocera_image\Kyocera ECOSYS M3655idn_1584212991235.png
DP ASSY SP;3V2NM18180;CUSHION PF;;Kyocera_image\Kyocera ECOSYS M3655idn_1584212991235.png
DP ASSY SP;1702P60UN0;MK-3140/MAINTENANCE KIT;OPTION;Kyocera_image\Kyocera ECOSYS M3655idn_1584212991235.png
DP ASSY SP;303M894260;PARTS SENSOR OPT SP;;Kyocera_image\Kyocera ECOSYS M3655idn_1584212991235.png
DP ASSY SP;302V393030;PARTS DP UNIT SP;45ppm(A4),47ppm(Letter)(A)/45ppm(A4),47ppm(Letter)(AF)/ 45ppm(A4),47ppm(Letter)(B)/45ppm(A4),47ppm(Letter)(BF);Kyocera_image\Kyocera ECOSYS M3655idn_1584212991235.png
DP ASSY SP;302NM94231;PARTS DRIVE ASSY A SP;;Kyocera_image\Kyocera ECOSYS M3655idn_1584212991235.png
DP ASSY SP;302NM94240;PARTS DRIVE ASSY B SP;;Kyocera_image\Kyocera ECOSYS M3655idn_1584212991235.png
DP ASSY SP (55ppm(A4),57ppm(Letter)/60ppm(A4),62ppm(Letter));302TB93010;PARTS DP UNIT SP;55ppm(A4),57ppm(Letter);Kyocera_image\Kyocera ECOSYS M3655idn_1584212995367.png
DP ASSY SP (55ppm(A4),57ppm(Letter)/60ppm(A4),62ppm(Letter));302TA93030;PARTS DP UNIT SP;60ppm(A4),62ppm(Letter);Kyocera_image\Kyocera ECOSYS M3655idn_1584212995367.png
DP Covers (55ppm(A4),57ppm(Letter)/60ppm(A4),62ppm(Letter));302V018410;COVER FRONTA;;Kyocera_image\Kyocera ECOSYS M3655idn_1584212999176.png
DP Covers (55ppm(A4),57ppm(Letter)/60ppm(A4),62ppm(Letter));302V018430;COVER REAR A;;Kyocera_image\Kyocera ECOSYS M3655idn_1584212999176.png
DP Covers (55ppm(A4),57ppm(Letter)/60ppm(A4),62ppm(Letter));302V018710;COVER PF;;Kyocera_image\Kyocera ECOSYS M3655idn_1584212999176.png
DP Covers (55ppm(A4),57ppm(Letter)/60ppm(A4),62ppm(Letter));302TA18850;COVER BASE DP;;Kyocera_image\Kyocera ECOSYS M3655idn_1584212999176.png
DP Covers (55ppm(A4),57ppm(Letter)/60ppm(A4),62ppm(Letter));302TA18870;COVER FRONT B;;Kyocera_image\Kyocera ECOSYS M3655idn_1584212999176.png
DP Covers (55ppm(A4),57ppm(Letter)/60ppm(A4),62ppm(Letter));302TA18860;COVER REAR B;;Kyocera_image\Kyocera ECOSYS M3655idn_1584212999176.png
DP Covers (55ppm(A4),57ppm(Letter)/60ppm(A4),62ppm(Letter));302S018491;EMBLEM;;Kyocera_image\Kyocera ECOSYS M3655idn_1584212999176.png
DP Frames (55ppm(A4),57ppm(Letter)/60ppm(A4),62ppm(Letter));303R302031;HINGE RIGHT;;Kyocera_image\Kyocera ECOSYS M3655idn_1584213002584.png
DP Frames (55ppm(A4),57ppm(Letter)/60ppm(A4),62ppm(Letter));303R402032;HINGE LEFT;;Kyocera_image\Kyocera ECOSYS M3655idn_1584213002584.png
DP Table Assy (55ppm(A4),57ppm(Letter)/60ppm(A4),62ppm(Letter));302TA34040;LABEL CAUTION CIS;;Kyocera_image\Kyocera ECOSYS M3655idn_1584213007157.png
DP Table Assy (55ppm(A4),57ppm(Letter)/60ppm(A4),62ppm(Letter));302TA94010;PARTS TABLE MAIN ASSY SP;;Kyocera_image\Kyocera ECOSYS M3655idn_1584213007157.png
DP Paper Feed Section (55ppm(A4),57ppm(Letter)/60ppm(A4),62ppm(Letter));302R494420;PARTS PULLEY PICKUP ASSY SP;;Kyocera_image\Kyocera ECOSYS M3655idn_1584213012924.png
DP Paper Feed Section (55ppm(A4),57ppm(Letter)/60ppm(A4),62ppm(Letter));303R424220;GUIDE READING;;Kyocera_image\Kyocera ECOSYS M3655idn_1584213012924.png
DP Paper Feed Section (55ppm(A4),57ppm(Letter)/60ppm(A4),62ppm(Letter));303NW94040;PARTS SENSOR OPT SP;;Kyocera_image\Kyocera ECOSYS M3655idn_1584213012924.png
DP Paper Feed Section (55ppm(A4),57ppm(Letter)/60ppm(A4),62ppm(Letter));303R494050;PARTS CIS SP;;Kyocera_image\Kyocera ECOSYS M3655idn_1584213012924.png
DP Paper Feed Section (55ppm(A4),57ppm(Letter)/60ppm(A4),62ppm(Letter));302K994580;PARTS SENSOR OPT. SP;;Kyocera_image\Kyocera ECOSYS M3655idn_1584213012924.png
DP Paper Feed Section (55ppm(A4),57ppm(Letter)/60ppm(A4),62ppm(Letter));302LW07100;PAD SEPARATION;;Kyocera_image\Kyocera ECOSYS M3655idn_1584213012924.png
DP Paper Feed Section (55ppm(A4),57ppm(Letter)/60ppm(A4),62ppm(Letter));303R494010;PARTS HOLDER PICUP ASSY SP;;Kyocera_image\Kyocera ECOSYS M3655idn_1584213012924.png
DP Paper Feed Section (55ppm(A4),57ppm(Letter)/60ppm(A4),62ppm(Letter));303R394030;PARTS HOLDER PAD ASSY SP;;Kyocera_image\Kyocera ECOSYS M3655idn_1584213012924.png
DP Paper Conveying Section 1 (55ppm(A4),57ppm(Letter)/60ppm(A4),62ppm(Letter));302P794010;PARTS SENSOR OPT SP;;Kyocera_image\Kyocera ECOSYS M3655idn_1584213016417.png
DP Paper Conveying Section 1 (55ppm(A4),57ppm(Letter)/60ppm(A4),62ppm(Letter));302K994580;PARTS SENSOR OPT. SP;;Kyocera_image\Kyocera ECOSYS M3655idn_1584213016417.png
DP Paper Conveying Section 1 (55ppm(A4),57ppm(Letter)/60ppm(A4),62ppm(Letter));303R424150;ACTUATOR EXIT;;Kyocera_image\Kyocera ECOSYS M3655idn_1584213016417.png
DP Paper Conveying Section 2 (55ppm(A4),57ppm(Letter)/60ppm(A4),62ppm(Letter));303R407100;ACTUATOR ORIGINAL;;Kyocera_image\Kyocera ECOSYS M3655idn_1584213018907.png
DP Paper Conveying Section 2 (55ppm(A4),57ppm(Letter)/60ppm(A4),62ppm(Letter));303R494060;PARTS ROLLER CIS SP;;Kyocera_image\Kyocera ECOSYS M3655idn_1584213018907.png
DP Paper Conveying Section 2 (55ppm(A4),57ppm(Letter)/60ppm(A4),62ppm(Letter));302TA94070;PARTS PWB ASSY TX SP;60ppm(A4),62ppm(Letter);Kyocera_image\Kyocera ECOSYS M3655idn_1584213018907.png
DP Paper Conveying Section 2 (55ppm(A4),57ppm(Letter)/60ppm(A4),62ppm(Letter));302TA94080;PARTS PWB ASSY RX SP;60ppm(A4),62ppm(Letter);Kyocera_image\Kyocera ECOSYS M3655idn_1584213018907.png
DP Drive Section (55ppm(A4),57ppm(Letter)/60ppm(A4),62ppm(Letter));302V194070;PARTS PWB ASSY CIS CONNECT SP;;Kyocera_image\Kyocera ECOSYS M3655idn_1584213024019.png
DP Drive Section (55ppm(A4),57ppm(Letter)/60ppm(A4),62ppm(Letter));302NR94010;PARTS CLUTCH 35 Z35R SP;;Kyocera_image\Kyocera ECOSYS M3655idn_1584213024019.png
DP Drive Section (55ppm(A4),57ppm(Letter)/60ppm(A4),62ppm(Letter));2FB27160;INTER LOCK SWITCH;;Kyocera_image\Kyocera ECOSYS M3655idn_1584213024019.png
DP Drive Section (55ppm(A4),57ppm(Letter)/60ppm(A4),62ppm(Letter));303LM31040;GEAR 25R;;Kyocera_image\Kyocera ECOSYS M3655idn_1584213024019.png
DP Drive Section (55ppm(A4),57ppm(Letter)/60ppm(A4),62ppm(Letter));303R431200;GEAR CONVEYING Z54R Z32L;;Kyocera_image\Kyocera ECOSYS M3655idn_1584213024019.png
DP Drive Section (55ppm(A4),57ppm(Letter)/60ppm(A4),62ppm(Letter));303R431050;GEAR FEED Z53R Z33R;;Kyocera_image\Kyocera ECOSYS M3655idn_1584213024019.png
DP Drive Section (55ppm(A4),57ppm(Letter)/60ppm(A4),62ppm(Letter));303R431250;GEAR Z32L;;Kyocera_image\Kyocera ECOSYS M3655idn_1584213024019.png
DP Drive Section (55ppm(A4),57ppm(Letter)/60ppm(A4),62ppm(Letter));303R494040;PARTS MOTOR PAPER FEED SP;;Kyocera_image\Kyocera ECOSYS M3655idn_1584213024019.png
