100 EXTERNAL COVERS, PANELS, ETC.;FC5-5256-000;EMBLEM;JP;Canon_image\Canon imageCLASS LBP6300dn_1583811755689.png
100 EXTERNAL COVERS, PANELS, ETC.;FC7-0496-000;EMBLEM;EXCEPT JP;Canon_image\Canon imageCLASS LBP6300dn_1583811755689.png
100 EXTERNAL COVERS, PANELS, ETC.;FC7-0810-000;LABEL, DUPLEXING SIZE CONTROL;;Canon_image\Canon imageCLASS LBP6300dn_1583811755689.png
100 EXTERNAL COVERS, PANELS, ETC.;FC8-0081-000;PANEL, OPERATE;LBP6300 JP;Canon_image\Canon imageCLASS LBP6300dn_1583811755689.png
100 EXTERNAL COVERS, PANELS, ETC.;FC8-0094-000;PANEL, OPERATE;LBP6300 EXCEPT CN,EUR,JP;Canon_image\Canon imageCLASS LBP6300dn_1583811755689.png
100 EXTERNAL COVERS, PANELS, ETC.;FC8-0095-000;PANEL, OPERATE;LBP6300 CN;Canon_image\Canon imageCLASS LBP6300dn_1583811755689.png
100 EXTERNAL COVERS, PANELS, ETC.;FC8-0096-000;PANEL, OPERATE;LBP6300 EUR;Canon_image\Canon imageCLASS LBP6300dn_1583811755689.png
100 EXTERNAL COVERS, PANELS, ETC.;FC8-9858-000;PANEL, OPERATE;LBP6650 EXCEPT CN,EUR;Canon_image\Canon imageCLASS LBP6300dn_1583811755689.png
100 EXTERNAL COVERS, PANELS, ETC.;FC8-9868-000;PANEL, OPERATE;LBP6650 CN;Canon_image\Canon imageCLASS LBP6300dn_1583811755689.png
100 EXTERNAL COVERS, PANELS, ETC.;FC8-9869-000;PANEL, OPERATE;LBP6650 EUR;Canon_image\Canon imageCLASS LBP6300dn_1583811755689.png
100 EXTERNAL COVERS, PANELS, ETC.;FC8-0103-000;LABEL, PRINT INSTRUCTION;;Canon_image\Canon imageCLASS LBP6300dn_1583811755689.png
100 EXTERNAL COVERS, PANELS, ETC.;FC8-9828-000;COVER, RIGHT, UPPER;;Canon_image\Canon imageCLASS LBP6300dn_1583811755689.png
100 EXTERNAL COVERS, PANELS, ETC.;FC8-9837-000;COVER, FRONT;;Canon_image\Canon imageCLASS LBP6300dn_1583811755689.png
100 EXTERNAL COVERS, PANELS, ETC.;FC8-9846-000;COVER, RIGHT;;Canon_image\Canon imageCLASS LBP6300dn_1583811755689.png
100 EXTERNAL COVERS, PANELS, ETC.;FC8-9870-000;LABEL, MP, SIZE;EXCEPT JP;Canon_image\Canon imageCLASS LBP6300dn_1583811755689.png
100 EXTERNAL COVERS, PANELS, ETC.;FC8-9973-000;LABEL, MP, SIZE;JP;Canon_image\Canon imageCLASS LBP6300dn_1583811755689.png
100 EXTERNAL COVERS, PANELS, ETC.;FC8-9871-000;LABEL, JAM, HANDLE, C;;Canon_image\Canon imageCLASS LBP6300dn_1583811755689.png
100 EXTERNAL COVERS, PANELS, ETC.;FC8-9872-000;LABEL, FUSER, PRESS, RELEASE;;Canon_image\Canon imageCLASS LBP6300dn_1583811755689.png
100 EXTERNAL COVERS, PANELS, ETC.;FC8-9896-000;LABEL, H.V. CAUTION;;Canon_image\Canon imageCLASS LBP6300dn_1583811755689.png
100 EXTERNAL COVERS, PANELS, ETC.;FC8-9894-000;LABEL, DUPLEX, OPE, C;;Canon_image\Canon imageCLASS LBP6300dn_1583811755689.png
100 EXTERNAL COVERS, PANELS, ETC.;FC8-9895-000;LABEL, RELEASE, LEVERE, C;;Canon_image\Canon imageCLASS LBP6300dn_1583811755689.png
100 EXTERNAL COVERS, PANELS, ETC.;FC8-9969-000;COVER, SIDE, LEFT;LBP6300;Canon_image\Canon imageCLASS LBP6300dn_1583811755689.png
100 EXTERNAL COVERS, PANELS, ETC.;FM2-6194-000;DISPLAY PCB ASSY;LBP6300;Canon_image\Canon imageCLASS LBP6300dn_1583811755689.png
100 EXTERNAL COVERS, PANELS, ETC.;FM2-8329-000;DISPLAY PCB ASSY;LBP6650;Canon_image\Canon imageCLASS LBP6300dn_1583811755689.png
100 EXTERNAL COVERS, PANELS, ETC.;FM2-8342-000;LCD COVER ASSY;LBP6650;Canon_image\Canon imageCLASS LBP6300dn_1583811755689.png
100 EXTERNAL COVERS, PANELS, ETC.;FM3-8834-000;REAR COVER ASSY;;Canon_image\Canon imageCLASS LBP6300dn_1583811755689.png
100 EXTERNAL COVERS, PANELS, ETC.;FM3-8837-000;TOP COVER ASSY;;Canon_image\Canon imageCLASS LBP6300dn_1583811755689.png
100 EXTERNAL COVERS, PANELS, ETC.;FM3-8838-000;LEFT COVER ASSY;LBP6650;Canon_image\Canon imageCLASS LBP6300dn_1583811755689.png
100 EXTERNAL COVERS, PANELS, ETC.;FM3-3599-000;OPERATION PANNEL ASSY;LBP6300 JP;Canon_image\Canon imageCLASS LBP6300dn_1583811755689.png
100 EXTERNAL COVERS, PANELS, ETC.;FM3-3600-000;OPERATION PANNEL ASSY;LBP6300 EUR;Canon_image\Canon imageCLASS LBP6300dn_1583811755689.png
100 EXTERNAL COVERS, PANELS, ETC.;FM3-3601-000;OPERATION PANNEL ASSY;LBP6300 EXCEPT CN,EUR,JP;Canon_image\Canon imageCLASS LBP6300dn_1583811755689.png
100 EXTERNAL COVERS, PANELS, ETC.;FM3-3602-000;OPERATION PANNEL ASSY;LBP6300 CN;Canon_image\Canon imageCLASS LBP6300dn_1583811755689.png
100 EXTERNAL COVERS, PANELS, ETC.;FM3-8841-000;OPERATION PANNEL ASSY;LBP6650 EXCEPT CN,EUR;Canon_image\Canon imageCLASS LBP6300dn_1583811755689.png
100 EXTERNAL COVERS, PANELS, ETC.;FM3-8847-000;OPERATION PANNEL ASSY;LBP6650 CN;Canon_image\Canon imageCLASS LBP6300dn_1583811755689.png
100 EXTERNAL COVERS, PANELS, ETC.;FM3-8849-000;OPERATION PANNEL ASSY;LBP6650 EUR;Canon_image\Canon imageCLASS LBP6300dn_1583811755689.png
100 EXTERNAL COVERS, PANELS, ETC.;FM3-8836-000;CARTRIDGE DOOR ASSY;LBP6650 EXCEPT EUR;Canon_image\Canon imageCLASS LBP6300dn_1583811755689.png
100 EXTERNAL COVERS, PANELS, ETC.;FM3-8850-000;CARTRIDGE DOOR ASSY;LBP6650 EUR;Canon_image\Canon imageCLASS LBP6300dn_1583811755689.png
100 EXTERNAL COVERS, PANELS, ETC.;FM3-9087-000;CARTRIDGE DOOR ASSY;LBP6300 JP;Canon_image\Canon imageCLASS LBP6300dn_1583811755689.png
100 EXTERNAL COVERS, PANELS, ETC.;FM3-9092-000;CARTRIDGE DOOR ASSY;LBP6300 EUR;Canon_image\Canon imageCLASS LBP6300dn_1583811755689.png
100 EXTERNAL COVERS, PANELS, ETC.;FM3-9093-000;CARTRIDGE DOOR ASSY;LBP6300 EXCEPT EUR,JP;Canon_image\Canon imageCLASS LBP6300dn_1583811755689.png
100 EXTERNAL COVERS, PANELS, ETC.;FM4-8797-000;CARTRIDGE DOOR ASSY;LBP6650 US;Canon_image\Canon imageCLASS LBP6300dn_1583811755689.png
100 EXTERNAL COVERS, PANELS, ETC.;FM4-8807-000;CARTRIDGE DOOR ASSY;LBP6300 US;Canon_image\Canon imageCLASS LBP6300dn_1583811755689.png
100 EXTERNAL COVERS, PANELS, ETC.;FM4-2469-000;CABEL, PANEL;LBP6650;Canon_image\Canon imageCLASS LBP6300dn_1583811755689.png
100 EXTERNAL COVERS, PANELS, ETC.;FM4-2470-000;CABEL, PANEL;LBP6300;Canon_image\Canon imageCLASS LBP6300dn_1583811755689.png
100 EXTERNAL COVERS, PANELS, ETC.;RC2-6273-000;HINGE, MULTI-PURPOSE, RIGHT;;Canon_image\Canon imageCLASS LBP6300dn_1583811755689.png
100 EXTERNAL COVERS, PANELS, ETC.;RC2-8291-000;HINGE, MULTI-PURPOSE, LEFT;;Canon_image\Canon imageCLASS LBP6300dn_1583811755689.png
100 EXTERNAL COVERS, PANELS, ETC.;RU5-2895-000;SPRING, TENSION;;Canon_image\Canon imageCLASS LBP6300dn_1583811755689.png
100 EXTERNAL COVERS, PANELS, ETC.;XA9-1671-000;SCREW, D, M3X8;;Canon_image\Canon imageCLASS LBP6300dn_1583811755689.png
100 EXTERNAL COVERS, PANELS, ETC.;XA9-1503-000;SCREW, TAP, M3X6;;Canon_image\Canon imageCLASS LBP6300dn_1583811755689.png
100 EXTERNAL COVERS, PANELS, ETC.;FC8-9985-000;LABEL, GROUNDING CAUTION;JP;Canon_image\Canon imageCLASS LBP6300dn_1583811755689.png
100 EXTERNAL COVERS, PANELS, ETC.;NPN;EXTERNAL COVERS, PANELS, ETC.;;Canon_image\Canon imageCLASS LBP6300dn_1583811755689.png
101 INTERNAL COMPONENTS 1;FM3-9088-000;FIXING ASSY;100V;Canon_image\Canon imageCLASS LBP6300dn_1583811761255.png
101 INTERNAL COMPONENTS 1;RM1-6405-000;FIXING ASSY;120V;Canon_image\Canon imageCLASS LBP6300dn_1583811761255.png
101 INTERNAL COMPONENTS 1;RM1-6406-000;FIXING ASSY;230V;Canon_image\Canon imageCLASS LBP6300dn_1583811761255.png
101 INTERNAL COMPONENTS 1;RM1-6401-000;PAPER RETAINING DELIVERY ASSY;;Canon_image\Canon imageCLASS LBP6300dn_1583811761255.png
101 INTERNAL COMPONENTS 1;RM1-6421-000;MAIN DRIVE ASSY;;Canon_image\Canon imageCLASS LBP6300dn_1583811761255.png
101 INTERNAL COMPONENTS 1;RM1-6445-000;REVERSE SENSOR ASSY;PS917;Canon_image\Canon imageCLASS LBP6300dn_1583811761255.png
101 INTERNAL COMPONENTS 1;XA9-1503-000;SCREW, TAP, M3X6;;Canon_image\Canon imageCLASS LBP6300dn_1583811761255.png
101 INTERNAL COMPONENTS 1;XA9-1671-000;SCREW, D, M3X8;;Canon_image\Canon imageCLASS LBP6300dn_1583811761255.png
101 INTERNAL COMPONENTS 1;RC2-8349-000;PIN LARGE GEAR;;Canon_image\Canon imageCLASS LBP6300dn_1583811761255.png
101 INTERNAL COMPONENTS 1;NPN;INTERNAL COMPONENTS 1;;Canon_image\Canon imageCLASS LBP6300dn_1583811761255.png
102 INTERNAL COMPONENTS 2;RL1-2115-000;PAD, MULTI-PURPOSE SEPARATION;;Canon_image\Canon imageCLASS LBP6300dn_1583811767086.png
102 INTERNAL COMPONENTS 2;RM1-1301-000;PAPER PICK-UP GEAR ASSY;;Canon_image\Canon imageCLASS LBP6300dn_1583811767086.png
102 INTERNAL COMPONENTS 2;RM1-6350-000;MULTI-PURPOSE SENSOR PCB ASSY;PS915;Canon_image\Canon imageCLASS LBP6300dn_1583811767086.png
102 INTERNAL COMPONENTS 2;RM1-6375-000;INLET CABLE ASSY;;Canon_image\Canon imageCLASS LBP6300dn_1583811767086.png
102 INTERNAL COMPONENTS 2;RM1-6378-000;MAIN MOTOR ASSY;M1;Canon_image\Canon imageCLASS LBP6300dn_1583811767086.png
102 INTERNAL COMPONENTS 2;RM1-6414-000;PAPER PICK-UP ROLLER ASSY;;Canon_image\Canon imageCLASS LBP6300dn_1583811767086.png
102 INTERNAL COMPONENTS 2;XA9-1671-000;SCREW, D, M3X8;;Canon_image\Canon imageCLASS LBP6300dn_1583811767086.png
102 INTERNAL COMPONENTS 2;NPN;INTERNAL COMPONENTS 2;;Canon_image\Canon imageCLASS LBP6300dn_1583811767086.png
103 INTERNAL COMPONENTS 3;FM3-8855-000;TOP SENSOR ASSY;;Canon_image\Canon imageCLASS LBP6300dn_1583811769507.png
103 INTERNAL COMPONENTS 3;FM4-3878-000;PI/WD SNS PCA;PS912,PS922;Canon_image\Canon imageCLASS LBP6300dn_1583811769507.png
103 INTERNAL COMPONENTS 3;RM1-6450-000;TRANSFER ROLLER ASSY;;Canon_image\Canon imageCLASS LBP6300dn_1583811769507.png
103 INTERNAL COMPONENTS 3;RK2-2719-000;CABLE, LASER FLEXIBLE FLAT;;Canon_image\Canon imageCLASS LBP6300dn_1583811769507.png
103 INTERNAL COMPONENTS 3;RM1-6402-000;PAPER FEED GUIDE ASSY;;Canon_image\Canon imageCLASS LBP6300dn_1583811769507.png
103 INTERNAL COMPONENTS 3;RM1-6419-000;REGISTRATION ASSY;;Canon_image\Canon imageCLASS LBP6300dn_1583811769507.png
103 INTERNAL COMPONENTS 3;RM1-6424-000;SCANNER ASSY;;Canon_image\Canon imageCLASS LBP6300dn_1583811769507.png
103 INTERNAL COMPONENTS 3;XA9-1420-000;SCREW, W/WASHER, M3X8;;Canon_image\Canon imageCLASS LBP6300dn_1583811769507.png
103 INTERNAL COMPONENTS 3;XA9-1671-000;SCREW, D, M3X8;;Canon_image\Canon imageCLASS LBP6300dn_1583811769507.png
103 INTERNAL COMPONENTS 3;NPN;INTERNAL COMPONENTS 3;;Canon_image\Canon imageCLASS LBP6300dn_1583811769507.png
104 INTERNAL COMPONENTS 4;FM3-8839-000;CASSETTE ASSY;;Canon_image\Canon imageCLASS LBP6300dn_1583811771828.png
104 INTERNAL COMPONENTS 4;FM4-3336-000;POWER SUPPLY SWITCH ASSY;SW1001;Canon_image\Canon imageCLASS LBP6300dn_1583811771828.png
104 INTERNAL COMPONENTS 4;FM4-3879-000;DUPLEX DRIVER PCB ASSY;;Canon_image\Canon imageCLASS LBP6300dn_1583811771828.png
104 INTERNAL COMPONENTS 4;RK2-2727-000;FAN;FM1;Canon_image\Canon imageCLASS LBP6300dn_1583811771828.png
104 INTERNAL COMPONENTS 4;RK2-2729-000;SOLENOID;SL2;Canon_image\Canon imageCLASS LBP6300dn_1583811771828.png
104 INTERNAL COMPONENTS 4;RK2-2731-000;SOLENOID;SL1;Canon_image\Canon imageCLASS LBP6300dn_1583811771828.png
104 INTERNAL COMPONENTS 4;RL1-2120-000;ROLLER, MULTI-PURPOSE PICK-UP;;Canon_image\Canon imageCLASS LBP6300dn_1583811771828.png
104 INTERNAL COMPONENTS 4;RM1-4275-000;PAPER PICK-UP GEAR ASSY;;Canon_image\Canon imageCLASS LBP6300dn_1583811771828.png
104 INTERNAL COMPONENTS 4;RM1-6397-000;SEPARATION PAD HOLDER ASSY;;Canon_image\Canon imageCLASS LBP6300dn_1583811771828.png
104 INTERNAL COMPONENTS 4;WC4-5171-000;MICROSWITCH;SW301;Canon_image\Canon imageCLASS LBP6300dn_1583811771828.png
104 INTERNAL COMPONENTS 4;XA9-1671-000;SCREW, D, M3X8;;Canon_image\Canon imageCLASS LBP6300dn_1583811771828.png
104 INTERNAL COMPONENTS 4;FC8-9878-000;LABEL, OPE, CHANGE, PAPER;;Canon_image\Canon imageCLASS LBP6300dn_1583811771828.png
104 INTERNAL COMPONENTS 4;NPN;INTERNAL COMPONENTS 4;;Canon_image\Canon imageCLASS LBP6300dn_1583811771828.png
105 INTERNAL COMPONENTS 5;FC7-3206-000;PLATE, GROUNDING;LBP6650;Canon_image\Canon imageCLASS LBP6300dn_1583811775288.png
105 INTERNAL COMPONENTS 5;RK2-2733-000;SOLENOID;SL3;Canon_image\Canon imageCLASS LBP6300dn_1583811775288.png
105 INTERNAL COMPONENTS 5;RM1-6423-000;REVERSE DRIVE ASSY;;Canon_image\Canon imageCLASS LBP6300dn_1583811775288.png
105 INTERNAL COMPONENTS 5;RM1-6441-000;DUPLEXING PAPER FEED ASSY;;Canon_image\Canon imageCLASS LBP6300dn_1583811775288.png
105 INTERNAL COMPONENTS 5;XA9-1503-000;SCREW, TAP, M3X6;;Canon_image\Canon imageCLASS LBP6300dn_1583811775288.png
105 INTERNAL COMPONENTS 5;XA9-1671-000;SCREW, D, M3X8;;Canon_image\Canon imageCLASS LBP6300dn_1583811775288.png
105 INTERNAL COMPONENTS 5;FM4-2465-000;ENGINE CONTROLLER ASSY;100V,120V;Canon_image\Canon imageCLASS LBP6300dn_1583811775288.png
105 INTERNAL COMPONENTS 5;FM4-2466-000;ENGINE CONTROLLER ASSY;230V;Canon_image\Canon imageCLASS LBP6300dn_1583811775288.png
105 INTERNAL COMPONENTS 5;XA9-1420-000;SCREW, W/WASHER, M3X8;;Canon_image\Canon imageCLASS LBP6300dn_1583811775288.png
105 INTERNAL COMPONENTS 5;NPN;INTERNAL COMPONENTS 5;;Canon_image\Canon imageCLASS LBP6300dn_1583811775288.png
900 MAIN CONTROLLER PCB ASSY (LBP6650);WA7-3525-000;IC, 24LC128-I/PG, EEP-ROM,;IC9;Canon_image\Canon imageCLASS LBP6300dn_1583811780716.png
900 MAIN CONTROLLER PCB ASSY (LBP6650);FH4-6302-000;IC, S1L50552F32L000, ASIC;IC1009;Canon_image\Canon imageCLASS LBP6300dn_1583811780716.png
900 MAIN CONTROLLER PCB ASSY (LBP6650);FK2-1243-000;IC, T8K26EXBG-3U TOSHIBA;IC1010;Canon_image\Canon imageCLASS LBP6300dn_1583811780716.png
900 MAIN CONTROLLER PCB ASSY (LBP6650);FL3-2802-000;IC, M29W128GL70N6, FLASH-ROM;IC16;Canon_image\Canon imageCLASS LBP6300dn_1583811780716.png
900 MAIN CONTROLLER PCB ASSY (LBP6650);FM4-2367-000;MAIN CONTROLLER PCB ASSY;LBP6650;Canon_image\Canon imageCLASS LBP6300dn_1583811780716.png
901 MAIN CONTROLLER PCB ASSY (LBP6300);WA7-4673-000;IC, 24LC256-I/PG, EEP-ROM,;IC1;Canon_image\Canon imageCLASS LBP6300dn_1583811783476.png
901 MAIN CONTROLLER PCB ASSY (LBP6300);FK2-5869-000;IC, UPD800435F1-011-MNG-A, CPU;IC3;Canon_image\Canon imageCLASS LBP6300dn_1583811783476.png
901 MAIN CONTROLLER PCB ASSY (LBP6300);FK2-7852-000;IC, T6TH5EFG-0002(0), STANDARD;IC5;Canon_image\Canon imageCLASS LBP6300dn_1583811783476.png
901 MAIN CONTROLLER PCB ASSY (LBP6300);FK3-0666-000;IC, S29AL016J70TFI01, FLASH;IC12;Canon_image\Canon imageCLASS LBP6300dn_1583811783476.png
901 MAIN CONTROLLER PCB ASSY (LBP6300);FM4-3877-000;MAIN CONTROLLER PCB ASSY;LBP6300;Canon_image\Canon imageCLASS LBP6300dn_1583811783476.png
