100 EXTERNAL COVERS, PANEL, ETC.;FC5-4822-000;PLATE, NAME;;Canon_image\Canon Satera LBP6230_1584035543740.png
100 EXTERNAL COVERS, PANEL, ETC.;FC9-9602-000;EMBLEM, LASER SHOT;LASER SHOT,i- SENSYS,imageCLASS;Canon_image\Canon Satera LBP6230_1584035543740.png
100 EXTERNAL COVERS, PANEL, ETC.;FC9-5369-000;LABEL, GROUNDING CAUTION;JP;Canon_image\Canon Satera LBP6230_1584035543740.png
100 EXTERNAL COVERS, PANEL, ETC.;FC9-9575-000;COVER, FRONT;LBP6200,6200d;Canon_image\Canon Satera LBP6230_1584035543740.png
100 EXTERNAL COVERS, PANEL, ETC.;FE3-5706-000;COVER, FRONT;LBP6240,6230,6230dw;Canon_image\Canon Satera LBP6230_1584035543740.png
100 EXTERNAL COVERS, PANEL, ETC.;FM4-5811-000;CARTRIDGE DOOR ASSY;LBP6200,6200d;Canon_image\Canon Satera LBP6230_1584035543740.png
100 EXTERNAL COVERS, PANEL, ETC.;FM1-D610-000;CARTRIDGE DOOR ASSY;LBP6240,6230,6230dw;Canon_image\Canon Satera LBP6230_1584035543740.png
100 EXTERNAL COVERS, PANEL, ETC.;FM4-5812-000;TOP COVER ASSEMBLY;LBP6200,6200d;Canon_image\Canon Satera LBP6230_1584035543740.png
100 EXTERNAL COVERS, PANEL, ETC.;FM1-D609-000;TOP COVER ASSEMBLY;LBP6240,6230,6230dw;Canon_image\Canon Satera LBP6230_1584035543740.png
100 EXTERNAL COVERS, PANEL, ETC.;FM4-5813-000;LEFT COVER ASSY;LBP6200,6200d;Canon_image\Canon Satera LBP6230_1584035543740.png
100 EXTERNAL COVERS, PANEL, ETC.;FM1-D611-000;LEFT COVER ASSY;LBP6230;Canon_image\Canon Satera LBP6230_1584035543740.png
100 EXTERNAL COVERS, PANEL, ETC.;FM1-D612-000;LEFT COVER ASSY;LBP6240,6230dw;Canon_image\Canon Satera LBP6230_1584035543740.png
100 EXTERNAL COVERS, PANEL, ETC.;FM4-5814-000;RIGHT COVER ASSY;LBP6200,6200d;Canon_image\Canon Satera LBP6230_1584035543740.png
100 EXTERNAL COVERS, PANEL, ETC.;FM1-D613-000;RIGHT COVER ASSY;LBP6240,6230,6230dw;Canon_image\Canon Satera LBP6230_1584035543740.png
100 EXTERNAL COVERS, PANEL, ETC.;FM4-5815-000;DUST COVER ASSY;;Canon_image\Canon Satera LBP6230_1584035543740.png
100 EXTERNAL COVERS, PANEL, ETC.;FM4-5816-000;PAPER PICK-UP TRAY ASSY;Satera LBP6200;Canon_image\Canon Satera LBP6230_1584035543740.png
100 EXTERNAL COVERS, PANEL, ETC.;FM1-D636-000;PAPER PICK-UP TRAY ASSY;Satera LBP6230;Canon_image\Canon Satera LBP6230_1584035543740.png
100 EXTERNAL COVERS, PANEL, ETC.;FM1-D638-000;PAPER PICK-UP TRAY ASSY;Satera LBP6240;Canon_image\Canon Satera LBP6230_1584035543740.png
100 EXTERNAL COVERS, PANEL, ETC.;FM4-5870-000;PAPER PICK-UP TRAY ASSY;LASER SHOT LBP6200d;Canon_image\Canon Satera LBP6230_1584035543740.png
100 EXTERNAL COVERS, PANEL, ETC.;FM4-5871-000;PAPER PICK-UP TRAY ASSY;i-SENSYS LBP6200d;Canon_image\Canon Satera LBP6230_1584035543740.png
100 EXTERNAL COVERS, PANEL, ETC.;FM1-D641-000;PAPER PICK-UP TRAY ASSY;imageCLASS LBP6230dw;Canon_image\Canon Satera LBP6230_1584035543740.png
100 EXTERNAL COVERS, PANEL, ETC.;FM4-5865-000;DUPLEXING DOOR ASSY;LBP6200,6200d;Canon_image\Canon Satera LBP6230_1584035543740.png
100 EXTERNAL COVERS, PANEL, ETC.;FM1-D614-000;DUPLEXING DOOR ASSY;LBP6240,6230,6230dw;Canon_image\Canon Satera LBP6230_1584035543740.png
100 EXTERNAL COVERS, PANEL, ETC.;XA9-1418-000;SCREW, TP, M3X6;;Canon_image\Canon Satera LBP6230_1584035543740.png
100 EXTERNAL COVERS, PANEL, ETC.;XA9-1834-000;SCREW, D, M3X8;;Canon_image\Canon Satera LBP6230_1584035543740.png
100 EXTERNAL COVERS, PANEL, ETC.;FC9-9600-000;PLATE, CARD END;JP;Canon_image\Canon Satera LBP6230_1584035543740.png
100 EXTERNAL COVERS, PANEL, ETC.;FE3-5700-000;BUTTON, RELEASE;LBP6240,6230,6230dw;Canon_image\Canon Satera LBP6230_1584035543740.png
100 EXTERNAL COVERS, PANEL, ETC.;FE3-5701-000;BUTTON, PAPER PICK-UP;LBP6240,6230,6230dw;Canon_image\Canon Satera LBP6230_1584035543740.png
100 EXTERNAL COVERS, PANEL, ETC.;FK4-1248-000;MODULE, W LAN;LBP6240,6230dw;Canon_image\Canon Satera LBP6230_1584035543740.png
100 EXTERNAL COVERS, PANEL, ETC.;FM1-G875-000;PANEL UPEER RELEASE PCB ASSY;LBP6240,6230,6230dw;Canon_image\Canon Satera LBP6230_1584035543740.png
100 EXTERNAL COVERS, PANEL, ETC.;FM1-G876-000;LED FRONT PCB ASSEMBLY;LBP6240,6230dw;Canon_image\Canon Satera LBP6230_1584035543740.png
100 EXTERNAL COVERS, PANEL, ETC.;NPN;EXTERNAL COVERS, PANELS, ETC.;Satera;Canon_image\Canon Satera LBP6230_1584035543740.png
101 INTERNAL COMPONENTS 1;FM4-5869-000;FIXING ASSY;100V LBP6200;Canon_image\Canon Satera LBP6230_1584035546949.png
101 INTERNAL COMPONENTS 1;FM1-D615-000;FIXING ASSY;100V LBP6230/6240;Canon_image\Canon Satera LBP6230_1584035546949.png
101 INTERNAL COMPONENTS 1;RM1-7546-000;FIXING ASSY;120V LBP6200d;Canon_image\Canon Satera LBP6230_1584035546949.png
101 INTERNAL COMPONENTS 1;FM1-D616-000;FIXING ASSY;120V LBP6230dw;Canon_image\Canon Satera LBP6230_1584035546949.png
101 INTERNAL COMPONENTS 1;RM1-7547-010;FIXING ASSY;230V;Canon_image\Canon Satera LBP6230_1584035546949.png
101 INTERNAL COMPONENTS 1;FM4-7041-000;ENGINE CONTROL PCB ASSY;100V,120V LBP6200,6200d;Canon_image\Canon Satera LBP6230_1584035546949.png
101 INTERNAL COMPONENTS 1;FM1-F910-000;ENGINE CONTROL PCB ASSY;100V,120V LBP6240,6230,6230dw;Canon_image\Canon Satera LBP6230_1584035546949.png
101 INTERNAL COMPONENTS 1;FM4-7042-000;ENGINE CONTROL PCB ASSY;230V;Canon_image\Canon Satera LBP6230_1584035546949.png
101 INTERNAL COMPONENTS 1;FM4-7182-000;MAIN CONTROLLER PCB ASSEMBLY;LBP6200;Canon_image\Canon Satera LBP6230_1584035546949.png
101 INTERNAL COMPONENTS 1;FM4-7183-000;MAIN CONTROLLER PCB ASSEMBLY;LBP6200d CN LBP6200d;Canon_image\Canon Satera LBP6230_1584035546949.png
101 INTERNAL COMPONENTS 1;FM4-7184-010;MAIN CONTROLLER PCB ASSEMBLY;US,EUR,AU,SG,HK,KR,LTN;Canon_image\Canon Satera LBP6230_1584035546949.png
101 INTERNAL COMPONENTS 1;FM1-G878-000;MAIN CONTROLLER PCB ASSEMBLY;LBP6230;Canon_image\Canon Satera LBP6230_1584035546949.png
101 INTERNAL COMPONENTS 1;FM1-G877-000;MAIN CONTROLLER PCB ASSEMBLY;LBP6240,6230dw;Canon_image\Canon Satera LBP6230_1584035546949.png
101 INTERNAL COMPONENTS 1;RM1-7440-000;DELIVERY SENSOR PCB ASSY;LBP6200,6200d;Canon_image\Canon Satera LBP6230_1584035546949.png
101 INTERNAL COMPONENTS 1;FM1-F912-000;DELIVERY SENSOR PCB ASSY;LBP6240,6230,6230dw;Canon_image\Canon Satera LBP6230_1584035546949.png
101 INTERNAL COMPONENTS 1;FM4-6984-000;FIXING FILM ASSY;100V;Canon_image\Canon Satera LBP6230_1584035546949.png
101 INTERNAL COMPONENTS 1;RM1-7541-010;FIXING FILM ASSY;120V;Canon_image\Canon Satera LBP6230_1584035546949.png
101 INTERNAL COMPONENTS 1;RM1-7542-010;FIXING FILM ASSY;230V;Canon_image\Canon Satera LBP6230_1584035546949.png
101 INTERNAL COMPONENTS 1;RC2-9512-000;LINK, PRESSURE RELEASE;;Canon_image\Canon Satera LBP6230_1584035546949.png
101 INTERNAL COMPONENTS 1;RM1-7531-010;SWITCH LEVER ASSY;;Canon_image\Canon Satera LBP6230_1584035546949.png
101 INTERNAL COMPONENTS 1;RC2-9208-000;ROLLER, PRESSURE;;Canon_image\Canon Satera LBP6230_1584035546949.png
101 INTERNAL COMPONENTS 1;XA9-1420-000;SCREW, W/WASHER, M3X8;;Canon_image\Canon Satera LBP6230_1584035546949.png
101 INTERNAL COMPONENTS 1;XA9-1418-000;SCREW, TP, M3X6;;Canon_image\Canon Satera LBP6230_1584035546949.png
101 INTERNAL COMPONENTS 1;XA9-1670-000;SCREW, D, M3X6;;Canon_image\Canon Satera LBP6230_1584035546949.png
101 INTERNAL COMPONENTS 1;RC2-9214-000;SPACER, RING;;Canon_image\Canon Satera LBP6230_1584035546949.png
101 INTERNAL COMPONENTS 1;RM1-7524-000;ROLLER HOLDER ASSEMBLY;;Canon_image\Canon Satera LBP6230_1584035546949.png
101 INTERNAL COMPONENTS 1;NPN;INTERNAL COMPONENTS 1;;Canon_image\Canon Satera LBP6230_1584035546949.png
102 INTERNAL COMPONENTS 2;FM4-5866-000;PAPER PICK-UP ASSY;LBP6200,6200d;Canon_image\Canon Satera LBP6230_1584035552446.png
102 INTERNAL COMPONENTS 2;FM1-D618-000;PAPER PICK-UP ASSY;LBP6240,6230,6230dw;Canon_image\Canon Satera LBP6230_1584035552446.png
102 INTERNAL COMPONENTS 2;RM1-4023-000;ROLLER, TRANSFER;;Canon_image\Canon Satera LBP6230_1584035552446.png
102 INTERNAL COMPONENTS 2;RM1-4227-000;SEPARATION PAD ASSY;;Canon_image\Canon Satera LBP6230_1584035552446.png
102 INTERNAL COMPONENTS 2;XA9-1670-000;SCREW, D, M3X6;;Canon_image\Canon Satera LBP6230_1584035552446.png
102 INTERNAL COMPONENTS 2;RL1-1497-000;ROLLER, PICK-UP;;Canon_image\Canon Satera LBP6230_1584035552446.png
102 INTERNAL COMPONENTS 2;RM1-7525-000;DUPLEXING FRAME ASSY;;Canon_image\Canon Satera LBP6230_1584035552446.png
102 INTERNAL COMPONENTS 2;FM4-7044-000;PAPER PICK-UP SENSOR PCB ASSY;LBP6200,6200d;Canon_image\Canon Satera LBP6230_1584035552446.png
102 INTERNAL COMPONENTS 2;FM1-F913-000;PAPER PICK-UP SENSOR PCB ASSY;LBP6240,6230,6230dw;Canon_image\Canon Satera LBP6230_1584035552446.png
102 INTERNAL COMPONENTS 2;NPN;INTERNAL COMPONENTS 2;;Canon_image\Canon Satera LBP6230_1584035552446.png
102 INTERNAL COMPONENTS 3;RM1-7560-000;LASER SCANNER ASSY;;Canon_image\Canon Satera LBP6230_1584035555802.png
102 INTERNAL COMPONENTS 3;FM4-7045-000;MOTOR PCB ASSY;LBP6200,6200d;Canon_image\Canon Satera LBP6230_1584035555802.png
102 INTERNAL COMPONENTS 3;FM1-F914-000;MOTOR PCB ASSY;LBP6240,6230,6230dw;Canon_image\Canon Satera LBP6230_1584035555802.png
102 INTERNAL COMPONENTS 3;RM1-7739-000;CABLE, FLAT;;Canon_image\Canon Satera LBP6230_1584035555802.png
102 INTERNAL COMPONENTS 3;RM1-7544-000;MOTOR, DC24V;;Canon_image\Canon Satera LBP6230_1584035555802.png
102 INTERNAL COMPONENTS 3;RM1-7620-000;DUPLEXING PCB ASSY;;Canon_image\Canon Satera LBP6230_1584035555802.png
102 INTERNAL COMPONENTS 3;RK2-0420-000;SOLENOID;;Canon_image\Canon Satera LBP6230_1584035555802.png
102 INTERNAL COMPONENTS 3;RK2-3438-000;FAN;;Canon_image\Canon Satera LBP6230_1584035555802.png
102 INTERNAL COMPONENTS 3;RC2-9425-000;LINK, CARTRIDGE DOOR;;Canon_image\Canon Satera LBP6230_1584035555802.png
102 INTERNAL COMPONENTS 3;XA9-1418-000;SCREW, TP, M3X6;;Canon_image\Canon Satera LBP6230_1584035555802.png
102 INTERNAL COMPONENTS 3;XA9-1670-000;SCREW, D, M3X6;;Canon_image\Canon Satera LBP6230_1584035555802.png
102 INTERNAL COMPONENTS 3;XA9-1832-000;SCREW, D, M3X10;;Canon_image\Canon Satera LBP6230_1584035555802.png
102 INTERNAL COMPONENTS 3;RU6-0016-000;GEAR, 85T;;Canon_image\Canon Satera LBP6230_1584035555802.png
102 INTERNAL COMPONENTS 3;NPN;INTERNAL COMPONENTS 3;;Canon_image\Canon Satera LBP6230_1584035555802.png
