100 EXTERNAL COVERS, PANELS, ETC.(DADF model);FC0-1648-000;COVER, RIGHT;EXCEPT JP;Canon_image\Canon i-SENSYS MF4550d_1583804099126.png
100 EXTERNAL COVERS, PANELS, ETC.(DADF model);FC0-1828-000;COVER, RIGHT;JP;Canon_image\Canon i-SENSYS MF4550d_1583804099126.png
100 EXTERNAL COVERS, PANELS, ETC.(DADF model);FC0-1647-000;COVER, LEFT;MF4580dn EXCEPT JP;Canon_image\Canon i-SENSYS MF4550d_1583804099126.png
100 EXTERNAL COVERS, PANELS, ETC.(DADF model);FC0-1850-000;COVER, LEFT;MF4580dn JP;Canon_image\Canon i-SENSYS MF4550d_1583804099126.png
100 EXTERNAL COVERS, PANELS, ETC.(DADF model);FC0-1848-000;COVER, LEFT;D550;Canon_image\Canon i-SENSYS MF4550d_1583804099126.png
100 EXTERNAL COVERS, PANELS, ETC.(DADF model);FC0-1760-000;PLATE, PAPER SIZE;;Canon_image\Canon i-SENSYS MF4550d_1583804099126.png
100 EXTERNAL COVERS, PANELS, ETC.(DADF model);FC6-5204-000;SHEET, HANDSET;;Canon_image\Canon i-SENSYS MF4550d_1583804099126.png
100 EXTERNAL COVERS, PANELS, ETC.(DADF model);FC9-1324-000;LABEL, COPY PROHIBITION;JP,LTN,SG,HK,AU,KR;Canon_image\Canon i-SENSYS MF4550d_1583804099126.png
100 EXTERNAL COVERS, PANELS, ETC.(DADF model);FC8-9307-000;LABEL, COPY PROHIBITION;US,CA,LTN,EUR;Canon_image\Canon i-SENSYS MF4550d_1583804099126.png
100 EXTERNAL COVERS, PANELS, ETC.(DADF model);FM4-6898-000;DUPLEXING DOOR ASSY;;Canon_image\Canon i-SENSYS MF4550d_1583804099126.png
100 EXTERNAL COVERS, PANELS, ETC.(DADF model);FM4-6901-000;CARTRIDGE DOOR ASSY;MF4580dn;Canon_image\Canon i-SENSYS MF4550d_1583804099126.png
100 EXTERNAL COVERS, PANELS, ETC.(DADF model);FM4-6956-000;CARTRIDGE DOOR ASSY;D550;Canon_image\Canon i-SENSYS MF4550d_1583804099126.png
100 EXTERNAL COVERS, PANELS, ETC.(DADF model);FC0-1771-000;GUIDE, CABLE;;Canon_image\Canon i-SENSYS MF4550d_1583804099126.png
100 EXTERNAL COVERS, PANELS, ETC.(DADF model);FM4-6961-000;CONTROL PANEL ASSY;MF4580dn JP;Canon_image\Canon i-SENSYS MF4550d_1583804099126.png
100 EXTERNAL COVERS, PANELS, ETC.(DADF model);FM4-6938-000;CONTROL PANEL ASSY;MF4580dn LTN,SG,HK,AU;Canon_image\Canon i-SENSYS MF4550d_1583804099126.png
100 EXTERNAL COVERS, PANELS, ETC.(DADF model);FM4-6953-000;CONTROL PANEL ASSY;MF4580dn KR;Canon_image\Canon i-SENSYS MF4550d_1583804099126.png
100 EXTERNAL COVERS, PANELS, ETC.(DADF model);FM4-6957-000;CONTROL PANEL ASSY;MF4580dn EUR;Canon_image\Canon i-SENSYS MF4550d_1583804099126.png
100 EXTERNAL COVERS, PANELS, ETC.(DADF model);FM4-6923-000;CONTROL PANEL ASSY;D550 US,CA,LTN;Canon_image\Canon i-SENSYS MF4550d_1583804099126.png
100 EXTERNAL COVERS, PANELS, ETC.(DADF model);FM4-6959-000;CONTROL PANEL ASSY;D550 EUR;Canon_image\Canon i-SENSYS MF4550d_1583804099126.png
100 EXTERNAL COVERS, PANELS, ETC.(DADF model);FC0-1708-000;LABEL, DOCUMENT PROHIBITION;;Canon_image\Canon i-SENSYS MF4550d_1583804099126.png
100 EXTERNAL COVERS, PANELS, ETC.(DADF model);FC0-1930-000;LABEL, GLASS CLEANING;US,CA,LTN;Canon_image\Canon i-SENSYS MF4550d_1583804099126.png
100 EXTERNAL COVERS, PANELS, ETC.(DADF model);FC0-1772-000;LABEL, GLASS CLEANING;EUR;Canon_image\Canon i-SENSYS MF4550d_1583804099126.png
100 EXTERNAL COVERS, PANELS, ETC.(DADF model);FC0-1934-000;LABEL, GLASS CLEANING;JP,LTN,SG,HK,AU,KR;Canon_image\Canon i-SENSYS MF4550d_1583804099126.png
100 EXTERNAL COVERS, PANELS, ETC.(DADF model);FL3-5063-000;HOLDER, DOCUMENT GUIDE;;Canon_image\Canon i-SENSYS MF4550d_1583804099126.png
100 EXTERNAL COVERS, PANELS, ETC.(DADF model);FC0-1787-000;COVER, HINGE BLANKING;;Canon_image\Canon i-SENSYS MF4550d_1583804099126.png
100 EXTERNAL COVERS, PANELS, ETC.(DADF model);FC8-1370-000;SCREW, TP, M3X6;;Canon_image\Canon i-SENSYS MF4550d_1583804099126.png
100 EXTERNAL COVERS, PANELS, ETC.(DADF model);FC0-2037-000;LABEL, GROUNDING CAUTION;JP;Canon_image\Canon i-SENSYS MF4550d_1583804099126.png
100 EXTERNAL COVERS, PANELS, ETC.(DADF model);NPN;EXTERNAL COVERS, PANELS, ETC.;DADF model;Canon_image\Canon i-SENSYS MF4550d_1583804099126.png
100A EXTERNAL COVERS, PANELS, ETC.(ADF model);FC0-1648-000;COVER, RIGHT;MF4500 Series EXCEPT JP,CN;Canon_image\Canon i-SENSYS MF4550d_1583804103941.png
100A EXTERNAL COVERS, PANELS, ETC.(ADF model);FC0-1828-000;COVER, RIGHT;MF4500 Series JP,CN;Canon_image\Canon i-SENSYS MF4550d_1583804103941.png
100A EXTERNAL COVERS, PANELS, ETC.(ADF model);FC0-1773-000;COVER, RIGHT;MF4400 Series EXCEPT JP,CN;Canon_image\Canon i-SENSYS MF4550d_1583804103941.png
100A EXTERNAL COVERS, PANELS, ETC.(ADF model);FC0-1862-000;COVER, RIGHT;MF4400 Series JP,CN;Canon_image\Canon i-SENSYS MF4550d_1583804103941.png
100A EXTERNAL COVERS, PANELS, ETC.(ADF model);FC0-1647-000;COVER, LEFT;MF4570dn EXCEPT JP,CN;Canon_image\Canon i-SENSYS MF4550d_1583804103941.png
100A EXTERNAL COVERS, PANELS, ETC.(ADF model);FC0-1850-000;COVER, LEFT;MF4570dn JP,CN;Canon_image\Canon i-SENSYS MF4550d_1583804103941.png
100A EXTERNAL COVERS, PANELS, ETC.(ADF model);FC0-1852-000;COVER, LEFT;MF4550d EXCEPT JP,CN;Canon_image\Canon i-SENSYS MF4550d_1583804103941.png
100A EXTERNAL COVERS, PANELS, ETC.(ADF model);FC0-1854-000;COVER, LEFT;MF4550d JP,CN;Canon_image\Canon i-SENSYS MF4550d_1583804103941.png
100A EXTERNAL COVERS, PANELS, ETC.(ADF model);FC0-1851-000;COVER, LEFT;MF4450 EXCEPT JP,CN;Canon_image\Canon i-SENSYS MF4550d_1583804103941.png
100A EXTERNAL COVERS, PANELS, ETC.(ADF model);FC0-1853-000;COVER, LEFT;MF4450 JP,CN;Canon_image\Canon i-SENSYS MF4550d_1583804103941.png
100A EXTERNAL COVERS, PANELS, ETC.(ADF model);FC0-1890-000;COVER, LEFT;MF4430 EXCEPT JP;Canon_image\Canon i-SENSYS MF4550d_1583804103941.png
100A EXTERNAL COVERS, PANELS, ETC.(ADF model);FC0-1891-000;COVER, LEFT;MF4430 JP;Canon_image\Canon i-SENSYS MF4550d_1583804103941.png
100A EXTERNAL COVERS, PANELS, ETC.(ADF model);FC0-1760-000;PLATE, PAPER SIZE;MF4500 Series;Canon_image\Canon i-SENSYS MF4550d_1583804103941.png
100A EXTERNAL COVERS, PANELS, ETC.(ADF model);FC0-1881-000;PLATE, PAPER SIZE;MF4400 Series;Canon_image\Canon i-SENSYS MF4550d_1583804103941.png
100A EXTERNAL COVERS, PANELS, ETC.(ADF model);FC6-5204-000;SHEET, HANDSET;MF4500 Series;Canon_image\Canon i-SENSYS MF4550d_1583804103941.png
100A EXTERNAL COVERS, PANELS, ETC.(ADF model);FC0-1986-000;SHEET, HANDSET;MF4400 Series;Canon_image\Canon i-SENSYS MF4550d_1583804103941.png
100A EXTERNAL COVERS, PANELS, ETC.(ADF model);FC9-1324-000;LABEL, COPY PROHIBITION;EXCEPT US,CA,LTN,EUR;Canon_image\Canon i-SENSYS MF4550d_1583804103941.png
100A EXTERNAL COVERS, PANELS, ETC.(ADF model);FC8-9307-000;LABEL, COPY PROHIBITION;US,CA,LTN,EUR;Canon_image\Canon i-SENSYS MF4550d_1583804103941.png
100A EXTERNAL COVERS, PANELS, ETC.(ADF model);FM4-6898-000;DUPLEXING DOOR ASSY;MF4500 Series;Canon_image\Canon i-SENSYS MF4550d_1583804103941.png
100A EXTERNAL COVERS, PANELS, ETC.(ADF model);FC0-1640-000;COVER, REAR;MF4400 Series;Canon_image\Canon i-SENSYS MF4550d_1583804103941.png
100A EXTERNAL COVERS, PANELS, ETC.(ADF model);FM4-6901-000;CARTRIDGE DOOR ASSY;;Canon_image\Canon i-SENSYS MF4550d_1583804103941.png
100A EXTERNAL COVERS, PANELS, ETC.(ADF model);FC0-1717-000;GUIDE, CABLE, D;MF4500 Series;Canon_image\Canon i-SENSYS MF4550d_1583804103941.png
100A EXTERNAL COVERS, PANELS, ETC.(ADF model);FC0-1818-000;GUIDE, CABLE, D;MF4400 Series;Canon_image\Canon i-SENSYS MF4550d_1583804103941.png
100A EXTERNAL COVERS, PANELS, ETC.(ADF model);FM4-7518-000;CONTROL PANEL ASSY;MF4570dn JP;Canon_image\Canon i-SENSYS MF4550d_1583804103941.png
100A EXTERNAL COVERS, PANELS, ETC.(ADF model);FM4-6922-000;CONTROL PANEL ASSY;MF4570dn US,CA,LTN;Canon_image\Canon i-SENSYS MF4550d_1583804103941.png
100A EXTERNAL COVERS, PANELS, ETC.(ADF model);FM4-6960-000;CONTROL PANEL ASSY;MF4570dn TW;Canon_image\Canon i-SENSYS MF4550d_1583804103941.png
100A EXTERNAL COVERS, PANELS, ETC.(ADF model);FM4-7496-000;CONTROL PANEL ASSY;MF4570dn LTN,SG,HK.AU;Canon_image\Canon i-SENSYS MF4550d_1583804103941.png
100A EXTERNAL COVERS, PANELS, ETC.(ADF model);FM4-6963-000;CONTROL PANEL ASSY;MF4570dn CN;Canon_image\Canon i-SENSYS MF4550d_1583804103941.png
100A EXTERNAL COVERS, PANELS, ETC.(ADF model);FM4-7506-000;CONTROL PANEL ASSY;MF4570dn KR;Canon_image\Canon i-SENSYS MF4550d_1583804103941.png
100A EXTERNAL COVERS, PANELS, ETC.(ADF model);FM4-7512-000;CONTROL PANEL ASSY;MF4570dn EUR;Canon_image\Canon i-SENSYS MF4550d_1583804103941.png
100A EXTERNAL COVERS, PANELS, ETC.(ADF model);FM4-7526-000;CONTROL PANEL ASSY;MF4554d KR;Canon_image\Canon i-SENSYS MF4550d_1583804103941.png
100A EXTERNAL COVERS, PANELS, ETC.(ADF model);FM4-7527-000;CONTROL PANEL ASSY;MF4553d KR;Canon_image\Canon i-SENSYS MF4550d_1583804103941.png
100A EXTERNAL COVERS, PANELS, ETC.(ADF model);FM4-7519-000;CONTROL PANEL ASSY;MF4550d JP;Canon_image\Canon i-SENSYS MF4550d_1583804103941.png
100A EXTERNAL COVERS, PANELS, ETC.(ADF model);FM4-7497-000;CONTROL PANEL ASSY;MF4550d LTN,SG,HK.AU;Canon_image\Canon i-SENSYS MF4550d_1583804103941.png
100A EXTERNAL COVERS, PANELS, ETC.(ADF model);FM4-7501-000;CONTROL PANEL ASSY;MF4550d CN;Canon_image\Canon i-SENSYS MF4550d_1583804103941.png
100A EXTERNAL COVERS, PANELS, ETC.(ADF model);FM4-7507-000;CONTROL PANEL ASSY;MF4550d KR;Canon_image\Canon i-SENSYS MF4550d_1583804103941.png
100A EXTERNAL COVERS, PANELS, ETC.(ADF model);FM4-7513-000;CONTROL PANEL ASSY;MF4550d EUR;Canon_image\Canon i-SENSYS MF4550d_1583804103941.png
100A EXTERNAL COVERS, PANELS, ETC.(ADF model);FM4-7528-000;CONTROL PANEL ASSY;MF4453 KR;Canon_image\Canon i-SENSYS MF4550d_1583804103941.png
100A EXTERNAL COVERS, PANELS, ETC.(ADF model);FM4-7504-000;CONTROL PANEL ASSY;MF4452 CN;Canon_image\Canon i-SENSYS MF4550d_1583804103941.png
100A EXTERNAL COVERS, PANELS, ETC.(ADF model);FM4-7520-000;CONTROL PANEL ASSY;MF4450 JP;Canon_image\Canon i-SENSYS MF4550d_1583804103941.png
100A EXTERNAL COVERS, PANELS, ETC.(ADF model);FM4-6971-000;CONTROL PANEL ASSY;MF4450 US,CA,LTN;Canon_image\Canon i-SENSYS MF4550d_1583804103941.png
100A EXTERNAL COVERS, PANELS, ETC.(ADF model);FM4-7523-000;CONTROL PANEL ASSY;MF4450 TW;Canon_image\Canon i-SENSYS MF4550d_1583804103941.png
100A EXTERNAL COVERS, PANELS, ETC.(ADF model);FM4-7499-000;CONTROL PANEL ASSY;MF4450 LTN,SG,HK;Canon_image\Canon i-SENSYS MF4550d_1583804103941.png
100A EXTERNAL COVERS, PANELS, ETC.(ADF model);FM4-7502-000;CONTROL PANEL ASSY;MF4450 CN;Canon_image\Canon i-SENSYS MF4550d_1583804103941.png
100A EXTERNAL COVERS, PANELS, ETC.(ADF model);FM4-7508-000;CONTROL PANEL ASSY;MF4450 KR;Canon_image\Canon i-SENSYS MF4550d_1583804103941.png
100A EXTERNAL COVERS, PANELS, ETC.(ADF model);FM4-7514-000;CONTROL PANEL ASSY;MF4450 EUR;Canon_image\Canon i-SENSYS MF4550d_1583804103941.png
100A EXTERNAL COVERS, PANELS, ETC.(ADF model);FM4-6962-000;CONTROL PANEL ASSY;MF4430 JP;Canon_image\Canon i-SENSYS MF4550d_1583804103941.png
100A EXTERNAL COVERS, PANELS, ETC.(ADF model);FM4-6954-000;CONTROL PANEL ASSY;MF4430 KR;Canon_image\Canon i-SENSYS MF4550d_1583804103941.png
100A EXTERNAL COVERS, PANELS, ETC.(ADF model);FM4-6958-000;CONTROL PANEL ASSY;MF4430 EUR;Canon_image\Canon i-SENSYS MF4550d_1583804103941.png
100A EXTERNAL COVERS, PANELS, ETC.(ADF model);FC0-1708-000;LABEL, DOCUMENT PROHIBITION;MF4500 Series;Canon_image\Canon i-SENSYS MF4550d_1583804103941.png
100A EXTERNAL COVERS, PANELS, ETC.(ADF model);FC0-1936-000;LABEL, DOCUMENT PROHIBITION;MF4400 Series;Canon_image\Canon i-SENSYS MF4550d_1583804103941.png
100A EXTERNAL COVERS, PANELS, ETC.(ADF model);FC0-1930-000;LABEL, GLASS CLEANING;MF4500 Series US,CA,LTN;Canon_image\Canon i-SENSYS MF4550d_1583804103941.png
100A EXTERNAL COVERS, PANELS, ETC.(ADF model);FC0-1931-000;LABEL, GLASS CLEANING;MF4400 Series US,CA,LTN;Canon_image\Canon i-SENSYS MF4550d_1583804103941.png
100A EXTERNAL COVERS, PANELS, ETC.(ADF model);FC0-1772-000;LABEL, GLASS CLEANING;MF4500 Series EUR;Canon_image\Canon i-SENSYS MF4550d_1583804103941.png
100A EXTERNAL COVERS, PANELS, ETC.(ADF model);FC0-1929-000;LABEL, GLASS CLEANING;MF4400 Series EUR;Canon_image\Canon i-SENSYS MF4550d_1583804103941.png
100A EXTERNAL COVERS, PANELS, ETC.(ADF model);FC0-1934-000;LABEL, GLASS CLEANING;MF4500 Series EXCEPT US,CA,LTN,EUR;Canon_image\Canon i-SENSYS MF4550d_1583804103941.png
100A EXTERNAL COVERS, PANELS, ETC.(ADF model);FC0-1935-000;LABEL, GLASS CLEANING;MF4400 Series EXCEPT US,CA,LTN,EUR;Canon_image\Canon i-SENSYS MF4550d_1583804103941.png
100A EXTERNAL COVERS, PANELS, ETC.(ADF model);FL3-5063-000;HOLDER, DOCUMENT GUIDE;MF4500 Series;Canon_image\Canon i-SENSYS MF4550d_1583804103941.png
100A EXTERNAL COVERS, PANELS, ETC.(ADF model);FL3-5068-000;HOLDER, DOCUMENT GUIDE;MF4400 Series;Canon_image\Canon i-SENSYS MF4550d_1583804103941.png
100A EXTERNAL COVERS, PANELS, ETC.(ADF model);FC8-1370-000;SCREW, TP, M3X6;;Canon_image\Canon i-SENSYS MF4550d_1583804103941.png
100A EXTERNAL COVERS, PANELS, ETC.(ADF model);FC0-2037-000;LABEL, GROUNDING CAUTION;MF4500 Series JP;Canon_image\Canon i-SENSYS MF4550d_1583804103941.png
100A EXTERNAL COVERS, PANELS, ETC.(ADF model);FC0-2038-000;LABEL, GROUNDING CAUTION;MF4400 Series JP;Canon_image\Canon i-SENSYS MF4550d_1583804103941.png
100A EXTERNAL COVERS, PANELS, ETC.(ADF model);NPN;EXTERNAL COVERS, PANELS, ETC.;ADF model;Canon_image\Canon i-SENSYS MF4550d_1583804103941.png
100B EXTERNAL COVERS, PANELS, ETC.(COPYBOARD model);FC0-1773-000;COVER, RIGHT;MF4400 Series EXCEPT JP,CN;Canon_image\Canon i-SENSYS MF4550d_1583804110292.png
100B EXTERNAL COVERS, PANELS, ETC.(COPYBOARD model);FC0-1862-000;COVER, RIGHT;MF4400 Series JP,CN;Canon_image\Canon i-SENSYS MF4550d_1583804110292.png
100B EXTERNAL COVERS, PANELS, ETC.(COPYBOARD model);FC0-1648-000;COVER, RIGHT;D500 Series EXCEPT CN;Canon_image\Canon i-SENSYS MF4550d_1583804110292.png
100B EXTERNAL COVERS, PANELS, ETC.(COPYBOARD model);FC0-1828-000;COVER, RIGHT;D500 Series CN;Canon_image\Canon i-SENSYS MF4550d_1583804110292.png
100B EXTERNAL COVERS, PANELS, ETC.(COPYBOARD model);FC0-1888-000;COVER, LEFT;MF4420 AU;Canon_image\Canon i-SENSYS MF4550d_1583804110292.png
100B EXTERNAL COVERS, PANELS, ETC.(COPYBOARD model);FC0-1889-000;COVER, LEFT;MF4420 JP,CN;Canon_image\Canon i-SENSYS MF4550d_1583804110292.png
100B EXTERNAL COVERS, PANELS, ETC.(COPYBOARD model);FC0-1890-000;COVER, LEFT;MF4410 EXCEPT JP,CN MF4412 LTN,SG,HK;Canon_image\Canon i-SENSYS MF4550d_1583804110292.png
100B EXTERNAL COVERS, PANELS, ETC.(COPYBOARD model);FC0-1891-000;COVER, LEFT;MF4410 JP,CN MF4412 CN;Canon_image\Canon i-SENSYS MF4550d_1583804110292.png
100B EXTERNAL COVERS, PANELS, ETC.(COPYBOARD model);FC0-1848-000;COVER, LEFT;D500 Series EXCEPT CN;Canon_image\Canon i-SENSYS MF4550d_1583804110292.png
100B EXTERNAL COVERS, PANELS, ETC.(COPYBOARD model);FC0-1849-000;COVER, LEFT;D500 Series CN;Canon_image\Canon i-SENSYS MF4550d_1583804110292.png
100B EXTERNAL COVERS, PANELS, ETC.(COPYBOARD model);FC0-1881-000;PLATE, PAPER SIZE;MF4400 Series;Canon_image\Canon i-SENSYS MF4550d_1583804110292.png
100B EXTERNAL COVERS, PANELS, ETC.(COPYBOARD model);FC0-1760-000;PLATE, PAPER SIZE;D500 Series;Canon_image\Canon i-SENSYS MF4550d_1583804110292.png
100B EXTERNAL COVERS, PANELS, ETC.(COPYBOARD model);FC6-5204-000;SHEET, HANDSET;MF4400 Series;Canon_image\Canon i-SENSYS MF4550d_1583804110292.png
100B EXTERNAL COVERS, PANELS, ETC.(COPYBOARD model);FC0-1986-000;SHEET, HANDSET;D500 Series;Canon_image\Canon i-SENSYS MF4550d_1583804110292.png
100B EXTERNAL COVERS, PANELS, ETC.(COPYBOARD model);FC9-1324-000;LABEL, COPY PROHIBITION;EXCEPT US,CA,LTN,EUR;Canon_image\Canon i-SENSYS MF4550d_1583804110292.png
100B EXTERNAL COVERS, PANELS, ETC.(COPYBOARD model);FC8-9307-000;LABEL, COPY PROHIBITION;US,CA,LTN,EUR;Canon_image\Canon i-SENSYS MF4550d_1583804110292.png
100B EXTERNAL COVERS, PANELS, ETC.(COPYBOARD model);FM4-6898-000;DUPLEXING DOOR ASSY;D500 Series;Canon_image\Canon i-SENSYS MF4550d_1583804110292.png
100B EXTERNAL COVERS, PANELS, ETC.(COPYBOARD model);FC0-1640-000;COVER, REAR;MF4400 Series;Canon_image\Canon i-SENSYS MF4550d_1583804110292.png
100B EXTERNAL COVERS, PANELS, ETC.(COPYBOARD model);FM4-6901-000;CARTRIDGE DOOR ASSY;MF4400 Series;Canon_image\Canon i-SENSYS MF4550d_1583804110292.png
100B EXTERNAL COVERS, PANELS, ETC.(COPYBOARD model);FM4-6956-000;CARTRIDGE DOOR ASSY;D500 Series;Canon_image\Canon i-SENSYS MF4550d_1583804110292.png
100B EXTERNAL COVERS, PANELS, ETC.(COPYBOARD model);FC8-0654-000;PANEL, COPYBOARD;;Canon_image\Canon i-SENSYS MF4550d_1583804110292.png
100B EXTERNAL COVERS, PANELS, ETC.(COPYBOARD model);FM4-7521-000;CONTROL PANEL ASSY;MF4420n JP;Canon_image\Canon i-SENSYS MF4550d_1583804110292.png
100B EXTERNAL COVERS, PANELS, ETC.(COPYBOARD model);FM4-6951-000;CONTROL PANEL ASSY;MF4420n AU;Canon_image\Canon i-SENSYS MF4550d_1583804110292.png
100B EXTERNAL COVERS, PANELS, ETC.(COPYBOARD model);FM4-6964-000;CONTROL PANEL ASSY;MF4420n CN;Canon_image\Canon i-SENSYS MF4550d_1583804110292.png
100B EXTERNAL COVERS, PANELS, ETC.(COPYBOARD model);FM4-7500-000;CONTROL PANEL ASSY;MF4412 LTN,SG,HK;Canon_image\Canon i-SENSYS MF4550d_1583804110292.png
100B EXTERNAL COVERS, PANELS, ETC.(COPYBOARD model);FM4-7505-000;CONTROL PANEL ASSY;MF4412 CN;Canon_image\Canon i-SENSYS MF4550d_1583804110292.png
100B EXTERNAL COVERS, PANELS, ETC.(COPYBOARD model);FM4-7522-000;CONTROL PANEL ASSY;MF4410 JP;Canon_image\Canon i-SENSYS MF4550d_1583804110292.png
100B EXTERNAL COVERS, PANELS, ETC.(COPYBOARD model);FM4-7503-000;CONTROL PANEL ASSY;MF4410 CN;Canon_image\Canon i-SENSYS MF4550d_1583804110292.png
100B EXTERNAL COVERS, PANELS, ETC.(COPYBOARD model);FM4-7510-000;CONTROL PANEL ASSY;MF4410 KR;Canon_image\Canon i-SENSYS MF4550d_1583804110292.png
100B EXTERNAL COVERS, PANELS, ETC.(COPYBOARD model);FM4-7515-000;CONTROL PANEL ASSY;MF4410 EUR;Canon_image\Canon i-SENSYS MF4550d_1583804110292.png
100B EXTERNAL COVERS, PANELS, ETC.(COPYBOARD model);FM4-7495-000;CONTROL PANEL ASSY;D520 US,CA,LTN;Canon_image\Canon i-SENSYS MF4550d_1583804110292.png
100B EXTERNAL COVERS, PANELS, ETC.(COPYBOARD model);FM4-6952-000;CONTROL PANEL ASSY;D520 LTN,SG,HK;Canon_image\Canon i-SENSYS MF4550d_1583804110292.png
100B EXTERNAL COVERS, PANELS, ETC.(COPYBOARD model);FM4-6965-000;CONTROL PANEL ASSY;D520 CN;Canon_image\Canon i-SENSYS MF4550d_1583804110292.png
100B EXTERNAL COVERS, PANELS, ETC.(COPYBOARD model);FM4-7516-000;CONTROL PANEL ASSY;D520 EUR;Canon_image\Canon i-SENSYS MF4550d_1583804110292.png
100B EXTERNAL COVERS, PANELS, ETC.(COPYBOARD model);FC8-1370-000;SCREW, TP, M3X6;;Canon_image\Canon i-SENSYS MF4550d_1583804110292.png
100B EXTERNAL COVERS, PANELS, ETC.(COPYBOARD model);FM4-6920-000;COPYBOARD COVER ASSEMBLY;MF4400 Series;Canon_image\Canon i-SENSYS MF4550d_1583804110292.png
100B EXTERNAL COVERS, PANELS, ETC.(COPYBOARD model);FM4-6936-000;COPYBOARD COVER ASSEMBLY;D500 Series;Canon_image\Canon i-SENSYS MF4550d_1583804110292.png
100B EXTERNAL COVERS, PANELS, ETC.(COPYBOARD model);FC0-2038-000;LABEL, GROUNDING CAUTION;JP;Canon_image\Canon i-SENSYS MF4550d_1583804110292.png
100B EXTERNAL COVERS, PANELS, ETC.(COPYBOARD model);NPN;EXTERNAL COVERS, PANELS, ETC.;COPYBOARD model;Canon_image\Canon i-SENSYS MF4550d_1583804110292.png
101 FRONT COVER ASSY;FC0-1660-000;COVER, FRONT;MF4500,4400 Series EXCEPT JP,CN;Canon_image\Canon i-SENSYS MF4550d_1583804115318.png
101 FRONT COVER ASSY;FC0-1834-000;COVER, FRONT;MF4500,4400 Series JP,CN;Canon_image\Canon i-SENSYS MF4550d_1583804115318.png
101 FRONT COVER ASSY;FC0-1833-000;COVER, FRONT;D500 Series EXCEPT CN;Canon_image\Canon i-SENSYS MF4550d_1583804115318.png
101 FRONT COVER ASSY;FC0-1835-000;COVER, FRONT;D500 Series CN;Canon_image\Canon i-SENSYS MF4550d_1583804115318.png
101 FRONT COVER ASSY;FC0-1661-000;COVER, FRONT UPPER;MF4500,4400 Series;Canon_image\Canon i-SENSYS MF4550d_1583804115318.png
101 FRONT COVER ASSY;FC0-1836-000;COVER, FRONT UPPER;D500 Series;Canon_image\Canon i-SENSYS MF4550d_1583804115318.png
101 FRONT COVER ASSY;FL3-5073-000;DUST COVER ASSEMBLY;MF4500,4400 Series;Canon_image\Canon i-SENSYS MF4550d_1583804115318.png
101 FRONT COVER ASSY;FL3-5074-000;DUST COVER ASSEMBLY;D500 Series;Canon_image\Canon i-SENSYS MF4550d_1583804115318.png
101 FRONT COVER ASSY;FC0-1778-000;LABEL, SIZE INSTRUCTION;MF4500,4400 Series;Canon_image\Canon i-SENSYS MF4550d_1583804115318.png
101 FRONT COVER ASSY;FC0-1901-000;LABEL, SIZE INSTRUCTION;D500 Series;Canon_image\Canon i-SENSYS MF4550d_1583804115318.png
101 FRONT COVER ASSY;FM4-6911-000;DUST COVER ASSEMBLY;MF4500,4400 Series JP;Canon_image\Canon i-SENSYS MF4550d_1583804115318.png
101 FRONT COVER ASSY;FM4-6933-000;DUST COVER ASSEMBLY;MF4500,4400 Series EXCEPT JP;Canon_image\Canon i-SENSYS MF4550d_1583804115318.png
101 FRONT COVER ASSY;FM4-6934-000;DUST COVER ASSEMBLY;D500 Series;Canon_image\Canon i-SENSYS MF4550d_1583804115318.png
101 FRONT COVER ASSY;FC5-4822-000;PLATE, NAME;MF4500,4400 Series JP;Canon_image\Canon i-SENSYS MF4550d_1583804115318.png
101 FRONT COVER ASSY;FM4-7525-000;PAPER PICK-UP TRAY ASSY;MF4500,4400 Series JP;Canon_image\Canon i-SENSYS MF4550d_1583804115318.png
101 FRONT COVER ASSY;FM4-6907-000;PAPER PICK-UP TRAY ASSY;MF4500,4400 Series EXCEPT JP;Canon_image\Canon i-SENSYS MF4550d_1583804115318.png
101 FRONT COVER ASSY;FM4-6932-000;PAPER PICK-UP TRAY ASSY;D500 Series;Canon_image\Canon i-SENSYS MF4550d_1583804115318.png
101 FRONT COVER ASSY;FC0-1663-000;PLATE, EXTENSION;MF4500,4400 Series;Canon_image\Canon i-SENSYS MF4550d_1583804115318.png
101 FRONT COVER ASSY;FC0-1837-000;PLATE, EXTENSION;D500 Series;Canon_image\Canon i-SENSYS MF4550d_1583804115318.png
101 FRONT COVER ASSY;FC0-1665-000;STOPPER, CARD;JP;Canon_image\Canon i-SENSYS MF4550d_1583804115318.png
101 FRONT COVER ASSY;FC0-1664-000;STOPPER, PAPER;;Canon_image\Canon i-SENSYS MF4550d_1583804115318.png
101 FRONT COVER ASSY;FC0-1981-000;STOPPER, PAPER DELIVERY;MF4500,4400 Series;Canon_image\Canon i-SENSYS MF4550d_1583804115318.png
101 FRONT COVER ASSY;FC0-1982-000;STOPPER, PAPER DELIVERY;D500 Series;Canon_image\Canon i-SENSYS MF4550d_1583804115318.png
101 FRONT COVER ASSY;FC0-1979-000;TRAY, PAPER DELIVERY;MF4500,4400 Series;Canon_image\Canon i-SENSYS MF4550d_1583804115318.png
101 FRONT COVER ASSY;FC0-1980-000;TRAY, PAPER DELIVERY;D500 Series;Canon_image\Canon i-SENSYS MF4550d_1583804115318.png
101 FRONT COVER ASSY;FM4-6968-000;FRONT COVER ASSY;MF4500,4400 Series JP;Canon_image\Canon i-SENSYS MF4550d_1583804115318.png
101 FRONT COVER ASSY;FM4-6903-000;FRONT COVER ASSY;MF4500,4400 Series EXCEPT JP,CN;Canon_image\Canon i-SENSYS MF4550d_1583804115318.png
101 FRONT COVER ASSY;FM4-6966-000;FRONT COVER ASSY;MF4500,4400 Series CN;Canon_image\Canon i-SENSYS MF4550d_1583804115318.png
101 FRONT COVER ASSY;FM4-6930-000;FRONT COVER ASSY;D500 Series EXCEPT CN;Canon_image\Canon i-SENSYS MF4550d_1583804115318.png
101 FRONT COVER ASSY;FM4-6967-000;FRONT COVER ASSY;D500 Series CN;Canon_image\Canon i-SENSYS MF4550d_1583804115318.png
102 INTERNAL COMPONENTS 1;FC0-1789-000;SPRING;;Canon_image\Canon i-SENSYS MF4550d_1583804120662.png
102 INTERNAL COMPONENTS 1;FM4-6895-000;SWITCH LEVER ASSY;;Canon_image\Canon i-SENSYS MF4550d_1583804120662.png
102 INTERNAL COMPONENTS 1;FM4-7057-000;ENGINE CONTROL PCB ASSY;100V MF4570dn,4550d,4450;Canon_image\Canon i-SENSYS MF4550d_1583804120662.png
102 INTERNAL COMPONENTS 1;FM4-7087-000;ENGINE CONTROL PCB ASSY;100V MF4580dn,4430,4420n,4410;Canon_image\Canon i-SENSYS MF4550d_1583804120662.png
102 INTERNAL COMPONENTS 1;FM4-7058-000;ENGINE CONTROL PCB ASSY;120V;Canon_image\Canon i-SENSYS MF4550d_1583804120662.png
102 INTERNAL COMPONENTS 1;FM4-7059-000;ENGINE CONTROL PCB ASSY;230V;Canon_image\Canon i-SENSYS MF4550d_1583804120662.png
102 INTERNAL COMPONENTS 1;FM4-7163-000;MAIN CONTROLLER PCB ASSY;MF4580dn JP;Canon_image\Canon i-SENSYS MF4550d_1583804120662.png
102 INTERNAL COMPONENTS 1;FM4-7162-000;MAIN CONTROLLER PCB ASSY;MF4580dn EXCEPT JP;Canon_image\Canon i-SENSYS MF4550d_1583804120662.png
102 INTERNAL COMPONENTS 1;FM4-7165-000;MAIN CONTROLLER PCB ASSY;MF4570dn JP;Canon_image\Canon i-SENSYS MF4550d_1583804120662.png
102 INTERNAL COMPONENTS 1;FM4-7164-000;MAIN CONTROLLER PCB ASSY;MF4570dn EXCEPT JP;Canon_image\Canon i-SENSYS MF4550d_1583804120662.png
102 INTERNAL COMPONENTS 1;FM4-7167-000;MAIN CONTROLLER PCB ASSY;MF4550d JP;Canon_image\Canon i-SENSYS MF4550d_1583804120662.png
102 INTERNAL COMPONENTS 1;FM4-7166-000;MAIN CONTROLLER PCB ASSY;MF4550d EXCEPT JP MF4553d,4554d;Canon_image\Canon i-SENSYS MF4550d_1583804120662.png
102 INTERNAL COMPONENTS 1;FM4-7283-000;MAIN CONTROLLER PCB ASSY;MF4450 JP;Canon_image\Canon i-SENSYS MF4550d_1583804120662.png
102 INTERNAL COMPONENTS 1;FM4-7282-000;MAIN CONTROLLER PCB ASSY;MF4450 EXCEPT JP MF4453;Canon_image\Canon i-SENSYS MF4550d_1583804120662.png
102 INTERNAL COMPONENTS 1;FM4-7171-000;MAIN CONTROLLER PCB ASSY;MF4452;Canon_image\Canon i-SENSYS MF4550d_1583804120662.png
102 INTERNAL COMPONENTS 1;FM4-7172-000;MAIN CONTROLLER PCB ASSY;MF4430;Canon_image\Canon i-SENSYS MF4550d_1583804120662.png
102 INTERNAL COMPONENTS 1;FM4-7173-000;MAIN CONTROLLER PCB ASSY;MF4420n;Canon_image\Canon i-SENSYS MF4550d_1583804120662.png
102 INTERNAL COMPONENTS 1;FM4-7174-000;MAIN CONTROLLER PCB ASSY;MF4410 MF4412 LTN,SG,HK;Canon_image\Canon i-SENSYS MF4550d_1583804120662.png
102 INTERNAL COMPONENTS 1;FM4-7175-000;MAIN CONTROLLER PCB ASSY;MF4412 CN;Canon_image\Canon i-SENSYS MF4550d_1583804120662.png
102 INTERNAL COMPONENTS 1;FM4-7168-000;MAIN CONTROLLER PCB ASSY;D550;Canon_image\Canon i-SENSYS MF4550d_1583804120662.png
102 INTERNAL COMPONENTS 1;FM4-7169-000;MAIN CONTROLLER PCB ASSY;D520;Canon_image\Canon i-SENSYS MF4550d_1583804120662.png
102 INTERNAL COMPONENTS 1;FM4-6983-000;FIXING PAPER DELIVERY ASSY;100V;Canon_image\Canon i-SENSYS MF4550d_1583804120662.png
102 INTERNAL COMPONENTS 1;RM1-7576-000;FIXING PAPER DELIVERY ASSY;120V;Canon_image\Canon i-SENSYS MF4550d_1583804120662.png
102 INTERNAL COMPONENTS 1;RM1-7577-000;FIXING PAPER DELIVERY ASSY;230V;Canon_image\Canon i-SENSYS MF4550d_1583804120662.png
102 INTERNAL COMPONENTS 1;FM4-7187-000;PSEUDO CI PCB ASSEMBLY;FAX model JP;Canon_image\Canon i-SENSYS MF4550d_1583804120662.png
102 INTERNAL COMPONENTS 1;FK2-7600-000;CORE, RING;;Canon_image\Canon i-SENSYS MF4550d_1583804120662.png
102 INTERNAL COMPONENTS 1;FK3-1206-000;CORE, FERRITE;;Canon_image\Canon i-SENSYS MF4550d_1583804120662.png
102 INTERNAL COMPONENTS 1;WE8-6854-000;CORE, RING;FAX model;Canon_image\Canon i-SENSYS MF4550d_1583804120662.png
102 INTERNAL COMPONENTS 1;FC8-1367-000;SCREW, W/WASHER, M3X8;;Canon_image\Canon i-SENSYS MF4550d_1583804120662.png
102 INTERNAL COMPONENTS 1;FC8-1368-000;SCREW, S, M3X6;;Canon_image\Canon i-SENSYS MF4550d_1583804120662.png
102 INTERNAL COMPONENTS 1;FC8-1370-000;SCREW, TP, M3X6;;Canon_image\Canon i-SENSYS MF4550d_1583804120662.png
102 INTERNAL COMPONENTS 1;FK3-1145-000;CABLE, FLAT, SCNT-CIS;;Canon_image\Canon i-SENSYS MF4550d_1583804120662.png
102 INTERNAL COMPONENTS 1;FK3-1174-000;CABLE, FLAT, SCNT-CIS;FAX model JP;Canon_image\Canon i-SENSYS MF4550d_1583804120662.png
102 INTERNAL COMPONENTS 1;FK3-1179-000;CABLE, FLAT, SCNT-CIS;FAX model EXCEPT JP;Canon_image\Canon i-SENSYS MF4550d_1583804120662.png
102 INTERNAL COMPONENTS 1;FK3-1175-000;CABLE, FLAT, SCNT-CIS;FAX model JP;Canon_image\Canon i-SENSYS MF4550d_1583804120662.png
102 INTERNAL COMPONENTS 1;FC0-1644-000;LINK, PRESSURE RELEASE, LEFT;;Canon_image\Canon i-SENSYS MF4550d_1583804120662.png
102 INTERNAL COMPONENTS 1;FC0-1645-000;LINK, PRESSURE RELEASE, RIGHT;;Canon_image\Canon i-SENSYS MF4550d_1583804120662.png
102 INTERNAL COMPONENTS 1;FM4-7176-000;NCU PCB ASSEMBLY;FAX model EXCEPT JP,AU;Canon_image\Canon i-SENSYS MF4550d_1583804120662.png
102 INTERNAL COMPONENTS 1;FM4-7185-000;NCU PCB ASSEMBLY;FAX model JP;Canon_image\Canon i-SENSYS MF4550d_1583804120662.png
102 INTERNAL COMPONENTS 1;FM4-7186-000;NCU PCB ASSEMBLY;FAX model AU;Canon_image\Canon i-SENSYS MF4550d_1583804120662.png
102 INTERNAL COMPONENTS 1;NPN;INTERNAL COMPONENTS 1;;Canon_image\Canon i-SENSYS MF4550d_1583804120662.png
103 INTERNAL COMPONENTS 2;FK3-1144-000;SPEAKER;FAX model;Canon_image\Canon i-SENSYS MF4550d_1583804124387.png
103 INTERNAL COMPONENTS 2;FM4-6892-000;PAPER PICK-UP ASSY;MF4500,D500 Series;Canon_image\Canon i-SENSYS MF4550d_1583804124387.png
103 INTERNAL COMPONENTS 2;FM4-6926-000;PAPER PICK-UP ASSY;MF4400 Series;Canon_image\Canon i-SENSYS MF4550d_1583804124387.png
103 INTERNAL COMPONENTS 2;FM4-6893-000;SEPARATION PAD ASSY;;Canon_image\Canon i-SENSYS MF4550d_1583804124387.png
103 INTERNAL COMPONENTS 2;FM4-6894-000;LASER SCANNER ASSY;MF4500,D500 Series;Canon_image\Canon i-SENSYS MF4550d_1583804124387.png
103 INTERNAL COMPONENTS 2;FM4-6929-000;LASER SCANNER ASSY;MF4400 Series;Canon_image\Canon i-SENSYS MF4550d_1583804124387.png
103 INTERNAL COMPONENTS 2;FM4-6896-000;DUPLEXING FRAME ASSY;MF4500,D500 Series;Canon_image\Canon i-SENSYS MF4550d_1583804124387.png
103 INTERNAL COMPONENTS 2;FM4-6900-000;PHOTO SENSOR ASSY, TONER;FAX model;Canon_image\Canon i-SENSYS MF4550d_1583804124387.png
103 INTERNAL COMPONENTS 2;FM4-7498-000;PHOTO SENSOR ASSY, MULTI;EXCEPT FAX model;Canon_image\Canon i-SENSYS MF4550d_1583804124387.png
103 INTERNAL COMPONENTS 2;FM4-7062-000;MOTOR PCB ASSY;MF4500,D500 Series;Canon_image\Canon i-SENSYS MF4550d_1583804124387.png
103 INTERNAL COMPONENTS 2;FM4-7063-000;MOTOR PCB ASSY;MF4400 Series;Canon_image\Canon i-SENSYS MF4550d_1583804124387.png
103 INTERNAL COMPONENTS 2;FM4-7064-000;DUPLEXING PCB ASSY;MF4500,D500 Series;Canon_image\Canon i-SENSYS MF4550d_1583804124387.png
103 INTERNAL COMPONENTS 2;FM4-7491-000;MOTOR, DC24V;;Canon_image\Canon i-SENSYS MF4550d_1583804124387.png
103 INTERNAL COMPONENTS 2;FC8-1368-000;SCREW, S, M3X6;;Canon_image\Canon i-SENSYS MF4550d_1583804124387.png
103 INTERNAL COMPONENTS 2;FC8-1369-000;SCREW, S, M3X10;;Canon_image\Canon i-SENSYS MF4550d_1583804124387.png
103 INTERNAL COMPONENTS 2;FC8-1370-000;SCREW, TP, M3X6;;Canon_image\Canon i-SENSYS MF4550d_1583804124387.png
103 INTERNAL COMPONENTS 2;RK2-3438-000;FAN;MF4500,D500 Series;Canon_image\Canon i-SENSYS MF4550d_1583804124387.png
103 INTERNAL COMPONENTS 2;RK2-0420-000;SOLENOID;MF4500,D500 Series;Canon_image\Canon i-SENSYS MF4550d_1583804124387.png
103 INTERNAL COMPONENTS 2;FM4-7066-000;PAPER PICK-UP SENSOR PCB ASSY;;Canon_image\Canon i-SENSYS MF4550d_1583804124387.png
103 INTERNAL COMPONENTS 2;RC2-1182-000;ROLLER, TRANSFER;;Canon_image\Canon i-SENSYS MF4550d_1583804124387.png
103 INTERNAL COMPONENTS 2;RL1-1497-000;ROLLER, PICK-UP;;Canon_image\Canon i-SENSYS MF4550d_1583804124387.png
103 INTERNAL COMPONENTS 2;NPN;INTERNAL COMPONENTS 2;;Canon_image\Canon i-SENSYS MF4550d_1583804124387.png
160 ADF ASSY (DADF model);FC0-1744-000;CAP;;Canon_image\Canon i-SENSYS MF4550d_1583804127401.png
160 ADF ASSY (DADF model);FC0-1745-000;COVER, DF;;Canon_image\Canon i-SENSYS MF4550d_1583804127401.png
160 ADF ASSY (DADF model);FC0-1747-000;COVER, DF, FRONT;MF4580dn EXCEPT JP;Canon_image\Canon i-SENSYS MF4550d_1583804127401.png
160 ADF ASSY (DADF model);FC0-1796-000;COVER, DF, FRONT;MF4580dn JP;Canon_image\Canon i-SENSYS MF4550d_1583804127401.png
160 ADF ASSY (DADF model);FC0-1795-000;COVER, DF, FRONT;D550;Canon_image\Canon i-SENSYS MF4550d_1583804127401.png
160 ADF ASSY (DADF model);FC0-1748-000;COVER, DF, FRONT UPPER;MF4580dn EXCEPT JP D550;Canon_image\Canon i-SENSYS MF4550d_1583804127401.png
160 ADF ASSY (DADF model);FC0-1799-000;COVER, DF, FRONT UPPER;MF4580dn JP;Canon_image\Canon i-SENSYS MF4550d_1583804127401.png
160 ADF ASSY (DADF model);FC0-1743-000;COVER, REAR;MF4580dn EXCEPT JP D550;Canon_image\Canon i-SENSYS MF4550d_1583804127401.png
160 ADF ASSY (DADF model);FC0-1802-000;COVER, REAR;MF4580dn JP;Canon_image\Canon i-SENSYS MF4550d_1583804127401.png
160 ADF ASSY (DADF model);FC0-1746-000;COVER, UPPER;;Canon_image\Canon i-SENSYS MF4550d_1583804127401.png
160 ADF ASSY (DADF model);FC7-6321-000;FLAG, DOCUMENT SCANNER;;Canon_image\Canon i-SENSYS MF4550d_1583804127401.png
160 ADF ASSY (DADF model);FC9-5060-000;BUSHING;;Canon_image\Canon i-SENSYS MF4550d_1583804127401.png
160 ADF ASSY (DADF model);FC6-5210-000;RETAINING RING (E-TYRE);;Canon_image\Canon i-SENSYS MF4550d_1583804127401.png
160 ADF ASSY (DADF model);FC9-1345-000;ELIMINATOR, STATIC CHARGE;;Canon_image\Canon i-SENSYS MF4550d_1583804127401.png
160 ADF ASSY (DADF model);FC8-9210-000;PANEL, COPYBOARD;;Canon_image\Canon i-SENSYS MF4550d_1583804127401.png
160 ADF ASSY (DADF model);FU8-0473-000;GEAR, 24T;;Canon_image\Canon i-SENSYS MF4550d_1583804127401.png
160 ADF ASSY (DADF model);FC8-9251-000;ROLLER, PICK-UP;;Canon_image\Canon i-SENSYS MF4550d_1583804127401.png
160 ADF ASSY (DADF model);FL3-1021-000;HINGE, ADF;;Canon_image\Canon i-SENSYS MF4550d_1583804127401.png
160 ADF ASSY (DADF model);FL3-1023-000;ROLLER, SEPARATION;;Canon_image\Canon i-SENSYS MF4550d_1583804127401.png
160 ADF ASSY (DADF model);FM3-8677-000;OPEN/CLOSE PANEL ASSEMBLY;MF4500 Series EXCEPT JP;Canon_image\Canon i-SENSYS MF4550d_1583804127401.png
160 ADF ASSY (DADF model);FM4-7531-000;OPEN/CLOSE PANEL ASSEMBLY;MF4500 Series JP D500 Series;Canon_image\Canon i-SENSYS MF4550d_1583804127401.png
160 ADF ASSY (DADF model);FM3-8679-000;SEPARATION ROLLER ASSY;;Canon_image\Canon i-SENSYS MF4550d_1583804127401.png
160 ADF ASSY (DADF model);FM4-6913-000;DOCUMENT TRAY ASSEMBLY;;Canon_image\Canon i-SENSYS MF4550d_1583804127401.png
160 ADF ASSY (DADF model);FU5-1552-000;BUSHING;;Canon_image\Canon i-SENSYS MF4550d_1583804127401.png
160 ADF ASSY (DADF model);FU7-2018-000;SPRING, COMPRESSION;;Canon_image\Canon i-SENSYS MF4550d_1583804127401.png
160 ADF ASSY (DADF model);XA9-0476-000;SCREW,TP M3X8;;Canon_image\Canon i-SENSYS MF4550d_1583804127401.png
160 ADF ASSY (DADF model);NPN;ADF ASSY;DADF model;Canon_image\Canon i-SENSYS MF4550d_1583804127401.png
160A ADF ASSY (ADF model);FC0-1744-000;CAP;MF4500 Series;Canon_image\Canon i-SENSYS MF4550d_1583804130224.png
160A ADF ASSY (ADF model);FC0-1805-000;CAP;MF4400 Series;Canon_image\Canon i-SENSYS MF4550d_1583804130224.png
160A ADF ASSY (ADF model);FU5-1552-000;BUSHING;;Canon_image\Canon i-SENSYS MF4550d_1583804130224.png
160A ADF ASSY (ADF model);WG8-5696-000;PHOTO INTERRUPTER, TLP1243;;Canon_image\Canon i-SENSYS MF4550d_1583804130224.png
160A ADF ASSY (ADF model);FC0-1706-000;COVER, SADF;MF4500 Series EXCEPT JP,CN;Canon_image\Canon i-SENSYS MF4550d_1583804130224.png
160A ADF ASSY (ADF model);FC0-1866-000;COVER, SADF;MF4500 Series JP,CN;Canon_image\Canon i-SENSYS MF4550d_1583804130224.png
160A ADF ASSY (ADF model);FC0-1865-000;COVER, SADF;MF4400 Series EXCEPT JP,CN;Canon_image\Canon i-SENSYS MF4550d_1583804130224.png
160A ADF ASSY (ADF model);FC0-1867-000;COVER, SADF;MF4400 Series JP,CN;Canon_image\Canon i-SENSYS MF4550d_1583804130224.png
160A ADF ASSY (ADF model);FC0-1984-000;HINGE, ADF;;Canon_image\Canon i-SENSYS MF4550d_1583804130224.png
160A ADF ASSY (ADF model);FC0-1698-000;PANEL, COPYBOARD;;Canon_image\Canon i-SENSYS MF4550d_1583804130224.png
160A ADF ASSY (ADF model);FM4-6906-000;ADF ASSEMBLY;MF4500 Series;Canon_image\Canon i-SENSYS MF4550d_1583804130224.png
160A ADF ASSY (ADF model);FM4-6944-000;ADF ASSEMBLY;MF4400 Series;Canon_image\Canon i-SENSYS MF4550d_1583804130224.png
160A ADF ASSY (ADF model);FL2-3453-000;ROLLER, SEPARATION;;Canon_image\Canon i-SENSYS MF4550d_1583804130224.png
160A ADF ASSY (ADF model);FM2-3963-000;SEPARATION GUIDE UNIT;;Canon_image\Canon i-SENSYS MF4550d_1583804130224.png
160A ADF ASSY (ADF model);FL3-5066-000;DOCUMENT TRAY ASSEMBLY;MF4500 Series;Canon_image\Canon i-SENSYS MF4550d_1583804130224.png
160A ADF ASSY (ADF model);FL3-5067-000;DOCUMENT TRAY ASSEMBLY;MF4400 Series EXCEPT JP,CN;Canon_image\Canon i-SENSYS MF4550d_1583804130224.png
160A ADF ASSY (ADF model);FL3-5077-000;DOCUMENT TRAY ASSEMBLY;MF4400 Series JP,CN;Canon_image\Canon i-SENSYS MF4550d_1583804130224.png
160A ADF ASSY (ADF model);FM4-6882-000;ADF BASE ASSEMBLY;MF4500 Series;Canon_image\Canon i-SENSYS MF4550d_1583804130224.png
160A ADF ASSY (ADF model);FM4-6948-000;ADF BASE ASSEMBLY;MF4400 Series;Canon_image\Canon i-SENSYS MF4550d_1583804130224.png
160A ADF ASSY (ADF model);XA9-0476-000;SCREW,TP M3X8;;Canon_image\Canon i-SENSYS MF4550d_1583804130224.png
160A ADF ASSY (ADF model);FC6-5210-000;RETAINING RING (E-TYRE);;Canon_image\Canon i-SENSYS MF4550d_1583804130224.png
160A ADF ASSY (ADF model);FK3-1164-000;MOTOR, STEPPING;;Canon_image\Canon i-SENSYS MF4550d_1583804130224.png
160A ADF ASSY (ADF model);NPN;ADF ASSY;ADF model;Canon_image\Canon i-SENSYS MF4550d_1583804130224.png
161 ADF PAPER FEED ASSY (DADF model);FC6-5210-000;RETAINING RING (E-TYRE);;Canon_image\Canon i-SENSYS MF4550d_1583804133332.png
161 ADF PAPER FEED ASSY (DADF model);FU7-2021-000;SPRING, COMPRESSION;;Canon_image\Canon i-SENSYS MF4550d_1583804133332.png
161 ADF PAPER FEED ASSY (DADF model);FC7-6182-000;LEVER, ROLLER RELEASE;;Canon_image\Canon i-SENSYS MF4550d_1583804133332.png
161 ADF PAPER FEED ASSY (DADF model);FC7-6278-000;FLAPPER, PAPER DELIVERY;;Canon_image\Canon i-SENSYS MF4550d_1583804133332.png
161 ADF PAPER FEED ASSY (DADF model);WG8-5696-000;PHOTOINTERRUPTER;;Canon_image\Canon i-SENSYS MF4550d_1583804133332.png
161 ADF PAPER FEED ASSY (DADF model);FC9-1325-000;SPRING,SEPARATION SWING ARM;;Canon_image\Canon i-SENSYS MF4550d_1583804133332.png
161 ADF PAPER FEED ASSY (DADF model);FU6-2249-000;SPRING, COMPRESSION;;Canon_image\Canon i-SENSYS MF4550d_1583804133332.png
161 ADF PAPER FEED ASSY (DADF model);FM4-7532-000;PAPER FEED ROLLER ASSEMBLY;;Canon_image\Canon i-SENSYS MF4550d_1583804133332.png
161 ADF PAPER FEED ASSY (DADF model);FM3-8682-000;PAPER DELIVERY ASSY;;Canon_image\Canon i-SENSYS MF4550d_1583804133332.png
161 ADF PAPER FEED ASSY (DADF model);FU5-1552-000;BUSHING;;Canon_image\Canon i-SENSYS MF4550d_1583804133332.png
161 ADF PAPER FEED ASSY (DADF model);FM3-8685-000;MOTOR DRIVE ASSY;;Canon_image\Canon i-SENSYS MF4550d_1583804133332.png
161 ADF PAPER FEED ASSY (DADF model);FM3-8690-000;PAPER DELIVERY ROLLER ASSY;;Canon_image\Canon i-SENSYS MF4550d_1583804133332.png
161 ADF PAPER FEED ASSY (DADF model);FM3-9491-000;GUIDE ASSEMBLY, UPPER;;Canon_image\Canon i-SENSYS MF4550d_1583804133332.png
161 ADF PAPER FEED ASSY (DADF model);FM4-6919-000;SOLENOID ASSY;;Canon_image\Canon i-SENSYS MF4550d_1583804133332.png
161 ADF PAPER FEED ASSY (DADF model);FM4-6918-000;PAPER FEEDER ASSEMBLY;DADF model;Canon_image\Canon i-SENSYS MF4550d_1583804133332.png
400 READER ASSEMBLY (DADF model);FC7-3630-000;BELT, TIMING;;Canon_image\Canon i-SENSYS MF4550d_1583804137273.png
400 READER ASSEMBLY (DADF model);FK3-1153-000;CONTACT IMAGE SENSOR ASSY;;Canon_image\Canon i-SENSYS MF4550d_1583804137273.png
400 READER ASSEMBLY (DADF model);FK3-1154-000;CABLE, FLAT, SCNT-OP;MF4500 Series;Canon_image\Canon i-SENSYS MF4550d_1583804137273.png
400 READER ASSEMBLY (DADF model);FK3-1157-000;CABLE, FLAT, SCNT-OP;D500 Series;Canon_image\Canon i-SENSYS MF4550d_1583804137273.png
400 READER ASSEMBLY (DADF model);FK3-1160-000;CABLE, FLAT, SCNT-OP;;Canon_image\Canon i-SENSYS MF4550d_1583804137273.png
400 READER ASSEMBLY (DADF model);FL2-5621-000;COPYBOARD GLASS ASSY;;Canon_image\Canon i-SENSYS MF4550d_1583804137273.png
400 READER ASSEMBLY (DADF model);FL3-5062-000;IDLER PULLEY HOLDER ASSY;;Canon_image\Canon i-SENSYS MF4550d_1583804137273.png
400 READER ASSEMBLY (DADF model);FM4-6916-000;CIS DRIVE MOTOR ASSY;;Canon_image\Canon i-SENSYS MF4550d_1583804137273.png
400 READER ASSEMBLY (DADF model);XA9-0476-000;SCREW,TP M3X8;;Canon_image\Canon i-SENSYS MF4550d_1583804137273.png
400 READER ASSEMBLY (DADF model);FC0-1945-000;SPACER, CIS;;Canon_image\Canon i-SENSYS MF4550d_1583804137273.png
400 READER ASSEMBLY (DADF model);FM4-6915-000;READER ASSEMBLY;DADF model MF4500 Series;Canon_image\Canon i-SENSYS MF4550d_1583804137273.png
400 READER ASSEMBLY (DADF model);FM4-7494-000;READER ASSEMBLY;DADF model D500 Series;Canon_image\Canon i-SENSYS MF4550d_1583804137273.png
400A READER ASSEMBLY (ADF model);FC7-3630-000;BELT, TIMING;;Canon_image\Canon i-SENSYS MF4550d_1583804139610.png
400A READER ASSEMBLY (ADF model);FK3-1153-000;CONTACT IMAGE SENSOR ASSY;;Canon_image\Canon i-SENSYS MF4550d_1583804139610.png
400A READER ASSEMBLY (ADF model);FK3-1154-000;CABLE, FLAT, SCNT-OP;FAX model;Canon_image\Canon i-SENSYS MF4550d_1583804139610.png
400A READER ASSEMBLY (ADF model);FK3-1157-000;CABLE, FLAT, SCNT-OP;EXCEPT FAX model;Canon_image\Canon i-SENSYS MF4550d_1583804139610.png
400A READER ASSEMBLY (ADF model);FK3-1160-000;CABLE, FLAT, SCNT-OP;;Canon_image\Canon i-SENSYS MF4550d_1583804139610.png
400A READER ASSEMBLY (ADF model);FL2-8496-000;COPYBOARD GLASS ASSY;;Canon_image\Canon i-SENSYS MF4550d_1583804139610.png
400A READER ASSEMBLY (ADF model);FL3-5062-000;IDLER PULLEY HOLDER ASSY;;Canon_image\Canon i-SENSYS MF4550d_1583804139610.png
400A READER ASSEMBLY (ADF model);FM4-6916-000;CIS DRIVE MOTOR ASSY;;Canon_image\Canon i-SENSYS MF4550d_1583804139610.png
400A READER ASSEMBLY (ADF model);XA9-0476-000;SCREW,TP M3X8;;Canon_image\Canon i-SENSYS MF4550d_1583804139610.png
400A READER ASSEMBLY (ADF model);FC0-1945-000;SPACER, CIS;;Canon_image\Canon i-SENSYS MF4550d_1583804139610.png
400A READER ASSEMBLY (ADF model);FM4-6904-000;READER ASSEMBLY;ADF/FAX model MF4500 Series;Canon_image\Canon i-SENSYS MF4550d_1583804139610.png
400A READER ASSEMBLY (ADF model);FM4-6949-000;READER ASSEMBLY;ADF/FAX model MF4400 Series;Canon_image\Canon i-SENSYS MF4550d_1583804139610.png
400A READER ASSEMBLY (ADF model);FM4-6950-000;READER ASSEMBLY;ADF model MF4400 Series;Canon_image\Canon i-SENSYS MF4550d_1583804139610.png
400B READER ASSEMBLY (COPYBOARD model);FC7-3630-000;BELT, TIMING;;Canon_image\Canon i-SENSYS MF4550d_1583804144422.png
400B READER ASSEMBLY (COPYBOARD model);FK3-1153-000;CONTACT IMAGE SENSOR ASSY;;Canon_image\Canon i-SENSYS MF4550d_1583804144422.png
400B READER ASSEMBLY (COPYBOARD model);FK3-1157-000;CABLE, FLAT, SCNT-OP;;Canon_image\Canon i-SENSYS MF4550d_1583804144422.png
400B READER ASSEMBLY (COPYBOARD model);FK3-1160-000;CABLE, FLAT, SCNT-OP;;Canon_image\Canon i-SENSYS MF4550d_1583804144422.png
400B READER ASSEMBLY (COPYBOARD model);FL2-5621-000;COPYBOARD GLASS ASSY;;Canon_image\Canon i-SENSYS MF4550d_1583804144422.png
400B READER ASSEMBLY (COPYBOARD model);FL3-5062-000;IDLER PULLEY HOLDER ASSY;;Canon_image\Canon i-SENSYS MF4550d_1583804144422.png
400B READER ASSEMBLY (COPYBOARD model);FM4-6916-000;CIS DRIVE MOTOR ASSY;;Canon_image\Canon i-SENSYS MF4550d_1583804144422.png
400B READER ASSEMBLY (COPYBOARD model);XA9-0476-000;SCREW,TP M3X8;;Canon_image\Canon i-SENSYS MF4550d_1583804144422.png
400B READER ASSEMBLY (COPYBOARD model);FC0-1945-000;SPACER, CIS;;Canon_image\Canon i-SENSYS MF4550d_1583804144422.png
400B READER ASSEMBLY (COPYBOARD model);FM4-6921-000;READER ASSEMBLY;COPYBOARD model MF4400 Series;Canon_image\Canon i-SENSYS MF4550d_1583804144422.png
400B READER ASSEMBLY (COPYBOARD model);FM4-6937-000;READER ASSEMBLY;COPYBOARD model D500 Series;Canon_image\Canon i-SENSYS MF4550d_1583804144422.png
