Covers (M14-M17);RM2-2118-000CN;Cartridge door assembly (base model, M14-M17);;HP_image\HP LaserJet M30w Pro MFP_1584149698815.png
Covers (M14-M17);RM2-2119-000CN;Cartridge door assembly (wireless model, M14-M17);;HP_image\HP LaserJet M30w Pro MFP_1584149698815.png
Covers (M14-M17);RM2-2125-000CN;Control panel (base model, M14-M17);;HP_image\HP LaserJet M30w Pro MFP_1584149698815.png
Covers (M14-M17);RM2-2126-000CN;Control panel (wireless model, M14-M17);;HP_image\HP LaserJet M30w Pro MFP_1584149698815.png
Covers (M14-M17);RC5-4247-000CN;Tray, extension (M14-M17);;HP_image\HP LaserJet M30w Pro MFP_1584149698815.png
Covers (M14-M17);RL2-2589-000CN;Tray, paper pickup (base model, M14-M17);;HP_image\HP LaserJet M30w Pro MFP_1584149698815.png
Covers (M14-M17);RL2-2590-000CN;Tray, paper pickup (wireless model, M14-M17);;HP_image\HP LaserJet M30w Pro MFP_1584149698815.png
Covers (M14-M17);RL2-2591-000CN;Tray, paper pickup (base EM model, M14-M17);;HP_image\HP LaserJet M30w Pro MFP_1584149698815.png
Covers (M14-M17);RL2-2592-000CN;Tray, paper pickup (wireless EM model, M14-M17);;HP_image\HP LaserJet M30w Pro MFP_1584149698815.png
Covers (M14-M17);RM2-2105-000CN;Bottom cover assembly (base model, M14-M17);;HP_image\HP LaserJet M30w Pro MFP_1584149698815.png
Covers (M14-M17);RM2-2104-000CN;Bottom cover assembly (wireless model, M14-M17);;HP_image\HP LaserJet M30w Pro MFP_1584149698815.png
Covers (M14-M17);RC5-4239-000CN;Cover, formatter (M14-M17);;HP_image\HP LaserJet M30w Pro MFP_1584149698815.png
Covers (MFP M28-M31);RM2-2136-000CN;Document lid assembly (MFP M28-M31);;HP_image\HP LaserJet M30w Pro MFP_1584149703019.png
Covers (MFP M28-M31);RM2-2133-000CN;Image scanner assembly (base model, MFP M28-M31);;HP_image\HP LaserJet M30w Pro MFP_1584149703019.png
Covers (MFP M28-M31);RM2-2134-000CN;Image scanner assembly (wireless model, MFP M28-M31);;HP_image\HP LaserJet M30w Pro MFP_1584149703019.png
Covers (MFP M28-M31);RM2-2135-000CN;Image scanner assembly (EM model, MFP M28-M31);;HP_image\HP LaserJet M30w Pro MFP_1584149703019.png
Covers (MFP M28-M31);RM2-2515-000CN;Cartridge door assembly (MFP M28-M31);;HP_image\HP LaserJet M30w Pro MFP_1584149703019.png
Covers (MFP M28-M31);RM2-2122-000CN;Cover, top assembly (MFP M28-M31);;HP_image\HP LaserJet M30w Pro MFP_1584149703019.png
Covers (MFP M28-M31);RC52-4941-000CN;Link, hinge (MFP M28-M31);;HP_image\HP LaserJet M30w Pro MFP_1584149703019.png
Covers (MFP M28-M31);RC5-4247-000CN;Tray, extension (MFP M28-M31);;HP_image\HP LaserJet M30w Pro MFP_1584149703019.png
Covers (MFP M28-M31);RL2-2594-000CN;Tray, paper pickup (base model, MFP M28-M31);;HP_image\HP LaserJet M30w Pro MFP_1584149703019.png
Covers (MFP M28-M31);RL2-2595-000CN;Tray, paper pickup (wireless model, MFP M28-M31);;HP_image\HP LaserJet M30w Pro MFP_1584149703019.png
Covers (MFP M28-M31);RL2-2596-000CN;Tray, paper pickup (base EM model, MFP M28-M31);;HP_image\HP LaserJet M30w Pro MFP_1584149703019.png
Covers (MFP M28-M31);RL2-2597-000CN;Tray, paper pickup (wireless EM model, MFP M28-M31);;HP_image\HP LaserJet M30w Pro MFP_1584149703019.png
Covers (MFP M28-M31);RM2-2103-000CN;Bottom cover assembly (MFP M28-M31);;HP_image\HP LaserJet M30w Pro MFP_1584149703019.png
Covers (MFP M28-M31);RC5-4186-000CN;Cover, formatter (MFP M28-M31);;HP_image\HP LaserJet M30w Pro MFP_1584149703019.png
Internal components (1 of 2);RM3-7434-000CN;Cable, flat flexible (M14-M17);;HP_image\HP LaserJet M30w Pro MFP_1584149707614.png
Internal components (1 of 2);RM3-7435-000CN;Cable, flat flexible (MFP M28-M31);;HP_image\HP LaserJet M30w Pro MFP_1584149707614.png
Internal components (1 of 2);RM3-7388-000CN;Engine controller PCA (base model, M14-M17) 220-240V;;HP_image\HP LaserJet M30w Pro MFP_1584149707614.png
Internal components (1 of 2);RM3-7389-000CN;Engine controller PCA (base EM model, M14-M17) 220-240V;;HP_image\HP LaserJet M30w Pro MFP_1584149707614.png
Internal components (1 of 2);RM3-7390-000CN;Engine controller PCA (wireless model, M14-M17) 110-127V;;HP_image\HP LaserJet M30w Pro MFP_1584149707614.png
Internal components (1 of 2);RM3-7391-000CN;Engine controller PCA (wireless model, M14-M17) 220-240V;;HP_image\HP LaserJet M30w Pro MFP_1584149707614.png
Internal components (1 of 2);RM3-7392-000CN;Engine controller PCA (wireless EM model, M14-M17) 220-240V;;HP_image\HP LaserJet M30w Pro MFP_1584149707614.png
Internal components (1 of 2);RM3-7396-000CN;Engine controller PCA (MFP M28-M31) 110-127V;;HP_image\HP LaserJet M30w Pro MFP_1584149707614.png
Internal components (1 of 2);RM3-7397-000CN;Engine controller PCA (MFP M28-M31) 220-240V;;HP_image\HP LaserJet M30w Pro MFP_1584149707614.png
Internal components (1 of 2);RM3-7398-000CN;Engine controller PCA (EM model, MFP M28-M31) 220-240V;;HP_image\HP LaserJet M30w Pro MFP_1584149707614.png
Internal components (1 of 2);RM2-2516-000CN;Roller, paper pickup left;;HP_image\HP LaserJet M30w Pro MFP_1584149707614.png
Internal components (1 of 2);RM2-2517-000CN;Roller, paper pickup right;;HP_image\HP LaserJet M30w Pro MFP_1584149707614.png
Internal components (1 of 2);RM2-2106-000CN;Roller arm, pickup;;HP_image\HP LaserJet M30w Pro MFP_1584149707614.png
Internal components (1 of 2);RM1-4023-000CN;Roller, transfer;;HP_image\HP LaserJet M30w Pro MFP_1584149707614.png
Internal components (1 of 2);W2G50-60001;Formatter PCA (base model, M14-M17);;HP_image\HP LaserJet M30w Pro MFP_1584149707614.png
Internal components (1 of 2);W2G51-60001;Formatter PCA (wireless model, M14-M17);;HP_image\HP LaserJet M30w Pro MFP_1584149707614.png
Internal components (1 of 2);W2G54-60001;Formatter PCA (base model, MFP M28-M31);;HP_image\HP LaserJet M30w Pro MFP_1584149707614.png
Internal components (1 of 2);W2G54-60001;Formatter PCA (wireless model, MFP M28-M31);;HP_image\HP LaserJet M30w Pro MFP_1584149707614.png
Internal components (1 of 2);1150-7969;Wireless PCA;;HP_image\HP LaserJet M30w Pro MFP_1584149707614.png
Internal components (2 of 2);RM2-2131-000CN;Fixing (fuser) assembly (110-127V);;HP_image\HP LaserJet M30w Pro MFP_1584149711762.png
Internal components (2 of 2);RM2-2107-000CN;Fixing (fuser) assembly (220-240V);;HP_image\HP LaserJet M30w Pro MFP_1584149711762.png
Internal components (2 of 2);RM2-2616-000CN;Roller, right holder assembly;;HP_image\HP LaserJet M30w Pro MFP_1584149711762.png
Internal components (2 of 2);RM2-2617-000CN;Roller, left holder assembly;;HP_image\HP LaserJet M30w Pro MFP_1584149711762.png
Internal components (2 of 2);RM2-2132-000CN;Fixing (fuser) film assembly (110-127V);;HP_image\HP LaserJet M30w Pro MFP_1584149711762.png
Internal components (2 of 2);RM2-2130-000CN;Fixing (fuser) film assembly (220-240V);;HP_image\HP LaserJet M30w Pro MFP_1584149711762.png
Internal components (2 of 2);RM3-7431-000CN;Cable, flat flexible;;HP_image\HP LaserJet M30w Pro MFP_1584149711762.png
Internal components (2 of 2);RK2-9869-000CN;Solenoid;;HP_image\HP LaserJet M30w Pro MFP_1584149711762.png
Internal components (2 of 2);RM3-7169-000CN;Door switch PCA;;HP_image\HP LaserJet M30w Pro MFP_1584149711762.png
Internal components (2 of 2);RM3-7430-000CN;Cable, flat flexible;;HP_image\HP LaserJet M30w Pro MFP_1584149711762.png
