Covers;RC2-7670-000CN;Cover, right;;HP_image\HP LaserJet P3015dn_1584167560066.png
Covers;RC2-7672-000CN;Cover, right-front;;HP_image\HP LaserJet P3015dn_1584167560066.png
Covers;RC2-7673-000CN;Cover, right-rear;;HP_image\HP LaserJet P3015dn_1584167560066.png
Covers;RC2-7674-000CN;Cover, DIMM;;HP_image\HP LaserJet P3015dn_1584167560066.png
Covers;RC2-7675-000CN;Cover, handle right;;HP_image\HP LaserJet P3015dn_1584167560066.png
Covers;RC2-7676-000CN;Cover, upper-right (top-right) duplex models;;HP_image\HP LaserJet P3015dn_1584167560066.png
Covers;RC2-7707-000CN;Cover, upper-right (top-right) simplex models;;HP_image\HP LaserJet P3015dn_1584167560066.png
Covers;RC2-7688-000CN;Cover, formatter;;HP_image\HP LaserJet P3015dn_1584167560066.png
Covers;RC2-7677-000CN;Cover, upper-right (top-right) sub duplex models;;HP_image\HP LaserJet P3015dn_1584167560066.png
Covers;RM1-6264-000CN;Cartridge-door assembly;;HP_image\HP LaserJet P3015dn_1584167560066.png
Covers;RM1-6265-000CN;Cover, multipurpose assembly;;HP_image\HP LaserJet P3015dn_1584167560066.png
Covers;RM1-6266-000CN;Multipurpose lifting plate assembly;;HP_image\HP LaserJet P3015dn_1584167560066.png
Covers;RM1-6289-000CN;Cover, top assembly;;HP_image\HP LaserJet P3015dn_1584167560066.png
Covers;RM1-6291-000CN;Cover, left;;HP_image\HP LaserJet P3015dn_1584167560066.png
Covers;RM1-6292-000CN;Cover, rear assembly;;HP_image\HP LaserJet P3015dn_1584167560066.png
Covers;RM1-6518-000CN;Control panel duplex models;;HP_image\HP LaserJet P3015dn_1584167560066.png
Covers;RM1-6519-000CN;Control panel duplex models;;HP_image\HP LaserJet P3015dn_1584167560066.png
Internal assemblies 1;RM1-6284-000CN;Tag holder assembly;;HP_image\HP LaserJet P3015dn_1584167562472.png
Internal assemblies 1;RM1-6322-000CN;Laser/scanner;;HP_image\HP LaserJet P3015dn_1584167562472.png
Internal assemblies 1;WG8-5696-000CN;Photo interrupter, TLP1243;;HP_image\HP LaserJet P3015dn_1584167562472.png
Internal assemblies 1;RC2-7933-000CN;Stopper, bushing arm;;HP_image\HP LaserJet P3015dn_1584167562472.png
Internal assemblies 1;RK2-3103-000CN;Cable, flat;;HP_image\HP LaserJet P3015dn_1584167562472.png
Internal assemblies 2;RK2-1490-000CN;Tray 1 solenoid;;HP_image\HP LaserJet P3015dn_1584167565501.png
Internal assemblies 2;RK2-1492-000CN;Tray 2 solenoid;;HP_image\HP LaserJet P3015dn_1584167565501.png
Internal assemblies 3;RM1-6272-000CN;Registration roller assembly;;HP_image\HP LaserJet P3015dn_1584167571014.png
Internal assemblies 3;RL1-2412-000CN;Roller, multipurpose;;HP_image\HP LaserJet P3015dn_1584167571014.png
Internal assemblies 3;RM1-6315-000CN;Transfer lower guide assembly;;HP_image\HP LaserJet P3015dn_1584167571014.png
Internal assemblies 3;RM1-6279-000CN;Cassette;;HP_image\HP LaserJet P3015dn_1584167571014.png
Internal assemblies 3;RM1-6306-000CN;Base plate roller assembly;;HP_image\HP LaserJet P3015dn_1584167571014.png
Internal assemblies 3;RM1-6321-000CN;Roller, transfer;;HP_image\HP LaserJet P3015dn_1584167571014.png
Internal assemblies 3;RC2-8575-000CN;Pad, multipurpose separation;;HP_image\HP LaserJet P3015dn_1584167571014.png
Internal assemblies 3;RM1-6303-000CN;Separation holder assembly;;HP_image\HP LaserJet P3015dn_1584167571014.png
Internal assemblies 4;RK2-1499-000CN;Fan, sub;;HP_image\HP LaserJet P3015dn_1584167574322.png
Internal assemblies 4;RM1-6263-000CN;Lower paper feed guide duplex models;;HP_image\HP LaserJet P3015dn_1584167574322.png
Internal assemblies 4;RM1-6270-000CN;Paper-feed guide assembly;;HP_image\HP LaserJet P3015dn_1584167574322.png
Internal assemblies 4;RM1-6273-000CN;Position-guide assembly duplex models;;HP_image\HP LaserJet P3015dn_1584167574322.png
Internal assemblies 4;RM1-6280-000CN;High-voltage power supply duplex models;;HP_image\HP LaserJet P3015dn_1584167574322.png
Internal assemblies 4;RM1-6300-000CN;High-voltage power supply simplex models;;HP_image\HP LaserJet P3015dn_1584167574322.png
Internal assemblies 4;RM1-6511-000CN;TOP sensor PCA;;HP_image\HP LaserJet P3015dn_1584167574322.png
Internal assemblies 4;RM1-6512-000CN;Paper width sensor PCA;;HP_image\HP LaserJet P3015dn_1584167574322.png
Internal assemblies 4;RM1-6283-000CN;Switch assembly, power;;HP_image\HP LaserJet P3015dn_1584167574322.png
Internal assemblies 4;RK2-3101-000CN;Cable, flat;;HP_image\HP LaserJet P3015dn_1584167574322.png
Internal assemblies 5;RK2-1497-000CN;Fan, main;;HP_image\HP LaserJet P3015dn_1584167577892.png
Internal assemblies 5;RM1-6268-000CN;Cassette, paper pickup assembly duplex models;;HP_image\HP LaserJet P3015dn_1584167577892.png
Internal assemblies 5;RM1-6299-000CN;Cassette, paper pickup assembly simplex models;;HP_image\HP LaserJet P3015dn_1584167577892.png
Internal assemblies 5;RM1-6271-000CN;Idler roller assembly;;HP_image\HP LaserJet P3015dn_1584167577892.png
Internal assemblies 5;RM1-6510-000CN;Multipurpose sensor PCA;;HP_image\HP LaserJet P3015dn_1584167577892.png
Internal assemblies 5;RM1-6274-000CN;Fuser assembly 110V;;HP_image\HP LaserJet P3015dn_1584167577892.png
Internal assemblies 5;RM1-6319-000CN;Fuser assembly 220V;;HP_image\HP LaserJet P3015dn_1584167577892.png
Internal assemblies 5;RM1-6281-000CN;Engine controller PCA 110V;;HP_image\HP LaserJet P3015dn_1584167577892.png
Internal assemblies 5;RM1-6318-000CN;Engine controller PCA 220V;;HP_image\HP LaserJet P3015dn_1584167577892.png
Internal assemblies 5;RM1-6514-000CN;Front USB PCA;;HP_image\HP LaserJet P3015dn_1584167577892.png
Internal assemblies 5;WC4-5171-000CN;Microswitch;;HP_image\HP LaserJet P3015dn_1584167577892.png
Internal assemblies 5;RM1-6515-000CN;Environmental sensor assembly;;HP_image\HP LaserJet P3015dn_1584167577892.png
Internal assemblies 5;RM1-6313-000CN;Cassette pickup roller;;HP_image\HP LaserJet P3015dn_1584167577892.png
Internal assemblies 5;RK2-2788-000CN;Cable, flat;;HP_image\HP LaserJet P3015dn_1584167577892.png
Internal assemblies 6;RM1-6487-000CN;Tray sensor PCA;;HP_image\HP LaserJet P3015dn_1584167582388.png
Internal assemblies 6;RM1-6296-000CN;Fuser motor assembly;;HP_image\HP LaserJet P3015dn_1584167582388.png
Internal assemblies 6;RM1-6301-000CN;Paper delivery roller assembly;;HP_image\HP LaserJet P3015dn_1584167582388.png
Internal assemblies 6;RM1-6311-000CN;Face-down roller assembly;;HP_image\HP LaserJet P3015dn_1584167582388.png
Internal assemblies 6;WG8-5696-000CN;Photo interrupter, TLP1243;;HP_image\HP LaserJet P3015dn_1584167582388.png
500-sheet input tray (Tray 3 and Tray 4);CE530-69001;Optional 500-sheet tray and feeder unit;;HP_image\HP LaserJet P3015dn_1584167586597.png
500-sheet input tray (Tray 3 and Tray 4);RM1-6306-000CN;Base plate roller assembly;;HP_image\HP LaserJet P3015dn_1584167586597.png
500-sheet input tray (Tray 3 and Tray 4);RM1-6279-000CN;Cassette;;HP_image\HP LaserJet P3015dn_1584167586597.png
500-sheet input tray (Tray 3 and Tray 4);RM1-6313-000CN;Pickup roller set, cassette;;HP_image\HP LaserJet P3015dn_1584167586597.png
500-sheet input tray (Tray 3 and Tray 4);RM1-6303-000CN;Separation holder assembly;;HP_image\HP LaserJet P3015dn_1584167586597.png
