Covers, panels, and doors;RC3-2793-000;Cover, left;;HP_image\HP LaserJet M276n Pro 200 Color MFP_1584149311729.png
Covers, panels, and doors;RC3-2795-000;Cover, rear upper;;HP_image\HP LaserJet M276n Pro 200 Color MFP_1584149311729.png
Covers, panels, and doors;RC3-2658-000;Cover, rear lower;;HP_image\HP LaserJet M276n Pro 200 Color MFP_1584149311729.png
Covers, panels, and doors;RC3-2657-000;Cover, rear right;;HP_image\HP LaserJet M276n Pro 200 Color MFP_1584149311729.png
Covers, panels, and doors;RM1-8795-000;Door, front;;HP_image\HP LaserJet M276n Pro 200 Color MFP_1584149311729.png
Covers, panels, and doors;RM1-8796-000;Cover, upper assembly;;HP_image\HP LaserJet M276n Pro 200 Color MFP_1584149311729.png
Covers, panels, and doors;RM1-8769-000;Cover, front;;HP_image\HP LaserJet M276n Pro 200 Color MFP_1584149311729.png
Covers, panels, and doors;RM1-8797-00;Cover, right;;HP_image\HP LaserJet M276n Pro 200 Color MFP_1584149311729.png
Covers, panels, and doors;RC3-2659-000;Door, rear;;HP_image\HP LaserJet M276n Pro 200 Color MFP_1584149311729.png
Covers, panels, and doors;RC3-2788-000;Cover, right-upper;;HP_image\HP LaserJet M276n Pro 200 Color MFP_1584149311729.png
Covers, panels, and doors;RC3-2800-000;Cover, upper-right;;HP_image\HP LaserJet M276n Pro 200 Color MFP_1584149311729.png
Covers, panels, and doors;CF145-60101;Control-panel assembly;;HP_image\HP LaserJet M276n Pro 200 Color MFP_1584149311729.png
Covers, panels, and doors;CF368-60001;USB PCA;;HP_image\HP LaserJet M276n Pro 200 Color MFP_1584149311729.png
Covers, panels, and doors;RM1-8711-000;Power switch;;HP_image\HP LaserJet M276n Pro 200 Color MFP_1584149311729.png
Internal assemblies 1;RM1-8765-000;Roller, separation assembly;;HP_image\HP LaserJet M276n Pro 200 Color MFP_1584149314874.png
Internal assemblies 1;RM1-8047-000;Roller, pickup assembly;;HP_image\HP LaserJet M276n Pro 200 Color MFP_1584149314874.png
Internal assemblies 1;RM1-8710-000;Fuser power supply assembly (220V-240V);;HP_image\HP LaserJet M276n Pro 200 Color MFP_1584149314874.png
Internal assemblies 1;RM1-8709-000;Fuser power supply assembly (110V-127V);;HP_image\HP LaserJet M276n Pro 200 Color MFP_1584149314874.png
Internal assemblies 1;RC2-2014-000;Cover, holder;;HP_image\HP LaserJet M276n Pro 200 Color MFP_1584149314874.png
Internal assemblies 1;RM1-8772-000;Tray assembly;;HP_image\HP LaserJet M276n Pro 200 Color MFP_1584149314874.png
Internal assemblies 2;RM1-9328-000;Main drive assembly;;HP_image\HP LaserJet M276n Pro 200 Color MFP_1584149317542.png
Internal assemblies 2;RM1-8785-000;Sub drive assembly;;HP_image\HP LaserJet M276n Pro 200 Color MFP_1584149317542.png
Internal assemblies 2;RM1-8704-000;DC controller PCA;;HP_image\HP LaserJet M276n Pro 200 Color MFP_1584149317542.png
Internal assemblies 2;RM1-9012-000;Low voltage power supply assembly (110V-127V);;HP_image\HP LaserJet M276n Pro 200 Color MFP_1584149317542.png
Internal assemblies 2;RM1-9014-000;Low voltage power supply assembly (220V-240V);;HP_image\HP LaserJet M276n Pro 200 Color MFP_1584149317542.png
Internal assemblies 2;RK2-4540-000;Cable, flexible flat (base, network model);;HP_image\HP LaserJet M276n Pro 200 Color MFP_1584149317542.png
Internal assemblies 2;RK2-4255-000;Fan;;HP_image\HP LaserJet M276n Pro 200 Color MFP_1584149317542.png
Internal assemblies 2;RM1-8706-000;PCA, driver assembly;;HP_image\HP LaserJet M276n Pro 200 Color MFP_1584149317542.png
Internal assemblies 2;RK2-4546-000;Cable, flexible flat (network model);;HP_image\HP LaserJet M276n Pro 200 Color MFP_1584149317542.png
Internal assemblies 2;CF224-60001;Formatter PCA;;HP_image\HP LaserJet M276n Pro 200 Color MFP_1584149317542.png
Internal assemblies 2;CF206-60001;Fax PCA (U.S.);;HP_image\HP LaserJet M276n Pro 200 Color MFP_1584149317542.png
Internal assemblies 2;CF207-60001;Fax PCA (Europe);;HP_image\HP LaserJet M276n Pro 200 Color MFP_1584149317542.png
Internal assemblies 2;CF208-60001;Fax PCA (Brazil);;HP_image\HP LaserJet M276n Pro 200 Color MFP_1584149317542.png
Internal assemblies 2;1150-7940;Wireless PCA;;HP_image\HP LaserJet M276n Pro 200 Color MFP_1584149317542.png
Internal assemblies 3;RM1-4482-000;ITB lock lever assembly, left;;HP_image\HP LaserJet M276n Pro 200 Color MFP_1584149323726.png
Internal assemblies 3;RM1-4483-000;ITB lock lever assembly, right;;HP_image\HP LaserJet M276n Pro 200 Color MFP_1584149323726.png
Internal assemblies 3;RM1-8705-000;High voltage PCA;;HP_image\HP LaserJet M276n Pro 200 Color MFP_1584149323726.png
Internal assemblies 3;RM1-8777-000;Intermediate transfer belt assembly (ITB);;HP_image\HP LaserJet M276n Pro 200 Color MFP_1584149323726.png
Internal assemblies 3;RM1-8779-000;Paper feed guide assembly;;HP_image\HP LaserJet M276n Pro 200 Color MFP_1584149323726.png
Internal assemblies 3;RM1-4445-000;Roller, transfer;;HP_image\HP LaserJet M276n Pro 200 Color MFP_1584149323726.png
Internal assemblies 4;RM1-8780-000;Fuser assembly (110V-127V);;HP_image\HP LaserJet M276n Pro 200 Color MFP_1584149328840.png
Internal assemblies 4;RM1-8781-000;Fuser assembly (220V-240V);;HP_image\HP LaserJet M276n Pro 200 Color MFP_1584149328840.png
Internal assemblies 4;RM1-8784-000;Fuser drive assembly;;HP_image\HP LaserJet M276n Pro 200 Color MFP_1584149328840.png
Internal assemblies 4;RM1-8774-000;Cartridge tray assembly;;HP_image\HP LaserJet M276n Pro 200 Color MFP_1584149328840.png
Scanner and document feeder main assemblies;CE538-40044;Document feeder (ADF) motor cover;;HP_image\HP LaserJet M276n Pro 200 Color MFP_1584149331831.png
Scanner and document feeder main assemblies;CF144-60128;Document feeder (ADF) assembly;;HP_image\HP LaserJet M276n Pro 200 Color MFP_1584149331831.png
Scanner and document feeder main assemblies;CF144-60138;Document feeder (ADF) assembly;;HP_image\HP LaserJet M276n Pro 200 Color MFP_1584149331831.png
Scanner and document feeder main assemblies;CF144-60132;Scanner assembly, base;;HP_image\HP LaserJet M276n Pro 200 Color MFP_1584149331831.png
Scanner and document feeder main assemblies;CF144-60130;Scanner assembly;;HP_image\HP LaserJet M276n Pro 200 Color MFP_1584149331831.png
Document feeder internal components;NA;Document feeder (ADF) core assembly;;HP_image\HP LaserJet M276n Pro 200 Color MFP_1584149336256.png
Document feeder internal components;NA;Document feeder (ADF) input tray;;HP_image\HP LaserJet M276n Pro 200 Color MFP_1584149336256.png
Document feeder internal components;NA;Document feeder (ADF) base;;HP_image\HP LaserJet M276n Pro 200 Color MFP_1584149336256.png
Document feeder internal components;NA;Document feeder (ADF) cover, outer;;HP_image\HP LaserJet M276n Pro 200 Color MFP_1584149336256.png
Document feeder internal components;NA;Document feeder (ADF) pick arm assembly;;HP_image\HP LaserJet M276n Pro 200 Color MFP_1584149336256.png
Document feeder internal components;NA;Spring, document feeder (ADF) extension (pre-pick);;HP_image\HP LaserJet M276n Pro 200 Color MFP_1584149336256.png
Document feeder internal components;NA;Shaft, document feeder (ADF) pick extension;;HP_image\HP LaserJet M276n Pro 200 Color MFP_1584149336256.png
Document feeder internal components;NA;Document feeder (ADF) cover, inner;;HP_image\HP LaserJet M276n Pro 200 Color MFP_1584149336256.png
Document feeder internal components;NA;Roller assembly, document feeder (ADF) post-scan pinch;;HP_image\HP LaserJet M276n Pro 200 Color MFP_1584149336256.png
Document feeder internal components;NA;Document feeder (ADF) separation pad assembly;;HP_image\HP LaserJet M276n Pro 200 Color MFP_1584149336256.png
