Covers;RL2-1404-000CN;Cover, output accessory;;HP_image\HP LaserJet M604 Enterprise_1584157142200.png
Covers;RC4-5802-000CN;Cover, formatter;;HP_image\HP LaserJet M604 Enterprise_1584157142200.png
Covers;RC4-5837-000CN;Cover, right front;;HP_image\HP LaserJet M604 Enterprise_1584157142200.png
Covers;RM2-6327-000CN;PCA, switch;;HP_image\HP LaserJet M604 Enterprise_1584157142200.png
Covers;RM2-6310-000CN;Cover, duplexing;;HP_image\HP LaserJet M604 Enterprise_1584157142200.png
Covers;RC4-5872-000CN;Cover, legal;;HP_image\HP LaserJet M604 Enterprise_1584157142200.png
Covers;RM2-6298-000CN;Face-up tray assembly;;HP_image\HP LaserJet M604 Enterprise_1584157142200.png
Covers;E6B67-67927;Cover, front (M604)1;;HP_image\HP LaserJet M604 Enterprise_1584157142200.png
Covers;E6B69-67901;Cover, front (M605)1;;HP_image\HP LaserJet M604 Enterprise_1584157142200.png
Covers;E6B72-67901;Cover, front (M606)1;;HP_image\HP LaserJet M604 Enterprise_1584157142200.png
Covers;RM2-6311-000CN;Cover, right;;HP_image\HP LaserJet M604 Enterprise_1584157142200.png
Covers;RM2-6312-000CN;Cover, left;;HP_image\HP LaserJet M604 Enterprise_1584157142200.png
Covers;RM2-6307-000CN;Cover, top (M605n, M605dn, and M606dn);;HP_image\HP LaserJet M604 Enterprise_1584157142200.png
Covers;RM2-6919-000CN;Cover, top (M604n and M604dn);;HP_image\HP LaserJet M604 Enterprise_1584157142200.png
Covers;RM2-6306-000CN;Cover, top (M605x and M606x);;HP_image\HP LaserJet M604 Enterprise_1584157142200.png
Covers;RC4-5803-000CN;Cover, HIP;;HP_image\HP LaserJet M604 Enterprise_1584157142200.png
Covers;RM2-6333-000CN;Switch button assembly;;HP_image\HP LaserJet M604 Enterprise_1584157142200.png
Covers;RM2-7682-000CN;Control panel (M604n, M604dn, M605n, M605dn, and M606dn);;HP_image\HP LaserJet M604 Enterprise_1584157142200.png
Covers;RC4-5804-000CN;Cover, right rear;;HP_image\HP LaserJet M604 Enterprise_1584157142200.png
Covers;E6B67-67914;Control panel (M605x and M606x);;HP_image\HP LaserJet M604 Enterprise_1584157142200.png
Internal components (1 of 3);RL1-1667-000CN;Cover, envelope;;HP_image\HP LaserJet M604 Enterprise_1584157146831.png
Internal components (1 of 3);E6B67-67904;Transfer roller kit;;HP_image\HP LaserJet M604 Enterprise_1584157146831.png
Internal components (1 of 3);RM1-8411-010CN;Paper feed roller assembly;;HP_image\HP LaserJet M604 Enterprise_1584157146831.png
Internal components (1 of 3);RM1-8413-000CN;Registration assembly;;HP_image\HP LaserJet M604 Enterprise_1584157146831.png
Internal components (1 of 3);RM1-8358-000CN;Drum motor assembly;;HP_image\HP LaserJet M604 Enterprise_1584157146831.png
Internal components (1 of 3);RM1-4525-000CN;Size detect assembly;;HP_image\HP LaserJet M604 Enterprise_1584157146831.png
Internal components (1 of 3);E6B67-67926;Torque limiter kit;;HP_image\HP LaserJet M604 Enterprise_1584157146831.png
Internal components (1 of 3);E6B67-67905;Roller, paper feed (part of Tray 2-6 roller kit);;HP_image\HP LaserJet M604 Enterprise_1584157146831.png
Internal components (1 of 3);RM2-6296-000CN;Cassette (Tray 2 only);If replacing the tray for the 500-sheet feeder, order part number RM2-6275-000CN.;HP_image\HP LaserJet M604 Enterprise_1584157146831.png
Internal components (1 of 3);RM2-6920-000CN;Drum drive assembly;;HP_image\HP LaserJet M604 Enterprise_1584157146831.png
Internal components (1 of 3);E6B69-60001;PCA, formatter;;HP_image\HP LaserJet M604 Enterprise_1584157146831.png
Internal components (1 of 3);RM2-6323-000CN;Multi-purpose (Tray 1) pickup assembly;;HP_image\HP LaserJet M604 Enterprise_1584157146831.png
Internal components (1 of 3);1150-7968;Wireless PCA, embedded;;HP_image\HP LaserJet M604 Enterprise_1584157146831.png
Internal components (1 of 3);B5L24-60002;Near field communication (NFC) PCA, embedded;;HP_image\HP LaserJet M604 Enterprise_1584157146831.png
Internal components (2 of 3);RM1-8406-000CN;Laser scanner assembly;;HP_image\HP LaserJet M604 Enterprise_1584157151322.png
Internal components (2 of 3);RM1-8285-000CN;Paper feed motor assembly;;HP_image\HP LaserJet M604 Enterprise_1584157151322.png
Internal components (2 of 3);RC1-0213-000CN;Spring, compression;;HP_image\HP LaserJet M604 Enterprise_1584157151322.png
Internal components (2 of 3);RL2-1409-000CN;Solenoid;;HP_image\HP LaserJet M604 Enterprise_1584157151322.png
Internal components (2 of 3);E6B67-67905;Roller, paper pickup (part of Tray 2-6 roller kit);;HP_image\HP LaserJet M604 Enterprise_1584157151322.png
Internal components (2 of 3);E6B67-67905;Roller, paper feed (part of Tray 2-6 roller kit);;HP_image\HP LaserJet M604 Enterprise_1584157151322.png
Internal components (2 of 3);RM1-8415-000CN;Paper pickup drive assembly;;HP_image\HP LaserJet M604 Enterprise_1584157151322.png
Internal components (2 of 3);RM1-4539-000CN;Tag holder assembly;;HP_image\HP LaserJet M604 Enterprise_1584157151322.png
Internal components (2 of 3);RM2-7687-000CN;Feeder sensor cable assembly;;HP_image\HP LaserJet M604 Enterprise_1584157151322.png
Internal components (2 of 3);RL1-3020-000CN;Shaft, retard drive;;HP_image\HP LaserJet M604 Enterprise_1584157151322.png
Internal components (2 of 3);RM1-8311-000CN;Cable, feed motor;;HP_image\HP LaserJet M604 Enterprise_1584157151322.png
Internal components (2 of 3);RM1-8340-000CN;Cable, laser;;HP_image\HP LaserJet M604 Enterprise_1584157151322.png
Internal components (2 of 3);RM1-8424-000CN;Paper feed shaft assembly;;HP_image\HP LaserJet M604 Enterprise_1584157151322.png
Internal components (2 of 3);RU5-0040-000CN;Gear, 23T;;HP_image\HP LaserJet M604 Enterprise_1584157151322.png
Internal components (2 of 3);RU5-0088-000CN;Gear, 18T;;HP_image\HP LaserJet M604 Enterprise_1584157151322.png
Internal components (2 of 3);XD9-0233-010CN;Ring, E;;HP_image\HP LaserJet M604 Enterprise_1584157151322.png
Internal components (2 of 3);RC3-1403-000CN;Bushing;;HP_image\HP LaserJet M604 Enterprise_1584157151322.png
Internal components (2 of 3);RC1-0214-000CN;Bushing;;HP_image\HP LaserJet M604 Enterprise_1584157151322.png
Internal components (2 of 3);XD9-0232-010CN;Ring, E;;HP_image\HP LaserJet M604 Enterprise_1584157151322.png
Internal components (2 of 3);VS1-7500-006CN;Connector, drawer, 6P;;HP_image\HP LaserJet M604 Enterprise_1584157151322.png
Internal components (3 of 3);E6B67-67901;Fuser kit (110V);;HP_image\HP LaserJet M604 Enterprise_1584157155780.png
Internal components (3 of 3);E6B67-67902;Fuser kit (220V);;HP_image\HP LaserJet M604 Enterprise_1584157155780.png
Internal components (3 of 3);RM2-6319-000CN;Paper delivery assembly;;HP_image\HP LaserJet M604 Enterprise_1584157155780.png
Internal components (3 of 3);RM1-8438-000CN;Environmental sensor assembly;;HP_image\HP LaserJet M604 Enterprise_1584157155780.png
Internal components (3 of 3);RK2-1988-000CN;Fan (FN101);;HP_image\HP LaserJet M604 Enterprise_1584157155780.png
Internal components (3 of 3);RK2-1989-000CN;Fan (FN102);;HP_image\HP LaserJet M604 Enterprise_1584157155780.png
Internal components (3 of 3);RK2-3244-000CN;Fan (FN103);;HP_image\HP LaserJet M604 Enterprise_1584157155780.png
Internal components (3 of 3);RK2-1992-000CN;Fan (FN104);;HP_image\HP LaserJet M604 Enterprise_1584157155780.png
Internal components (3 of 3);RK2-6768-000CN;Cable, flexible flat;;HP_image\HP LaserJet M604 Enterprise_1584157155780.png
Internal components (3 of 3);WC2-5637-000CN;Switch, push;;HP_image\HP LaserJet M604 Enterprise_1584157155780.png
Internal components (3 of 3);RM2-7643-000CN;PCA, DC controller;;HP_image\HP LaserJet M604 Enterprise_1584157155780.png
Internal components (3 of 3);RM1-8928-000CN;Fuser (fixing) motor assembly;;HP_image\HP LaserJet M604 Enterprise_1584157155780.png
Internal components (3 of 3);WG8-5849-000CN;IC, photo interrupter;;HP_image\HP LaserJet M604 Enterprise_1584157155780.png
Internal components (3 of 3);RK2-6761-000CN;Cable, HIP;;HP_image\HP LaserJet M604 Enterprise_1584157155780.png
Internal components (3 of 3);RM2-6335-000CN;Lifter drive assembly;;HP_image\HP LaserJet M604 Enterprise_1584157155780.png
Internal components (3 of 3);RM2-6328-000CN;Easy-access USB;;HP_image\HP LaserJet M604 Enterprise_1584157155780.png
Internal components (3 of 3);RM2-7645-000CN;PCA, memory (island of data);;HP_image\HP LaserJet M604 Enterprise_1584157155780.png
Internal components (3 of 3);RC1-0136-000CN;Locking bushing, paper delivery;;HP_image\HP LaserJet M604 Enterprise_1584157155780.png
Internal components (3 of 3);RM1-5088-000CN;Cable, fuser (fixing) motor;;HP_image\HP LaserJet M604 Enterprise_1584157155780.png
Internal components (3 of 3);RM1-8344-000CN;Cable, door switch;;HP_image\HP LaserJet M604 Enterprise_1584157155780.png
Internal components (3 of 3);RM2-6318-000CN;Paper delivery drive assembly;;HP_image\HP LaserJet M604 Enterprise_1584157155780.png
Internal components (3 of 3);RU7-0295-000CN;Gear 23T/19T;;HP_image\HP LaserJet M604 Enterprise_1584157155780.png
Internal components (3 of 3);RM2-6231-000CN;Fuser drive assembly;;HP_image\HP LaserJet M604 Enterprise_1584157155780.png
Power supply assembly;RM1-4548-000CN;Paper feed assembly;;HP_image\HP LaserJet M604 Enterprise_1584157161763.png
Power supply assembly;RM2-6301-000CN;Power supply assembly (110V);;HP_image\HP LaserJet M604 Enterprise_1584157161763.png
Power supply assembly;RM2-6349-000CN;Power supply assembly (220V);;HP_image\HP LaserJet M604 Enterprise_1584157161763.png
Power supply assembly;VS1-7514-006CN;Connector, drawer 6P;;HP_image\HP LaserJet M604 Enterprise_1584157161763.png
Power supply assembly;RM1-8348-000CN;Cable, inlet;;HP_image\HP LaserJet M604 Enterprise_1584157161763.png
Multi-purpose (Tray 1) pickup assembly;E6B67-67906;Roller, paper pickup (part of Tray 1 roller kit);;HP_image\HP LaserJet M604 Enterprise_1584157167878.png
Multi-purpose (Tray 1) pickup assembly;E6B67-67906;Roller, paper feed (part of Tray 1 roller kit);;HP_image\HP LaserJet M604 Enterprise_1584157167878.png
Multi-purpose (Tray 1) pickup assembly;E6B67-67906;Roller, separation (part of Tray 1 roller kit);;HP_image\HP LaserJet M604 Enterprise_1584157167878.png
Duplexer;RC4-5907-000CN;Deflector, paper re-pickup (duplexer);;HP_image\HP LaserJet M604 Enterprise_1584157170854.png
Duplexer;RC2-2599-000CN;Guide, paper re-pickup, lower (duplexer);;HP_image\HP LaserJet M604 Enterprise_1584157170854.png
Duplexer;RC2-2602-000CN;Guide, paper re-pickup, upper (duplexer);;HP_image\HP LaserJet M604 Enterprise_1584157170854.png
Duplexer;RC4-5905-000CN;Cover, left (duplexer);;HP_image\HP LaserJet M604 Enterprise_1584157170854.png
Duplexer;RC4-5903-000CN;Cover, right (duplexer);;HP_image\HP LaserJet M604 Enterprise_1584157170854.png
Duplexer;RC4-5906-000CN;Cover, upper (duplexer);;HP_image\HP LaserJet M604 Enterprise_1584157170854.png
Duplexer;RC4-5904-000CN;Cover, rear (duplexer);;HP_image\HP LaserJet M604 Enterprise_1584157170854.png
Duplexer;RK2-7885-000CN;Motor, stepping, DC24V (duplexer);;HP_image\HP LaserJet M604 Enterprise_1584157170854.png
Duplexer;RK2-2016-000CN;Fan (duplexer);;HP_image\HP LaserJet M604 Enterprise_1584157170854.png
Duplexer;RK2-2139-000CN;Motor, stepping, DC24V (duplexer);;HP_image\HP LaserJet M604 Enterprise_1584157170854.png
Duplexer;WG8-5849-000CN;Photo interrupter (duplexer);;HP_image\HP LaserJet M604 Enterprise_1584157170854.png
Duplexer;RM2-7656-000CN;PCA (duplexer);;HP_image\HP LaserJet M604 Enterprise_1584157170854.png
Envelope feeder covers and panels;RM1-9032-000CN;Cable, interface (envelope feeder);;HP_image\HP LaserJet M604 Enterprise_1584157175011.png
Envelope feeder covers and panels;RC4-6890-000CN;Cover, lower (envelope feeder);;HP_image\HP LaserJet M604 Enterprise_1584157175011.png
Envelope feeder covers and panels;RC4-6891-000CN;Tray, extension (envelope feeder);;HP_image\HP LaserJet M604 Enterprise_1584157175011.png
Envelope feeder covers and panels;RC4-6107-000CN;Guide, width limit, right (envelope feeder);;HP_image\HP LaserJet M604 Enterprise_1584157175011.png
Envelope feeder covers and panels;RM2-6171-000CN;Paper side end assembly (envelope feeder);;HP_image\HP LaserJet M604 Enterprise_1584157175011.png
Envelope feeder covers and panels;RM2-6728-000CN;Weight assembly (envelope feeder);;HP_image\HP LaserJet M604 Enterprise_1584157175011.png
Envelope feeder internal components (1 of 2);WG8-5624-000CN;IC, photo interrupter (envelope feeder);;HP_image\HP LaserJet M604 Enterprise_1584157180946.png
Envelope feeder internal components (1 of 2);RM1-5224-000CN;Roller, separation (envelope feeder);;HP_image\HP LaserJet M604 Enterprise_1584157180946.png
Envelope feeder internal components (1 of 2);RC2-5701-000CN;Roller, paper feed (envelope feeder);;HP_image\HP LaserJet M604 Enterprise_1584157180946.png
Envelope feeder internal components (1 of 2);RM1-5223-000CN;Roller, paper feed assembly (envelope feeder);;HP_image\HP LaserJet M604 Enterprise_1584157180946.png
Envelope feeder internal components (1 of 2);RM1-5221-000CN;Roller, paper pickup assembly (envelope feeder);;HP_image\HP LaserJet M604 Enterprise_1584157180946.png
Envelope feeder internal components (1 of 2);RC2-5700-000CN;Roller, paper pickup (envelope feeder);;HP_image\HP LaserJet M604 Enterprise_1584157180946.png
Envelope feeder internal components (2 of 2);RK2-2162-000CN;Motor, stepping, DC24V (envelope feeder);;HP_image\HP LaserJet M604 Enterprise_1584157185427.png
Envelope feeder internal components (2 of 2);RM2-8651-000CN;PCA, envelope controller (envelope feeder);;HP_image\HP LaserJet M604 Enterprise_1584157185427.png
Envelope feeder internal components (2 of 2);RM1-5222-000CN;Joint shaft assembly (envelope feeder);;HP_image\HP LaserJet M604 Enterprise_1584157185427.png
500-sheet feeder covers;RC4-5897-000CN;Cover, front right (500-sheet feeder);;HP_image\HP LaserJet M604 Enterprise_1584157188381.png
500-sheet feeder covers;RC4-5896-000CN;Cover, right (500-sheet feeder);;HP_image\HP LaserJet M604 Enterprise_1584157188381.png
500-sheet feeder covers;RC4-5895-000CN;Cover, left (500-sheet feeder);;HP_image\HP LaserJet M604 Enterprise_1584157188381.png
500-sheet feeder covers;RC4-5902-000CN;Cover, rear (500-sheet feeder);;HP_image\HP LaserJet M604 Enterprise_1584157188381.png
500-sheet feeder covers;RC4-5872-000CN;Cover, legal (500-sheet feeder);;HP_image\HP LaserJet M604 Enterprise_1584157188381.png
500-sheet feeder covers;RC4-5894-000CN;Cover, front (500-sheet feeder);;HP_image\HP LaserJet M604 Enterprise_1584157188381.png
500-sheet feeder covers;RC4-5900-000CN;Cover, lock (500-sheet feeder);;HP_image\HP LaserJet M604 Enterprise_1584157188381.png
500-sheet feeder main body;RL2-1410-000CN;Solenoid (500-sheet feeder);;HP_image\HP LaserJet M604 Enterprise_1584157194695.png
500-sheet feeder main body;RM1-4525-000CN;Size detect assembly (500-sheet feeder);;HP_image\HP LaserJet M604 Enterprise_1584157194695.png
500-sheet feeder main body;E6B67-67905;Roller, paper feed (500-sheet feeder part of Tray 2-6 roller kit);;HP_image\HP LaserJet M604 Enterprise_1584157194695.png
500-sheet feeder main body;RM2-6280-000CN;Top plate front assembly (500-sheet feeder);;HP_image\HP LaserJet M604 Enterprise_1584157194695.png
500-sheet feeder main body;RM2-6275-000CN;Cassette (500-sheet feeder);;HP_image\HP LaserJet M604 Enterprise_1584157194695.png
500-sheet feeder main body;RM1-8441-000CN;Pickup drive side plate assembly (500-sheet feeder);;HP_image\HP LaserJet M604 Enterprise_1584157194695.png
500-sheet feeder main body;E6B67-67926;Torque limiter kit (500-sheet feeder);;HP_image\HP LaserJet M604 Enterprise_1584157194695.png
500-sheet feeder main body;RM2-7646-000CN;PCA (500-sheet feeder);;HP_image\HP LaserJet M604 Enterprise_1584157194695.png
500-sheet feeder main body;VS1-7500-006CN;Connector, drawer, 6P (500-sheet feeder);;HP_image\HP LaserJet M604 Enterprise_1584157194695.png
500-sheet feeder main body;RM2-6278-000CN;Lifter drive assembly (500-sheet feeder);;HP_image\HP LaserJet M604 Enterprise_1584157194695.png
500-sheet feeder main body;E6B67-67905;Roller, paper pickup (500-sheet feeder part of Tray 2-6 roller kit);;HP_image\HP LaserJet M604 Enterprise_1584157194695.png
500-sheet feeder main body;VS1-7500-006CN;Connector, drawer, 6P (500-sheet feeder);;HP_image\HP LaserJet M604 Enterprise_1584157194695.png
1,500-sheet feeder covers and panels;E6B67-67926;Torque limiter kit(1,500-sheet feeder);;HP_image\HP LaserJet M604 Enterprise_1584157198172.png
1,500-sheet feeder covers and panels;RC4-5900-000CN;Cover, lock (1,500-sheet feeder);;HP_image\HP LaserJet M604 Enterprise_1584157198172.png
1,500-sheet feeder covers and panels;RC4-5980-000CN;Cover, left (1,500-sheet feeder);;HP_image\HP LaserJet M604 Enterprise_1584157198172.png
1,500-sheet feeder covers and panels;RC4-5981-000CN;Cover, right (1,500-sheet feeder);;HP_image\HP LaserJet M604 Enterprise_1584157198172.png
1,500-sheet feeder covers and panels;RC4-5989-000CN;Cover, rear (1,500-sheet feeder);;HP_image\HP LaserJet M604 Enterprise_1584157198172.png
1,500-sheet feeder covers and panels;E6B67-67905;Roller, paper feed (1,500-sheet feeder part of Tray 2-6 roller kit);;HP_image\HP LaserJet M604 Enterprise_1584157198172.png
1,500-sheet feeder covers and panels;RM2-6037-000CN;Door, front (1,500-sheet feeder);;HP_image\HP LaserJet M604 Enterprise_1584157198172.png
1,500-sheet feeder main body (1 of 2);RH7-1603-020CN;Motor, stepping (1,500-sheet feeder);;HP_image\HP LaserJet M604 Enterprise_1584157204519.png
1,500-sheet feeder main body (1 of 2);WC2-5806-000CN;Switch, push (1,500-sheet feeder);;HP_image\HP LaserJet M604 Enterprise_1584157204519.png
1,500-sheet feeder main body (1 of 2);VS1-7500-006CN;Connector, drawer, 6P (1,500-sheet feeder);;HP_image\HP LaserJet M604 Enterprise_1584157204519.png
1,500-sheet feeder main body (1 of 2);RM2-6045-000CN;Paper pickup drive assembly (1,500-sheet feeder);;HP_image\HP LaserJet M604 Enterprise_1584157204519.png
1,500-sheet feeder main body (1 of 2);RM2-7647-000CN;PCA, paper deck (1,500-sheet feeder);;HP_image\HP LaserJet M604 Enterprise_1584157204519.png
1,500-sheet feeder main body (1 of 2);RM2-6044-000CN;Lifter drive assembly (1,500-sheet feeder);;HP_image\HP LaserJet M604 Enterprise_1584157204519.png
1,500-sheet feeder main body (2 of 2);RM1-5261-000CN;Paper size detect assembly (1,500-sheet feeder);;HP_image\HP LaserJet M604 Enterprise_1584157211073.png
1,500-sheet feeder paper pickup assembly;E6B67-67905;Roller, paper feed (1,500-sheet feeder part of Tray 2-6 roller kit);;HP_image\HP LaserJet M604 Enterprise_1584157214143.png
1,500-sheet feeder paper pickup assembly;E6B67-67905;Roller, paper pickup (1,500-sheet feeder part of Tray 2-6 roller kit);;HP_image\HP LaserJet M604 Enterprise_1584157214143.png
1,500-sheet feeder paper pickup assembly;RM2-6042-000CN;Paper detect sensor assembly (1,500-sheet feeder);;HP_image\HP LaserJet M604 Enterprise_1584157214143.png
1,500-sheet feeder paper pickup assembly;WG8-5849-000CN;IC, photo interrupter (1,500-sheet feeder);;HP_image\HP LaserJet M604 Enterprise_1584157214143.png
5-bin mailbox covers and panels;RC4-6204-000CN;Cover, front (5-bin mailbox);;HP_image\HP LaserJet M604 Enterprise_1584157220759.png
5-bin mailbox covers and panels;RL2-1349-000CN;Cover, top (5-bin mailbox);;HP_image\HP LaserJet M604 Enterprise_1584157220759.png
5-bin mailbox covers and panels;RM2-6241-000CN;Cover, left (5-bin mailbox);;HP_image\HP LaserJet M604 Enterprise_1584157220759.png
5-bin mailbox covers and panels;RM2-6242-000CN;Cover, right (5-bin mailbox);;HP_image\HP LaserJet M604 Enterprise_1584157220759.png
5-bin mailbox covers and panels;RM2-6243-000CN;Door, rear (5-bin mailbox);;HP_image\HP LaserJet M604 Enterprise_1584157220759.png
5-bin mailbox covers and panels;RM1-5270-000CN;Solenoid assembly, IN (5-bin mailbox);;HP_image\HP LaserJet M604 Enterprise_1584157220759.png
5-bin mailbox covers and panels;RL1-1703-000CN;Joint, left (5-bin mailbox);;HP_image\HP LaserJet M604 Enterprise_1584157220759.png
5-bin mailbox covers and panels;RL1-1704-000CN;Joint, right (5-bin mailbox);;HP_image\HP LaserJet M604 Enterprise_1584157220759.png
5-bin mailbox covers and panels;RL1-2232-000CN;Lever, IN flapper link (5-bin mailbox);;HP_image\HP LaserJet M604 Enterprise_1584157220759.png
5-bin mailbox covers and panels;VS1-7500-008CN;Connector, 8P (5-bin mailbox);;HP_image\HP LaserJet M604 Enterprise_1584157220759.png
5-bin mailbox main body (1 of 2);RM1-5269-000CN;Paper sensing flag assembly(5-bin mailbox);;HP_image\HP LaserJet M604 Enterprise_1584157226336.png
5-bin mailbox main body (1 of 2);RM1-4665-000CN;Top bin flapper assembly (5-bin mailbox);;HP_image\HP LaserJet M604 Enterprise_1584157226336.png
5-bin mailbox main body (1 of 2);RM1-4666-000CN;Bin flapper assembly (5-bin mailbox);;HP_image\HP LaserJet M604 Enterprise_1584157226336.png
5-bin mailbox main body (1 of 2);RM1-4667-000CN;Center bin flapper assembly (5-bin mailbox);;HP_image\HP LaserJet M604 Enterprise_1584157226336.png
5-bin mailbox main body (1 of 2);RM1-5266-000CN;Bin solenoid assembly (5-bin mailbox);;HP_image\HP LaserJet M604 Enterprise_1584157226336.png
5-bin mailbox main body (1 of 2);RL1-1709-000CN;Solenoid (5-bin mailbox);;HP_image\HP LaserJet M604 Enterprise_1584157226336.png
5-bin mailbox main body (1 of 2);RM2-6248-000CN;Bin assembly (5-bin mailbox);;HP_image\HP LaserJet M604 Enterprise_1584157226336.png
5-bin mailbox main body (2 of 2);RM1-5267-000CN;Drive assembly (5-bin mailbox);;HP_image\HP LaserJet M604 Enterprise_1584157232545.png
5-bin mailbox main body (2 of 2);RM1-5096-000CN;Sensor assembly (5-bin mailbox);;HP_image\HP LaserJet M604 Enterprise_1584157232545.png
5-bin mailbox main body (2 of 2);RM2-7648-000CN;PCA (5-bin mailbox);;HP_image\HP LaserJet M604 Enterprise_1584157232545.png
5-bin mailbox main body (2 of 2);RM2-6244-000CN;Cable guide assembly (5-bin mailbox);;HP_image\HP LaserJet M604 Enterprise_1584157232545.png
Stacker and stapler/stacker covers and panels;RC4-6162-000CN;Cover, top (stapler/stacker);;HP_image\HP LaserJet M604 Enterprise_1584157237987.png
Stacker and stapler/stacker covers and panels;RC4-6180-000CN;Cover, top (stacker);;HP_image\HP LaserJet M604 Enterprise_1584157237987.png
Stacker and stapler/stacker covers and panels;RC4-6161-000CN;Cover, right rear (stapler/stacker);;HP_image\HP LaserJet M604 Enterprise_1584157237987.png
Stacker and stapler/stacker covers and panels;RC4-6181-000CN;Cover, right rear (stacker);;HP_image\HP LaserJet M604 Enterprise_1584157237987.png
Stacker and stapler/stacker covers and panels;RC4-6158-000CN;Cover, left (stacker and stapler/stacker);;HP_image\HP LaserJet M604 Enterprise_1584157237987.png
Stacker and stapler/stacker covers and panels;RL2-1334-000CN;Cover, front (stacker and stapler/stacker);;HP_image\HP LaserJet M604 Enterprise_1584157237987.png
Stacker and stapler/stacker covers and panels;RL1-2232-000CN;Lever, IN flapper link (stacker and stapler/stacker);;HP_image\HP LaserJet M604 Enterprise_1584157237987.png
Stacker and stapler/stacker covers and panels;RM2-6199-000CN;Tray assembly (stacker and stapler/stacker);;HP_image\HP LaserJet M604 Enterprise_1584157237987.png
Stacker and stapler/stacker covers and panels;RM2-6200-000CN;Cover, right front (stacker and stapler/stacker);;HP_image\HP LaserJet M604 Enterprise_1584157237987.png
Stacker and stapler/stacker covers and panels;RM2-6201-000CN;Cover, rear (stacker and stapler/stacker);;HP_image\HP LaserJet M604 Enterprise_1584157237987.png
Stacker and stapler/stacker covers and panels;RL1-1703-000CN;Joint, left (stacker and stapler/stacker);;HP_image\HP LaserJet M604 Enterprise_1584157237987.png
Stacker and stapler/stacker covers and panels;RL1-1704-000CN;Joint, right (stacker and stapler/stacker);;HP_image\HP LaserJet M604 Enterprise_1584157237987.png
Stacker and stapler/stacker covers and panels;VS1-7500-008CN;Connector, 8P (stacker and stapler/stacker);;HP_image\HP LaserJet M604 Enterprise_1584157237987.png
Stacker and stapler/stacker covers and panels;RM1-5270-000CN;Solenoid assembly, IN (stacker and stapler/stacker);;HP_image\HP LaserJet M604 Enterprise_1584157237987.png
Stapler/stacker main body;RK2-2025-000CN;Motor, stepping, DC24V (stapler/stacker);;HP_image\HP LaserJet M604 Enterprise_1584157243481.png
Stapler/stacker main body;RM2-7649-000CN;PCA, driver (stapler/stacker);;HP_image\HP LaserJet M604 Enterprise_1584157243481.png
Stapler/stacker main body;RM2-6202-000CN;Stapler assembly (stapler/stacker);;HP_image\HP LaserJet M604 Enterprise_1584157243481.png
Stapler/stacker main body;RM1-1166-000CN;Paper full sensor assembly (stapler/stacker);;HP_image\HP LaserJet M604 Enterprise_1584157243481.png
Stapler/stacker main body;RM1-4827-000CN;Stapler mount assembly (stapler/stacker);;HP_image\HP LaserJet M604 Enterprise_1584157243481.png
Stapler/stacker main body;RK2-2027-000CN;Motor, stepping, DC24V (stapler/stacker);;HP_image\HP LaserJet M604 Enterprise_1584157243481.png
Stapler/stacker main body;RL1-0506-000CN;Solenoid(stapler/stacker);;HP_image\HP LaserJet M604 Enterprise_1584157243481.png
Stapler/stacker main body;RM2-6198-000CN;Jog assembly (stapler/stacker);;HP_image\HP LaserJet M604 Enterprise_1584157243481.png
Stacker main body;RK2-2025-000CN;Motor, stepping, DC24V(stacker);;HP_image\HP LaserJet M604 Enterprise_1584157247644.png
Stacker main body;RM2-7650-000CN;PCA, driver (stacker);;HP_image\HP LaserJet M604 Enterprise_1584157247644.png
Stacker main body;RM1-4676-000CN;Stapler mount assembly (stacker);;HP_image\HP LaserJet M604 Enterprise_1584157247644.png
Stacker main body;RM1-1166-000CN;Paper full sensor assembly (stacker);;HP_image\HP LaserJet M604 Enterprise_1584157247644.png
Stapler/stacker middle assembly (1 of 2);RM1-0239-000CN;Paper sensing flag assembly (stapler/stacker);;HP_image\HP LaserJet M604 Enterprise_1584157253960.png
Stapler/stacker middle assembly (1 of 2);RM1-0246-030CN;Paper upper guide assembly (stapler/stacker);;HP_image\HP LaserJet M604 Enterprise_1584157253960.png
Stapler/stacker middle assembly (1 of 2);RG1-4266-030CN;PCA, LED (stapler/stacker);;HP_image\HP LaserJet M604 Enterprise_1584157253960.png
Stapler/stacker middle assembly (2 of 2);RM1-0253-020CN;Paper feed roller assembly (stapler/stacker);;HP_image\HP LaserJet M604 Enterprise_1584157256867.png
Stapler/stacker middle assembly (2 of 2);WG8-5645-000CN;Photo interrupter(stapler/stacker);;HP_image\HP LaserJet M604 Enterprise_1584157256867.png
Stacker middle assembly (1 of 2);RM1-0239-000CN;Paper sensing flag assembly (stacker);;HP_image\HP LaserJet M604 Enterprise_1584157261425.png
Stacker middle assembly (1 of 2);RM1-0246-030CN;Paper upper guide assembly (stacker);;HP_image\HP LaserJet M604 Enterprise_1584157261425.png
Stacker middle assembly (1 of 2);RG1-4266-030CN;PCA, LED (stacker);;HP_image\HP LaserJet M604 Enterprise_1584157261425.png
Stacker middle assembly (2 of 2);RM1-0253-020CN;Paper feed roller assembly (stacker);;HP_image\HP LaserJet M604 Enterprise_1584157264116.png
