Main;JC97-04006A;OPE;CLX-9201,WORLD,SEC;Samsung_image\Samsung CLX9201ND_1584434108764.png
Main;JC95-01506A;COVER;CLX-9201,WORLD,SEC;Samsung_image\Samsung CLX9201ND_1584434108764.png
Main;JC96-06209A;CARTRIDGE-WTB;CLX-9201,SEC,WORLD,75K;Samsung_image\Samsung CLX9201ND_1584434108764.png
Main;JC44-00212A;HVPS-POLARIS HVPS;24V,21.6V27.6V,MAX 5K;Samsung_image\Samsung CLX9201ND_1584434108764.png
Main;JC97-04010A;LSU;CLX-9201,SEC,TANDEM,A3,600,SingleBe;Samsung_image\Samsung CLX9201ND_1584434108764.png
Main;JC96-06246A;CARTRIDGE-TRANSFER ITB CLEAN;CLX-9201,SE;Samsung_image\Samsung CLX9201ND_1584434108764.png
Main;JC97-04020A;PLATEN FR HR;CLX-9201,SCANNER;Samsung_image\Samsung CLX9201ND_1584434108764.png
Main;JC97-03989A;DADF;CLX-9201,SEC;Samsung_image\Samsung CLX9201ND_1584434108764.png
Main;JC93-00433A;FRAME-MAIN ENGINE;CLX-9201,SEC,WORLD;Samsung_image\Samsung CLX9201ND_1584434108764.png
Main;JC90-01118A;EXIT;CLX-9201;Samsung_image\Samsung CLX9201ND_1584434108764.png
Main;JC91-01063A;FUSER;CLX-9201,SEC,WORLD,230V;Samsung_image\Samsung CLX9201ND_1584434108764.png
Main;JC96-06245A;CARTRIDGE-TRANSFER ITB;CLX-9201,SEC,WORL;Samsung_image\Samsung CLX9201ND_1584434108764.png
Main;JC95-01507A;COVER-SIDE;CLX-9201;Samsung_image\Samsung CLX9201ND_1584434108764.png
Main;JC63-03415A;SHIELD-SMPS LOWER;CLX-9201,EGI-SECC,0.8,;Samsung_image\Samsung CLX9201ND_1584434108764.png
Main;JC44-00211A;FDB-POLARIS / EVERGREEN_V2;CLX-9201,POL;Samsung_image\Samsung CLX9201ND_1584434108764.png
Main;JC44-00100C;SMPS-V2;CLX-9201,PSPN TYPE5-V2,AC-DC,275;Samsung_image\Samsung CLX9201ND_1584434108764.png
Main;JC63-03421A;COVER-SMPS UPPER;CLX-9201,ABS+PC,267.6,2;Samsung_image\Samsung CLX9201ND_1584434108764.png
Main;JC31-00160B;FAN-TYPE 6;Type6,170mA,4.0mmH20,0.433m3;Samsung_image\Samsung CLX9201ND_1584434108764.png
Main;JC61-04789A;GUIDE-FAX;CLX-9201,HIPS,24.9,139,67.6,HR;Samsung_image\Samsung CLX9201ND_1584434108764.png
Main;JC92-02429A;PBA-MAIN;CLX-9201,SEC,FR-4,6Layer;Samsung_image\Samsung CLX9201ND_1584434108764.png
Main;JC63-03414A;SHIELD-MAIN LOWER;CLX-9201,EGI-SECC,0.8,;Samsung_image\Samsung CLX9201ND_1584434108764.png
Main;JC92-02439A;PBA-FAX JOINT;CLX-9201,SEC,CEM-3,2Layer;Samsung_image\Samsung CLX9201ND_1584434108764.png
Main;JC97-02276A;MEA UNIT-HOLDER HDD;SCX-6345N/XRX,XEROX,;Samsung_image\Samsung CLX9201ND_1584434108764.png
Main;JC96-06219A;CARTRIDGE SUB-DEVE Y KIT;CLX-9301,SEC;Samsung_image\Samsung CLX9201ND_1584434108764.png
Main;JC96-06220A;CARTRIDGE SUB-DEVE M KIT;CLX-9301,SEC;Samsung_image\Samsung CLX9201ND_1584434108764.png
Main;JC96-06221A;CARTRIDGE SUB-DEVE C KIT;CLX-9301,SEC;Samsung_image\Samsung CLX9201ND_1584434108764.png
Main;JC96-06222A;CARTRIDGE SUB-DEVE K KIT;CLX-9301,SEC;Samsung_image\Samsung CLX9201ND_1584434108764.png
Main;JC59-00035A;HDD;320G,HTS543232A7A384,S63,H16,C1638;Samsung_image\Samsung CLX9201ND_1584434108764.png
EXIT;JC90-01118A;EXIT;CLX-9201;Samsung_image\Samsung CLX9201ND_1584434114472.png
EXIT;JC61-04690A;BRACKET-REAR EXIT;CLX-9201,SECC,T1.0,48,;Samsung_image\Samsung CLX9201ND_1584434114472.png
EXIT;0604-001393;PHOTO-INTERRUPTER;TR,75mW,BGA,TR;Samsung_image\Samsung CLX9201ND_1584434114472.png
EXIT;JC67-00563A;BRUSH-EXIT;CLX-9201,SUS FIBER,347.5,16.9;Samsung_image\Samsung CLX9201ND_1584434114472.png
EXIT;JC66-02163A;GEAR-EXIT;CLX-9350,POM,1.0,16,18.39;Samsung_image\Samsung CLX9201ND_1584434114472.png
EXIT;6107-002654;SPRING-TS;SUS304,PI0.45,ID6.5,OD7.4,RIGH;Samsung_image\Samsung CLX9201ND_1584434114472.png
EXIT;JC66-02217A;ACTUATOR-F_D FULL EXIT;CLX-9350,PC,Black;Samsung_image\Samsung CLX9201ND_1584434114472.png
EXIT;JC66-02218A;LEVER-ACTURATOR F_D FULL;CLX-9350,PC,HAZ;Samsung_image\Samsung CLX9201ND_1584434114472.png
EXIT;JC66-02278A;LEVER-ACT FULL EXIT;CLX-9350,PC,Black;Samsung_image\Samsung CLX9201ND_1584434114472.png
EXIT;JC66-02423A;SHAFT-ACTUATOR F_D FULL EXIT;CLX-9350,SU;Samsung_image\Samsung CLX9201ND_1584434114472.png
EXIT;JC90-01132A;EXIT-GUIDE UPPER;CLX-9201;Samsung_image\Samsung CLX9201ND_1584434114472.png
EXIT;JC90-01133A;EXIT-GUIDE LOWER;CLX-9201;Samsung_image\Samsung CLX9201ND_1584434114472.png
CASSETTE-1ST;JC90-01140A;CASSETTE-1ST;CLX-9201,SEC;Samsung_image\Samsung CLX9201ND_1584434119496.png
CASSETTE-1ST;JC61-04712A;FRAME-CASSETTE 1ST;CLX-9201,HIPS,G72797,;Samsung_image\Samsung CLX9201ND_1584434119496.png
CASSETTE-1ST;JC64-00715A;LOCKER-CASSETTE 1ST;CLX-9201,POM,BLACK,7;Samsung_image\Samsung CLX9201ND_1584434119496.png
CASSETTE-1ST;6107-001761;SPRING-ES;SWP B,PI0.55,L27.9,ID4.35,OD4.;Samsung_image\Samsung CLX9201ND_1584434119496.png
CASSETTE-1ST;JC61-04886A;HOLDER-LOCKER;CLX-9201,HIPS,24,22.7,40.6;Samsung_image\Samsung CLX9201ND_1584434119496.png
CASSETTE-1ST;JC90-01129A;CASSETTE-COVER;CLX-9201,SEC;Samsung_image\Samsung CLX9201ND_1584434119496.png
CASSETTE-1ST;JC90-01130A;CASSETTE-GUIDE FRONT;CLX-9201,SEC;Samsung_image\Samsung CLX9201ND_1584434119496.png
CASSETTE-1ST;JC90-01131A;CASSETTE-GUIDE REAR;CLX-9201,SEC;Samsung_image\Samsung CLX9201ND_1584434119496.png
CASSETTE-1ST;JC66-01020A;GEAR-M_PINION 24;SCX-6345N/XRX,POM,1,24,;Samsung_image\Samsung CLX9201ND_1584434119496.png
CASSETTE-1ST;6002-000440;SCREW-TAPPING;PWH,+,2,M3,L8,ZPC(BLK),SWR;Samsung_image\Samsung CLX9201ND_1584434119496.png
CASSETTE-1ST;JC90-01128A;CASSETTE-BRACKET LIFT;CLX-9201,SEC;Samsung_image\Samsung CLX9201ND_1584434119496.png
CASSETTE-1ST;JC66-03285A;SHAFT-LIFTING CST;CLX-9201,SUM 23,229.1,;Samsung_image\Samsung CLX9201ND_1584434119496.png
CASSETTE-1ST;JC66-03278A;GEAR-LIFTING CST;CLX-9201,POM,1,60;Samsung_image\Samsung CLX9201ND_1584434119496.png
CASSETTE-1ST;JC61-03206A;PLATE-LEVER;CLX-9350,EGI-SECC,1.6T,73,60;Samsung_image\Samsung CLX9201ND_1584434119496.png
CASSETTE-1ST;JC61-04718A;GUIDE-LEFT;CLX-9201,HIPS,64,79.3,ICE-GRE;Samsung_image\Samsung CLX9201ND_1584434119496.png
CASSETTE-1ST;JC64-00704A;INDICATOR-SIZE REAR;CLX-9201,POM,111.5X2;Samsung_image\Samsung CLX9201ND_1584434119496.png
CASSETTE-1ST;JC66-03202A;LEVER-LINK SIZE 1ST;CLX-9201,ABS,3,19.2,;Samsung_image\Samsung CLX9201ND_1584434119496.png
CASSETTE-1ST;6003-000264;SCREW-TAPTYPE;PWH,+,-,B,M3,L6,ZPC(WHT),S;Samsung_image\Samsung CLX9201ND_1584434119496.png
CASSETTE-1ST;JC64-00703A;INDICATOR-SIZE SIDE;CLX-9201,ABS,G72797,;Samsung_image\Samsung CLX9201ND_1584434119496.png
CASSETTE-1ST;JC61-04767A;PLATE-KNOCK UP;CLX-9201,EGI-SECC,0.8T,36;Samsung_image\Samsung CLX9201ND_1584434119496.png
CASSETTE-1ST;JC62-00946A;SEAL-PAD CST;CLX-9201,Flocking,BLK,0.5,4;Samsung_image\Samsung CLX9201ND_1584434119496.png
CASSETTE-1ST;JC61-03331A;ROLLER-IDLE CST;CLX-9350,POM,OD10,L16.5,;Samsung_image\Samsung CLX9201ND_1584434119496.png
CASSETTE-2ND;JC90-01141A;CASSETTE-2ND;CLX-9201,SEC;Samsung_image\Samsung CLX9201ND_1584434123938.png
CASSETTE-2ND;JC61-04713A;FRAME-CASSETTE 2ND;CLX-9201,HIPS,G72797,;Samsung_image\Samsung CLX9201ND_1584434123938.png
CASSETTE-2ND;JC64-00716A;LOCKER-CASSETTE 2ND;CLX-9201,POM,BLACK,1;Samsung_image\Samsung CLX9201ND_1584434123938.png
CASSETTE-2ND;6107-001761;SPRING-ES;SWP B,PI0.55,L27.9,ID4.35,OD4.;Samsung_image\Samsung CLX9201ND_1584434123938.png
CASSETTE-2ND;JC61-04886A;HOLDER-LOCKER;CLX-9201,HIPS,24,22.7,40.6;Samsung_image\Samsung CLX9201ND_1584434123938.png
CASSETTE-2ND;JC90-01129A;CASSETTE-COVER;CLX-9201,SEC;Samsung_image\Samsung CLX9201ND_1584434123938.png
CASSETTE-2ND;JC90-01130A;CASSETTE-GUIDE FRONT;CLX-9201,SEC;Samsung_image\Samsung CLX9201ND_1584434123938.png
CASSETTE-2ND;JC90-01131A;CASSETTE-GUIDE REAR;CLX-9201,SEC;Samsung_image\Samsung CLX9201ND_1584434123938.png
CASSETTE-2ND;JC66-01020A;GEAR-M_PINION 24;SCX-6345N/XRX,POM,1,24,;Samsung_image\Samsung CLX9201ND_1584434123938.png
CASSETTE-2ND;6002-000440;SCREW-TAPPING;PWH,+,2,M3,L8,ZPC(BLK),SWR;Samsung_image\Samsung CLX9201ND_1584434123938.png
CASSETTE-2ND;JC90-01128A;CASSETTE-BRACKET LIFT;CLX-9201,SEC;Samsung_image\Samsung CLX9201ND_1584434123938.png
CASSETTE-2ND;JC66-03285A;SHAFT-LIFTING CST;CLX-9201,SUM 23,229.1,;Samsung_image\Samsung CLX9201ND_1584434123938.png
CASSETTE-2ND;JC66-03278A;GEAR-LIFTING CST;CLX-9201,POM,1,60;Samsung_image\Samsung CLX9201ND_1584434123938.png
CASSETTE-2ND;JC61-03206A;PLATE-LEVER;CLX-9350,EGI-SECC,1.6T,73,60;Samsung_image\Samsung CLX9201ND_1584434123938.png
CASSETTE-2ND;JC61-04718A;GUIDE-LEFT;CLX-9201,HIPS,64,79.3,ICE-GRE;Samsung_image\Samsung CLX9201ND_1584434123938.png
CASSETTE-2ND;JC64-00704A;INDICATOR-SIZE REAR;CLX-9201,POM,111.5X2;Samsung_image\Samsung CLX9201ND_1584434123938.png
CASSETTE-2ND;JC66-03201A;LEVER-LINK SIZE 2ND;CLX-9201,ABS,21.2,19;Samsung_image\Samsung CLX9201ND_1584434123938.png
CASSETTE-2ND;6003-000264;SCREW-TAPTYPE;PWH,+,-,B,M3,L6,ZPC(WHT),S;Samsung_image\Samsung CLX9201ND_1584434123938.png
CASSETTE-2ND;JC64-00703A;INDICATOR-SIZE SIDE;CLX-9201,ABS,G72797,;Samsung_image\Samsung CLX9201ND_1584434123938.png
CASSETTE-2ND;JC61-04767A;PLATE-KNOCK UP;CLX-9201,EGI-SECC,0.8T,36;Samsung_image\Samsung CLX9201ND_1584434123938.png
CASSETTE-2ND;JC62-00946A;SEAL-PAD CST;CLX-9201,Flocking,BLK,0.5,4;Samsung_image\Samsung CLX9201ND_1584434123938.png
CASSETTE-2ND;JC61-03331A;ROLLER-IDLE CST;CLX-9350,POM,OD10,L16.5,;Samsung_image\Samsung CLX9201ND_1584434123938.png
FUSER;JC91-01063A;FUSER;CLX-9201,SEC,WORLD,230V;Samsung_image\Samsung CLX9201ND_1584434129256.png
FUSER;JC66-03299A;CAM-REAR;CLX-9201,POM,W14.2,D16.9,H5.2,B;Samsung_image\Samsung CLX9201ND_1584434129256.png
FUSER;JC61-04527A;HOLDER-ENCORDER PRESSURE;CLX-9201,PET+GF;Samsung_image\Samsung CLX9201ND_1584434129256.png
FUSER;JC66-03161A;SHAFT-CAM;CLX-9201,SUM22,L405,PI6;Samsung_image\Samsung CLX9201ND_1584434129256.png
FUSER;JC91-01056A;FUSER-BIAS;CLX-9201,SEC,EXP;Samsung_image\Samsung CLX9201ND_1584434129256.png
FUSER;JC01-00075A;FILM-FUSER REAR;CLX-9201,PI FILM,0.225,5;Samsung_image\Samsung CLX9201ND_1584434129256.png
FUSER;JC01-00074A;FILM-FUSER FRONT;CLX-9201,PI FILM,0.225,;Samsung_image\Samsung CLX9201ND_1584434129256.png
FUSER;JC61-04552A;BRACKET-FUSER BOTTOM;CLX-9201,EGI-SECC,T;Samsung_image\Samsung CLX9201ND_1584434129256.png
FUSER;JC61-04546A;BRACKET-INLET GUIDE;CLX-9201,SUS304,T0.5;Samsung_image\Samsung CLX9201ND_1584434129256.png
FUSER;JC66-03162A;SHAFT-PRESSURE;CLX-9201,SWRCH18A,L47.3,5;Samsung_image\Samsung CLX9201ND_1584434129256.png
FUSER;JC61-04532A;FRAME-FUSER REAR;CLX-9201,PET+GF,T2.0,W1;Samsung_image\Samsung CLX9201ND_1584434129256.png
FUSER;JC61-04531A;FRAME-FUSER FRONT;CLX-9201,PET+GF,T2.0,W;Samsung_image\Samsung CLX9201ND_1584434129256.png
FUSER;JC66-03145A;GEAR-IDLE FUSER;CLX-9201,PA66,1.0,23,25;Samsung_image\Samsung CLX9201ND_1584434129256.png
FUSER;JC67-00554A;BRUSH-FUSER OUTPUT;CLX-9201,SUS FIBER,0.;Samsung_image\Samsung CLX9201ND_1584434129256.png
FUSER;JC61-04557A;BRACKET-FUSER BACK;CLX-9201,EGI-SECC,T0.;Samsung_image\Samsung CLX9201ND_1584434129256.png
FUSER;JC66-03258A;ROLLER-PRESSURE;CLX-9201,SI SPONGE RUBBE;Samsung_image\Samsung CLX9201ND_1584434129256.png
FUSER;6601-002683;BEARING-BALL;608ZZ M5MTLY500,ID8,OD22,60;Samsung_image\Samsung CLX9201ND_1584434129256.png
FUSER;6044-000129;RING-E;ID6,OD12,T0.8,ZPC(WHT),STSC;Samsung_image\Samsung CLX9201ND_1584434129256.png
FUSER;6107-003007;SPRING-CS;SWP B,CD1.4,L29.5,ID5.2,OD8.0;Samsung_image\Samsung CLX9201ND_1584434129256.png
FUSER;JC66-03144A;GEAR-PR;CLX-9201,PPS+GF,1.0,38,40;Samsung_image\Samsung CLX9201ND_1584434129256.png
FUSER;JC66-03143A;GEAR-FUSER PRESSURE;CLX-9201,PA66,1.0,26;Samsung_image\Samsung CLX9201ND_1584434129256.png
FUSER;JC91-01060A;FUSER-BRACKET BELT;CLX-9201,SEC,EXP;Samsung_image\Samsung CLX9201ND_1584434129256.png
FUSER;JC91-01061A;FUSER-BELT;CLX-9201,SEC,EXP;Samsung_image\Samsung CLX9201ND_1584434129256.png
FUSER;JC91-01058A;FUSER-BRACKET REAR;CLX-9201,SEC,EXP;Samsung_image\Samsung CLX9201ND_1584434129256.png
FUSER;JC91-01057A;FUSER-BRACKET FRONT;CLX-9201,SEC,EXP;Samsung_image\Samsung CLX9201ND_1584434129256.png
FUSER;JC91-01059A;FUSER-BRACKET TOP;CLX-9201,SEC,EXP;Samsung_image\Samsung CLX9201ND_1584434129256.png
FUSER;JC91-01055A;FUSER-GUIDE DUPLEX;CLX-9201,SEC,EXP;Samsung_image\Samsung CLX9201ND_1584434129256.png
FRAME-MAIN ENGINE;JC61-04900A;STOPPER-REGI;CLX-9201,PC+ABS,25.8,6.6,NH;Samsung_image\Samsung CLX9201ND_1584434133984.png
FRAME-MAIN ENGINE;JC66-03164A;LINK-FEEDING DUCT;CLX-9201,ABS,L457,BLK,;Samsung_image\Samsung CLX9201ND_1584434133984.png
FRAME-MAIN ENGINE;JC66-03166A;GEAR-IDLE FEEDING DUCT;CLX-9201,POM,0.8,;Samsung_image\Samsung CLX9201ND_1584434133984.png
FRAME-MAIN ENGINE;JC93-00078B;FRAME-REGI HOLDER DUST;SCX-8040,SEC,WORL;Samsung_image\Samsung CLX9201ND_1584434133984.png
FRAME-MAIN ENGINE;JC93-00440A;DRIVE MAIN;CLX-9201NA,SEC;Samsung_image\Samsung CLX9201ND_1584434133984.png
FRAME-MAIN ENGINE;JC93-00441A;DRIVE FUSER-EXIT;CLX-9201NA,SEC;Samsung_image\Samsung CLX9201ND_1584434133984.png
FRAME-MAIN ENGINE;JC93-00442A;DRIVE-PICKUP;CLX-9201NA,SEC;Samsung_image\Samsung CLX9201ND_1584434133984.png
FRAME-MAIN ENGINE;JC93-00443A;DRIVE-REGI MP;CLX-9201NA,SEC;Samsung_image\Samsung CLX9201ND_1584434133984.png
FRAME-MAIN ENGINE;JC93-00444A;DRIVE-FEED;CLX-9201NA,SEC;Samsung_image\Samsung CLX9201ND_1584434133984.png
FRAME-MAIN ENGINE;JC93-00445A;DRIVE-WTB;CLX-9201NA,SEC;Samsung_image\Samsung CLX9201ND_1584434133984.png
FRAME-MAIN ENGINE;JC93-00446A;DRIVE-TONER SUPPLY;CLX-9201NA,SEC;Samsung_image\Samsung CLX9201ND_1584434133984.png
FRAME-MAIN ENGINE;JC93-00483A;FRAME MAIN-DUCT TONER;CLX-9201,SEC,WORLD;Samsung_image\Samsung CLX9201ND_1584434133984.png
FRAME-MAIN ENGINE;JC93-00497A;FRAME MAIN-DUCT FUSER;CLX-9201,SEC,WORLD;Samsung_image\Samsung CLX9201ND_1584434133984.png
FRAME-MAIN ENGINE;JC93-00508A;FRAME-MAIN REGI;CLX-9201;Samsung_image\Samsung CLX9201ND_1584434133984.png
FRAME-MAIN ENGINE;JC93-00511A;FRAME MAIN-PICKUP 1ST;CLX-9201,SEC;Samsung_image\Samsung CLX9201ND_1584434133984.png
FRAME-MAIN ENGINE;JC93-00512A;FRAME MAIN-PICKUP 2ND;CLX-9201,SEC;Samsung_image\Samsung CLX9201ND_1584434133984.png
FRAME-MAIN ENGINE;JC93-00536A;FRAME MAIN-FEED 1ST COLOR;CLX-9201,SEC;Samsung_image\Samsung CLX9201ND_1584434133984.png
FRAME-MAIN ENGINE;JC93-00537A;FRAME MAIN-FEED 2ND;CLX-9201,SEC;Samsung_image\Samsung CLX9201ND_1584434133984.png
FRAME-MAIN ENGINE;JC93-00683A;FRAME-MAIN;CLX-9201,SEC,WORLD;Samsung_image\Samsung CLX9201ND_1584434133984.png
FRAME-MAIN ENGINE;JC31-00161A;FAN-TYPE 7;Type7,24,170mA,0.949m3/mi;Samsung_image\Samsung CLX9201ND_1584434133984.png
DRIVE MAIN;JC93-00440A;DRIVE MAIN;CLX-9201NA,SEC;Samsung_image\Samsung CLX9201ND_1584434139681.png
DRIVE MAIN;JC31-00123A;MOTOR BLDC;2000rpm,1200gfcm,24V,2.8A,150;Samsung_image\Samsung CLX9201ND_1584434139681.png
DRIVE MAIN;JC61-04540A;HOLDER-HARNESS DRIVE;CLX-9201NA,HIPS,Bla;Samsung_image\Samsung CLX9201ND_1584434139681.png
DRIVE MAIN;JC93-00452A;DRIVE-MOTOR STEP;CLX-9201NA,SEC;Samsung_image\Samsung CLX9201ND_1584434139681.png
DRIVE MAIN;JC93-00506A;DRIVE MAIN-SENSOR OPC;CLX-9201NA,SEC;Samsung_image\Samsung CLX9201ND_1584434139681.png
DRIVE MAIN;JC93-00723A;DRIVE-MAIN SUB COLOR;CLX-9201NA,SEC;Samsung_image\Samsung CLX9201ND_1584434139681.png
DRIVE MAIN;0604-001393;PHOTO-INTERRUPTER;TR,75mW,BGA,TR;Samsung_image\Samsung CLX9201ND_1584434139681.png
DRIVE MAIN;JC61-04538A;HOLDER-SENSOR OPC;CLX-9201NA,ABS,Black;Samsung_image\Samsung CLX9201ND_1584434139681.png
DRIVE FUSER-EXIT;JC93-00441A;DRIVE FUSER-EXIT;CLX-9201NA,SEC;Samsung_image\Samsung CLX9201ND_1584434143623.png
DRIVE FUSER-EXIT;JC61-04501A;BRACKET-DRIVE FUSER EXIT;CLX-9201NA,EGI-;Samsung_image\Samsung CLX9201ND_1584434143623.png
DRIVE FUSER-EXIT;JC66-03108A;GEAR-RDCN EXIT;CLX-9201NA,POM,0.8,1.0,41;Samsung_image\Samsung CLX9201ND_1584434143623.png
DRIVE FUSER-EXIT;JC66-03105A;GEAR-FUSER ONE WAY;CLX-9201NA,POM,0.5,10;Samsung_image\Samsung CLX9201ND_1584434143623.png
DRIVE FUSER-EXIT;JC66-00340A;GEAR-HUB CLUTCH;SCX-5100,POM,M0.8,Z12,NT;Samsung_image\Samsung CLX9201ND_1584434143623.png
DRIVE FUSER-EXIT;JC66-00417A;GEAR-RDCN FUSER OUT;ML-2150,NYLON,1,25,8;Samsung_image\Samsung CLX9201ND_1584434143623.png
DRIVE FUSER-EXIT;JC66-03106A;GEAR-RDCN FUSER RELEASE;CLX-9201NA,POM,0;Samsung_image\Samsung CLX9201ND_1584434143623.png
DRIVE FUSER-EXIT;JC66-03107A;GEAR-FUSER RELEASE;CLX-9201NA,POM,0.8,43;Samsung_image\Samsung CLX9201ND_1584434143623.png
DRIVE FUSER-EXIT;JC31-00123B;MOTOR BLDC;2000rpm,1200gfcm,24V,2.8A,150;Samsung_image\Samsung CLX9201ND_1584434143623.png
DRIVE FUSER-EXIT;JC93-00452A;DRIVE-MOTOR STEP;CLX-9201NA,SEC;Samsung_image\Samsung CLX9201ND_1584434143623.png
DRIVE-REGI MP;JC93-00443A;DRIVE-REGI MP;CLX-9201NA,SEC;Samsung_image\Samsung CLX9201ND_1584434147418.png
DRIVE-REGI MP;JC31-00123B;MOTOR BLDC;2000rpm,1200gfcm,24V,2.8A,150;Samsung_image\Samsung CLX9201ND_1584434147418.png
DRIVE-REGI MP;JC47-00037A;CLUTCH-ELECTRIC;CLX-9201,DC24V,125mA,z32;Samsung_image\Samsung CLX9201ND_1584434147418.png
DRIVE-REGI MP;JC66-03118A;GEAR-DRIVE FEED B;CLX-9201NA,POM,1.0,33,;Samsung_image\Samsung CLX9201ND_1584434147418.png
DRIVE-REGI MP;JC66-03115A;GEAR-IDLE REGI;CLX-9201NA,POM,1.0,31,SPU;Samsung_image\Samsung CLX9201ND_1584434147418.png
DRIVE-REGI MP;JC66-03114A;GEAR-RDCN REGI;CLX-9201NA,POM,0.5,1.0,79;Samsung_image\Samsung CLX9201ND_1584434147418.png
DRIVE-REGI MP;JC66-03116A;GEAR-DRIVE REGI;CLX-9201NA,POM,0.8,22,SP;Samsung_image\Samsung CLX9201ND_1584434147418.png
DRIVE-REGI MP;JC66-03117A;GEAR-DRIVE MP;CLX-9201NA,POM,1.0,23,SPUR;Samsung_image\Samsung CLX9201ND_1584434147418.png
FRAME-MAIN REGI;JC93-00508A;FRAME-MAIN REGI;CLX-9201;Samsung_image\Samsung CLX9201ND_1584434151919.png
FRAME-MAIN REGI;0604-001381;PHOTO-INTERRUPTER;DIODE,DIP;Samsung_image\Samsung CLX9201ND_1584434151919.png
FRAME-MAIN REGI;JC66-03302A;SHAFT-REGI;CLX-9201,SUM 23,361.9,15,STEE;Samsung_image\Samsung CLX9201ND_1584434151919.png
FRAME-MAIN REGI;JC66-03180A;ROLLER-REGI;CLX-9201,EPDM,16,BLACK,ETC R;Samsung_image\Samsung CLX9201ND_1584434151919.png
FRAME-MAIN REGI;JC66-03293A;GEAR-ROLLER REGI;CLX-9201,POM,0.8,21,NAT;Samsung_image\Samsung CLX9201ND_1584434151919.png
FRAME-MAIN REGI;6107-003302;SPRING-ES;SWP B,0.9,7.9,26.6;Samsung_image\Samsung CLX9201ND_1584434151919.png
FRAME-MAIN REGI;JC61-04897A;HOLDER-SHAFT REGI;CLX-9201,POM,5,27,BLAC;Samsung_image\Samsung CLX9201ND_1584434151919.png
FRAME-MAIN REGI;JC61-04685A;BRACKET-REGI UPPER;CLX-9201,SEFC340,T0.8;Samsung_image\Samsung CLX9201ND_1584434151919.png
FRAME MAIN-PICKUP 1 2;JC93-00511A;FRAME MAIN-PICKUP 1ST;CLX-9201,SEC;Samsung_image\Samsung CLX9201ND_1584434155757.png
FRAME MAIN-PICKUP 1 2;JC93-00512A;FRAME MAIN-PICKUP 2ND;CLX-9201,SEC;Samsung_image\Samsung CLX9201ND_1584434155757.png
FRAME MAIN-PICKUP 1 2;JC63-03342A;SHEET-GUIDE PICKUP;CLX-9210,PET,0.188,32;Samsung_image\Samsung CLX9201ND_1584434155757.png
FRAME MAIN-PICKUP 1 2;JC61-04721A;GUIDE-PICKUP 1ST;CLX-9201,ABS,327,43,HF-;Samsung_image\Samsung CLX9201ND_1584434155757.png
FRAME MAIN-PICKUP 1 2;JC61-04723A;GUIDE-HARNESS PICKUP;CLX-9201,ABS,54,20,;Samsung_image\Samsung CLX9201ND_1584434155757.png
FRAME MAIN-PICKUP 1 2;JC93-00510A;FRAME MAIN-PICKUP;CLX-9201,SEC;Samsung_image\Samsung CLX9201ND_1584434155757.png
FRAME MAIN-PICKUP 1 2;JC61-04735A;GUIDE-PICKUP BOTTOM;CLX-9201,ABS,15,332,;Samsung_image\Samsung CLX9201ND_1584434155757.png
FRAME MAIN-PICKUP 1 2;JC61-04717A;GUIDE-PICKUP 2ND;CLX-9201,ABS,327,43,HF-;Samsung_image\Samsung CLX9201ND_1584434155757.png
FRAME MAIN-PICKUP;JC93-00510A;FRAME MAIN-PICKUP;CLX-9201,SEC;Samsung_image\Samsung CLX9201ND_1584434161577.png
FRAME MAIN-PICKUP;JC93-00540A;FRAME-MAIN PICK UP ROLLER;CLX-9201;Samsung_image\Samsung CLX9201ND_1584434161577.png
FRAME MAIN-PICKUP;JC93-00504A;FRAME MAIN-PICKUP UPPER;CLX-9201,SEC;Samsung_image\Samsung CLX9201ND_1584434161577.png
FRAME MAIN-PICKUP;JC61-04731A;BRACKET-PICKUP REAR;CLX-9201,SECC,1.2T,8;Samsung_image\Samsung CLX9201ND_1584434161577.png
FRAME MAIN-PICKUP;JC61-04730A;BRACKET-PICKUP FRONT;CLX-9201,SECC,1.2T,;Samsung_image\Samsung CLX9201ND_1584434161577.png
FRAME MAIN-PICKUP;JC66-03281A;GEAR-PICKUP;CLX-9201,POM,0.8,27,WHITE,DE;Samsung_image\Samsung CLX9201ND_1584434161577.png
FRAME MAIN-PICKUP;JC66-03304A;SHAFT-FORWARD;CLX-9201,SUS303,225.3,6,ST;Samsung_image\Samsung CLX9201ND_1584434161577.png
FRAME MAIN-PICKUP;JC93-00503A;FRAME MAIN-PICKUP LOWER;CLX-9201,SEC;Samsung_image\Samsung CLX9201ND_1584434161577.png
FRAME MAIN-PICKUP;JC66-03200A;LEVER-INPUT CST;CLX-9201,POM,9,48,28.7,M;Samsung_image\Samsung CLX9201ND_1584434161577.png
FRAME MAIN-PICKUP;JC61-04732A;HOLDER-RETARD;CLX-9201,POM,23,97,24,BLAC;Samsung_image\Samsung CLX9201ND_1584434161577.png
FRAME MAIN-PICKUP;JC66-03283A;SHAFT-RETARD;CLX-9201,SUM 23,91.5,6,STEE;Samsung_image\Samsung CLX9201ND_1584434161577.png
FRAME MAIN-PICKUP;JC67-00455A;COUPLER-TORQUELIMITER;CLX-9350,WHITE,350;Samsung_image\Samsung CLX9201ND_1584434161577.png
FRAME MAIN-PICKUP;JC93-00438A;FRAME MAIN-PICKUP BRKT LOWER;CLX-9201,SE;Samsung_image\Samsung CLX9201ND_1584434161577.png
FRAME MAIN-PICKUP;6107-003049;SPRING-CS;SWP B,0.5,26,7.5,FREE,CLOSED E;Samsung_image\Samsung CLX9201ND_1584434161577.png
FRAME MAIN-PICKUP;JC61-01367A;FIXER-M_E RING 4PI;SCX-6345N/XRX,POM,T1.;Samsung_image\Samsung CLX9201ND_1584434161577.png
FRAME MAIN-PICKUP UPPER;JC93-00504A;FRAME MAIN-PICKUP UPPER;CLX-9201,SEC;Samsung_image\Samsung CLX9201ND_1584434164312.png
FRAME MAIN-PICKUP UPPER;JC93-00437A;FRAME MAIN-PICKUP BRKT UPPER;CLX-9201,SE;Samsung_image\Samsung CLX9201ND_1584434164312.png
FRAME MAIN-PICKUP UPPER;JC66-03284A;SHAFT-PICKUP;CLX-9201,SUS303,129,6,STEEL;Samsung_image\Samsung CLX9201ND_1584434164312.png
FRAME MAIN-PICKUP UPPER;JC66-03199A;ACTUATOR-EMPTY PICKUP;CLX-9201,POM,22,73;Samsung_image\Samsung CLX9201ND_1584434164312.png
FRAME MAIN-PICKUP UPPER;JC66-00977A;CLUTCH-P_ONE WAY;SCX-6345N/XRX,OWC612GXR;Samsung_image\Samsung CLX9201ND_1584434164312.png
FRAME MAIN-PICKUP UPPER;JC66-00943A;GEAR-M_PU JOINT;SCX-6345N/XRX,POM,0.7,21;Samsung_image\Samsung CLX9201ND_1584434164312.png
FRAME MAIN-PICKUP UPPER;JC66-00941A;GEAR-M_ONE WAY;SCX-6345N/XRX,POM,0.7,21,;Samsung_image\Samsung CLX9201ND_1584434164312.png
FRAME MAIN-PICKUP UPPER;JC66-00940A;GEAR-M_IDLE PU;SCX-6345N/XRX,POM,0.7,22,;Samsung_image\Samsung CLX9201ND_1584434164312.png
FRAME MAIN-PICKUP UPPER;JC61-04736A;GUIDE-PICKUP UPPER;CLX-9201,ABS,15,305,2;Samsung_image\Samsung CLX9201ND_1584434164312.png
FRAME MAIN-PICKUP UPPER;JC61-04722A;GUIDE-SLIDE PICKUP;CLX-9201,POM,120,46,M;Samsung_image\Samsung CLX9201ND_1584434164312.png
FRAME MAIN-PICKUP UPPER;JC61-04716A;GUIDE-SUPPORT PICKUP;CLX-9201,POM,153,43;Samsung_image\Samsung CLX9201ND_1584434164312.png
FRAME MAIN-PICKUP UPPER;JC61-04670A;BRACKET-GRN PICKUP;CLX-PFP100,SUS304,0.2;Samsung_image\Samsung CLX9201ND_1584434164312.png
FRAME MAIN-PICKUP UPPER;JC61-01288A;HOLDER-M_IDLE ONE WAY;SCX-6345N/XRX,POM,;Samsung_image\Samsung CLX9201ND_1584434164312.png
FRAME MAIN-PICKUP UPPER;6107-003046;SPRING-CS;SUS304,0.65,17,6.45,RIGHT HAND;Samsung_image\Samsung CLX9201ND_1584434164312.png
FRAME MAIN-PICKUP UPPER;0604-001393;PHOTO-INTERRUPTER;TR,75mW,BGA,TR;Samsung_image\Samsung CLX9201ND_1584434164312.png
FRAME-MAIN;JC93-00475A;FRAME MAIN-FRONT;CLX-9201,SEC,WORLD;Samsung_image\Samsung CLX9201ND_1584434169667.png
FRAME-MAIN;JC93-00476A;FRAME MAIN-REAR;CLX-9201,SEC,WORLD;Samsung_image\Samsung CLX9201ND_1584434169667.png
FRAME-MAIN;JC93-00482A;FRAME MAIN-MIDDLE ACR;CLX-9201,SEC,WORLD;Samsung_image\Samsung CLX9201ND_1584434169667.png
FRAME-MAIN;JC93-00481A;FRAME MAIN-SUPPORT FUSER;CLX-9201,SEC,WO;Samsung_image\Samsung CLX9201ND_1584434169667.png
FRAME-MAIN;JC93-00468A;FRAME BASE-BOTTOM;SCX-8128NA,SEC,WORLD;Samsung_image\Samsung CLX9201ND_1584434169667.png
FRAME-MAIN;JC93-00492A;FRAME MAIN-WTB SENSOR;CLX-9201,SEC,WORLD;Samsung_image\Samsung CLX9201ND_1584434169667.png
FRAME-MAIN;3001-002207;SPEAKER;0.3W,8ohm,81dB,400Hz,50X16.4mm;Samsung_image\Samsung CLX9201ND_1584434169667.png
FRAME-MAIN;0604-001393;PHOTO-INTERRUPTER;TR,75mW,BGA,TR;Samsung_image\Samsung CLX9201ND_1584434169667.png
FRAME-MAIN;JC32-00013A;SENSOR-PAPER_SIZE;DP12V032,5V,0.3A;Samsung_image\Samsung CLX9201ND_1584434169667.png
FRAME-MAIN;JC93-00486A;FRAME MAIN-HUMIDITY SENSOR;CLX-9201,SEC,;Samsung_image\Samsung CLX9201ND_1584434169667.png
FRAME-MAIN;JC93-00016A;FRAME MAIN-REAR DRAW TONER;CLX-9350,SEC,;Samsung_image\Samsung CLX9201ND_1584434169667.png
FRAME-MAIN;JC93-00466A;FRAME MAIN-SWITCH OPEN;SCX-8128NA,SEC,WO;Samsung_image\Samsung CLX9201ND_1584434169667.png
FRAME-MAIN;JC39-01686A;HARNESS-DCF IF SET;CLX-9201,UL10272,18p,;Samsung_image\Samsung CLX9201ND_1584434169667.png
COVER;JC95-01496A;COVER-FRONT;CLX-9201,WORLD,SEC;Samsung_image\Samsung CLX9201ND_1584434175157.png
COVER;JC63-03405A;COVER-FRONT LOWER;CLX-9201,HIPS,T2,W112.;Samsung_image\Samsung CLX9201ND_1584434175157.png
COVER;JC95-01498A;COVER-INNER;CLX-9201,WORLD,SEC;Samsung_image\Samsung CLX9201ND_1584434175157.png
COVER;JC63-03404A;COVER-FRONT TOP DECO;CLX-9201,HIPS,T2.5,;Samsung_image\Samsung CLX9201ND_1584434175157.png
COVER;JC63-03403A;COVER-FRONT TOP;CLX-9201,HIPS,T2.5,W110.;Samsung_image\Samsung CLX9201ND_1584434175157.png
COVER;JC95-01497A;COVER-LEFT;CLX-9201,WORLD,SEC;Samsung_image\Samsung CLX9201ND_1584434175157.png
COVER;JC63-03396A;COVER-SCAN LEFT;CLX-9201,HIPS,T2,W360.4,;Samsung_image\Samsung CLX9201ND_1584434175157.png
COVER;JC95-01502A;COVER-SCAN FRONT;CLX-9201,WORLD,SEC;Samsung_image\Samsung CLX9201ND_1584434175157.png
COVER;JC63-03406A;COVER-LEFT UPPER;CLX-9201,HIPS,T2,W156.2;Samsung_image\Samsung CLX9201ND_1584434175157.png
COVER;JC63-03389A;COVER-EXIT REAR;CLX-9201,HIPS,T2,W371,L1;Samsung_image\Samsung CLX9201ND_1584434175157.png
COVER;JC95-01499A;COVER-EXIT;CLX-9201,WORLD,SEC;Samsung_image\Samsung CLX9201ND_1584434175157.png
COVER;JC95-01503A;COVER-SCAN RIGHT;CLX-9201,WORLD,SEC;Samsung_image\Samsung CLX9201ND_1584434175157.png
COVER;JC63-03391A;COVER-EXIT DUMMY;CLX-9201,HIPS,T2,W333,L;Samsung_image\Samsung CLX9201ND_1584434175157.png
COVER;JC63-03402A;COVER-RIGHT TOP;CLX-9201,HIPS,T2,W82.8,L;Samsung_image\Samsung CLX9201ND_1584434175157.png
COVER;JC63-03400A;COVER-RIGHT INNER COLOR;CLX-9201,HIPS,T2;Samsung_image\Samsung CLX9201ND_1584434175157.png
COVER;JC63-03398A;COVER-RIGHT HANDLE;CLX-9201,HIPS,T2,W47.;Samsung_image\Samsung CLX9201ND_1584434175157.png
COVER;JC95-01501A;COVER-RIGHT LOWER;CLX-9201,WORLD,SEC;Samsung_image\Samsung CLX9201ND_1584434175157.png
COVER;JC63-03401A;COVER-RIGHT COLOR;CLX-9201,HIPS,T2,W95.9;Samsung_image\Samsung CLX9201ND_1584434175157.png
COVER;JC61-04560A;BRACKET-COVER REAR COLOR;CLX-9201,SECC,T;Samsung_image\Samsung CLX9201ND_1584434175157.png
COVER;JC63-03332A;COVER-SCAN REAR;CLX-9201,HIPS,2.5,W550,L;Samsung_image\Samsung CLX9201ND_1584434175157.png
COVER;JC63-03333A;COVER-CONNECTOR DADF;CLX-9201,HIPS,T2,W1;Samsung_image\Samsung CLX9201ND_1584434175157.png
COVER-SIDE;JC90-01117A;MP-TRAY;CLX-9201,SEC;Samsung_image\Samsung CLX9201ND_1584434179699.png
COVER-SIDE;JC63-03356A;COVER-FRONT MP;CLX-9201,ABS,43.2,322.7,G;Samsung_image\Samsung CLX9201ND_1584434179699.png
COVER-SIDE;JC63-03376A;COVER-SIDE;CLX-9201,ABS,394.8,566.7,G326;Samsung_image\Samsung CLX9201ND_1584434179699.png
COVER-SIDE;JC95-01513A;COVER-SIDE GUIDE FEED;CLX-9201;Samsung_image\Samsung CLX9201ND_1584434179699.png
COVER-SIDE;JC61-04795A;GUIDE-DUPLEX UPPER;CLX-9201,ABS+PC,295.8;Samsung_image\Samsung CLX9201ND_1584434179699.png
COVER-SIDE;JC95-01509A;COVER-SIDE EXIT;CLX-9201;Samsung_image\Samsung CLX9201ND_1584434179699.png
COVER-SIDE;JC61-04678A;BRACKET-SUPPORT UPPER;CLX-9201,SEFC340,T;Samsung_image\Samsung CLX9201ND_1584434179699.png
COVER-SIDE;JC64-00712A;HANDLE-SIDE;CLX-9201,ABS,73.8,40.8,HF-06;Samsung_image\Samsung CLX9201ND_1584434179699.png
COVER-SIDE;JC66-03179A;ROLLER-DUPLEX;CLX-9201,EPDM,16,GRAY,ETC;Samsung_image\Samsung CLX9201ND_1584434179699.png
COVER-SIDE;JC61-04682A;BRACKET-FRONT SIDE;CLX-9201,SEFC340,T0.8;Samsung_image\Samsung CLX9201ND_1584434179699.png
COVER-SIDE;JC64-00710A;LOCKER-SIDE;CLX-9201,POM,NATURAL,60.5,F2;Samsung_image\Samsung CLX9201ND_1584434179699.png
COVER-SIDE;JC66-03235A;LINK-D;CLX-9201,PC,133.8,BLACK;Samsung_image\Samsung CLX9201ND_1584434179699.png
COVER-SIDE;6602-003299;BELT-TIMING GEAR;S2M328,RUB(CR),L328;Samsung_image\Samsung CLX9201ND_1584434179699.png
COVER-SIDE;JC95-01517A;COVER-SIDE FEED DUPLEX;CLX-9201;Samsung_image\Samsung CLX9201ND_1584434179699.png
COVER-SIDE;JC90-01139A;MP;CLX-9201,SEC;Samsung_image\Samsung CLX9201ND_1584434179699.png
COVER-SIDE;JC95-01516A;COVER-SIDE TAKE AWAY;CLX-9201;Samsung_image\Samsung CLX9201ND_1584434179699.png
COVER-SIDE;JC63-03379A;COVER-HARNESS LOWER;CLX-9201,ABS,214,34.;Samsung_image\Samsung CLX9201ND_1584434179699.png
COVER-SIDE;JC63-03378A;COVER-HARNESS;CLX-9201,ABS,157.7,54.4,G3;Samsung_image\Samsung CLX9201ND_1584434179699.png
COVER-SIDE;JC61-04681A;BRACKET-REAR SIDE;CLX-9201,SEFC340,T0.8,;Samsung_image\Samsung CLX9201ND_1584434179699.png
COVER-SIDE;JC95-01518A;COVER-SIDE LINK REAR;CLX-9201;Samsung_image\Samsung CLX9201ND_1584434179699.png
COVER-SIDE;6107-003052;SPRING-TS;SWP B,2.6,20.2,159;Samsung_image\Samsung CLX9201ND_1584434179699.png
COVER-SIDE;JC61-04684A;BRACKET-LINK SUPPORT;CLX-9201,SECC,T1.0,;Samsung_image\Samsung CLX9201ND_1584434179699.png
COVER-SIDE;JC61-04872A;GUIDE-HARNESS;CLX-9201,ABS,61,38,HF-0660;Samsung_image\Samsung CLX9201ND_1584434179699.png
COVER-SIDE;JC95-01510A;COVER-SIDE DUPLEX MOTOR;CLX-9201;Samsung_image\Samsung CLX9201ND_1584434179699.png
COVER-SIDE;JC64-00711A;LOCKER-SIDE REAR;CLX-9201,POM,NATURAL,60;Samsung_image\Samsung CLX9201ND_1584434179699.png
COVER-SIDE;JC66-03301A;SHAFT-HANDLE;CLX-9201,SUM 23,391,6,STEEL;Samsung_image\Samsung CLX9201ND_1584434179699.png
COVER-SIDE;JC66-03292A;GEAR-EXIT;CLX-9201,POM,1.0,16,WHITE,18.4;Samsung_image\Samsung CLX9201ND_1584434179699.png
COVER-SIDE;6107-001731;SPRING-CS;SUS304,PI0.6,L16.6,ID4.7,OD5.9;Samsung_image\Samsung CLX9201ND_1584434179699.png
MP-TRAY;JC61-04759A;FRAME-TRAY-LOWER;CLX-9201,ABS,G32690,338;Samsung_image\Samsung CLX9201ND_1584434184975.png
MP-TRAY;JC61-04758A;FRAME-TRAY-UPPER;CLX-9201,ABS,G32690,330;Samsung_image\Samsung CLX9201ND_1584434184975.png
MP-TRAY;JC61-04763A;GUIDE-TRAY PAPER;CLX-9201,HIPS,161,113.6;Samsung_image\Samsung CLX9201ND_1584434184975.png
MP-TRAY;JC61-04757A;BRACKET;CLX-9201,SECC,1T,18;Samsung_image\Samsung CLX9201ND_1584434184975.png
MP-TRAY;JC61-04760A;GUIDE-SIDE F;CLX-9201,HIPS,64,19,FG-1790;Samsung_image\Samsung CLX9201ND_1584434184975.png
MP-TRAY;JC66-03216A;GEAR-RACK;CLX-9201,POM,1,165,NATURAL,DE5;Samsung_image\Samsung CLX9201ND_1584434184975.png
MP-TRAY;JC66-03220A;LINK-SIDE;CLX-9201,POM,94.7,7,NATURAL;Samsung_image\Samsung CLX9201ND_1584434184975.png
MP-TRAY;JG66-40003A;GEAR-PINION;SF4000,POM,1,Z16,WHT;Samsung_image\Samsung CLX9201ND_1584434184975.png
MP-TRAY;JC61-04761A;GUIDE-SIDE R;CLX-9201,HIPS,64,16.5,FG-17;Samsung_image\Samsung CLX9201ND_1584434184975.png
MP;JC90-01139A;MP;CLX-9201,SEC;Samsung_image\Samsung CLX9201ND_1584434188942.png
MP;JC90-01126A;MP GUIDE-MAIN;CLX-9201,SEC;Samsung_image\Samsung CLX9201ND_1584434188942.png
MP;JC90-01125A;MP-BRACKET PICK UP;CLX-9201,SEC;Samsung_image\Samsung CLX9201ND_1584434188942.png
MP;JC93-00540A;FRAME-MAIN PICK UP ROLLER;CLX-9201;Samsung_image\Samsung CLX9201ND_1584434188942.png
MP;JC66-03215A;GEAR-IDLE MP;CLX-9201,POM,1,26,NATURAL,2;Samsung_image\Samsung CLX9201ND_1584434188942.png
MP;JC61-00699A;BUSH-D6/L4;CLP-500,Fe+Cu+Zn-Slearate,6;Samsung_image\Samsung CLX9201ND_1584434188942.png
MP;JC61-04753A;BRACKET-SOLENOID;CLX-9201,SECC,0.6T,64.6;Samsung_image\Samsung CLX9201ND_1584434188942.png
MP;JC61-04762A;GUIDE-HARNESS R;CLX-9201,ABS,10,43.5,HF-;Samsung_image\Samsung CLX9201ND_1584434188942.png
MP;JC90-01124A;MP-COVER BASE;CLX-9201,SEC;Samsung_image\Samsung CLX9201ND_1584434188942.png
MP;JC63-03357A;COVER-GUDIE BASE;CLX-9201,ABS,89.5,69.1,;Samsung_image\Samsung CLX9201ND_1584434188942.png
MP;JC66-03217A;LEVER-EMPTY PAPER;CLX-9201,POM,20.4,31,M;Samsung_image\Samsung CLX9201ND_1584434188942.png
MP;6107-001771;SPRING-TS;SUS304,PI0.25,ID3.3,OD3.8;Samsung_image\Samsung CLX9201ND_1584434188942.png
MP-BRACKET PICK UP;JC33-00029B;SOLENOID-MP;CLX-9350,DC24V,18.4,27*30,;Samsung_image\Samsung CLX9201ND_1584434193765.png
MP-BRACKET PICK UP;JC61-04876A;GUIDE-UPPER PU MP;CLX-9201,PC,34.9,61.9,;Samsung_image\Samsung CLX9201ND_1584434193765.png
MP-BRACKET PICK UP;6107-003031;SPRING-ES;SWP B,0.65,25.1,4.4,5.7;Samsung_image\Samsung CLX9201ND_1584434193765.png
MP-BRACKET PICK UP;6107-003026;SPRING-ES;SWP B,0.5,16.9,4,5;Samsung_image\Samsung CLX9201ND_1584434193765.png
MP-BRACKET PICK UP;JC66-03218A;LEVER-SOLENOID;CLX-9201,POM,28,22.7,LZ75;Samsung_image\Samsung CLX9201ND_1584434193765.png
MP-BRACKET PICK UP;JC90-01127A;MP-BRACKET UPPER;CLX-9201,SEC;Samsung_image\Samsung CLX9201ND_1584434193765.png
MP-BRACKET PICK UP;JC66-03222A;SHAFT-PICK UP MP;CLX-9201,SUM 23,100.9,6;Samsung_image\Samsung CLX9201ND_1584434193765.png
MP-BRACKET PICK UP;JC64-00705A;LOCKER-STOPPER;CLX-9201,POM,BLACK,15.1,D;Samsung_image\Samsung CLX9201ND_1584434193765.png
MP-BRACKET PICK UP;JC66-00940A;GEAR-M_IDLE PU;SCX-6345N/XRX,POM,0.7,22,;Samsung_image\Samsung CLX9201ND_1584434193765.png
MP-BRACKET PICK UP;JC66-03303A;SHAFT-FORWARD MP;CLX-9201,SUS303,197.4,6;Samsung_image\Samsung CLX9201ND_1584434193765.png
MP-BRACKET PICK UP;JC66-03213A;GEAR-M PU;CLX-9201,POM,0.7,21,16.1;Samsung_image\Samsung CLX9201ND_1584434193765.png
MP-BRACKET PICK UP;JC61-04766A;STOPPER-PAPER;CLX-9201,POM,9.8,18.2,M90-;Samsung_image\Samsung CLX9201ND_1584434193765.png
MP-BRACKET PICK UP;JC66-03221A;JOINT-PU;CLX-9201,POM,14,NATURAL;Samsung_image\Samsung CLX9201ND_1584434193765.png
MP-BRACKET PICK UP;JC61-03332A;ROLLER-IDLE FORWARD;CLX-9350,POM,T8.5,OD;Samsung_image\Samsung CLX9201ND_1584434193765.png
MP-BRACKET PICK UP;JC90-00918A;MP-ONE WAY;CLX-9350,SEC,-,-,-;Samsung_image\Samsung CLX9201ND_1584434193765.png
MP-BRACKET PICK UP;JC66-03219A;LEVER-HOOK;CLX-9201,POM,13.4,15.2,M90-44;Samsung_image\Samsung CLX9201ND_1584434193765.png
MP-BRACKET PICK UP;JC66-00977A;CLUTCH-P_ONE WAY;SCX-6345N/XRX,OWC612GXR;Samsung_image\Samsung CLX9201ND_1584434193765.png
MP-BRACKET PICK UP;JC61-01288A;HOLDER-M_IDLE ONE WAY;SCX-6345N/XRX,POM,;Samsung_image\Samsung CLX9201ND_1584434193765.png
MP GUIDE-MAIN;JC61-04764A;FRAME-BASE MP;CLX-9201,PC+GF,G32690,68.3;Samsung_image\Samsung CLX9201ND_1584434199150.png
MP GUIDE-MAIN;0604-001393;PHOTO-INTERRUPTER;TR,75mW,BGA,TR;Samsung_image\Samsung CLX9201ND_1584434199150.png
MP GUIDE-MAIN;JC63-03359A;SHEET-STOPPER;CLX-9201,PET,0.188,9.5,35;Samsung_image\Samsung CLX9201ND_1584434199150.png
MP GUIDE-MAIN;JC69-02047A;PAD-MP;NYLON,CLX-9350,0.7T,W11.4*L44,Flo;Samsung_image\Samsung CLX9201ND_1584434199150.png
MP GUIDE-MAIN;JC63-03358A;SHEET-GUIDE MP;CLX-9201,PET,0.125,25,308;Samsung_image\Samsung CLX9201ND_1584434199150.png
MP GUIDE-MAIN;JC61-04755A;BRACKET;CLX-9201,SECC,1T,56.3,30.4;Samsung_image\Samsung CLX9201ND_1584434199150.png
MP GUIDE-MAIN;JC66-03223A;SHAFT-RETARD MP;CLX-9201,SUM 23,189.4,6,;Samsung_image\Samsung CLX9201ND_1584434199150.png
MP GUIDE-MAIN;6043-001097;PIN-SPRING;W,D2,L14,SUS304, T0.2;Samsung_image\Samsung CLX9201ND_1584434199150.png
MP GUIDE-MAIN;JC66-00591A;SHAFT-HUB IN;ML-2150,SUM 24L,8.5,1.9;Samsung_image\Samsung CLX9201ND_1584434199150.png
MP GUIDE-MAIN;JC61-04765A;BUSH-RETARD MP;CLX-9201,POM,6,13,10,BLAC;Samsung_image\Samsung CLX9201ND_1584434199150.png
MP GUIDE-MAIN;6107-003032;SPRING-CS;SUS304,0.65,17,5.15,6.45;Samsung_image\Samsung CLX9201ND_1584434199150.png
MP GUIDE-MAIN;JC67-00455A;COUPLER-TORQUELIMITER;CLX-9350,WHITE,350;Samsung_image\Samsung CLX9201ND_1584434199150.png
COVER-SIDE EXIT;JC95-01509A;COVER-SIDE EXIT;CLX-9201;Samsung_image\Samsung CLX9201ND_1584434203554.png
COVER-SIDE EXIT;JC61-04791A;GUIDE-SIDE EXIT;CLX-9201,MPPO,328.6,47.1;Samsung_image\Samsung CLX9201ND_1584434203554.png
COVER-SIDE EXIT;0604-001393;PHOTO-INTERRUPTER;TR,75mW,BGA,TR;Samsung_image\Samsung CLX9201ND_1584434203554.png
COVER-SIDE EXIT;JC66-03307A;ACTUATOR-FUSER OUT;CLX-9201,MPPO,22.4,24;Samsung_image\Samsung CLX9201ND_1584434203554.png
COVER-SIDE EXIT;6107-001737;SPRING-TS;SUS304,PI0.25,ID3.8,OD4.3,105;Samsung_image\Samsung CLX9201ND_1584434203554.png
COVER-SIDE EXIT;6107-003055;SPRING-TS;SUS304,0.4,7.7,8.1,180;Samsung_image\Samsung CLX9201ND_1584434203554.png
COVER-SIDE EXIT;JC61-04792A;GUIDE-GATE;CLX-9201,MPPO,336.5,19.1,N300;Samsung_image\Samsung CLX9201ND_1584434203554.png
COVER-SIDE EXIT;JC61-04892A;HOLDER-EXIT-SENSOR;CLX-9201,MPPO,331.5,3;Samsung_image\Samsung CLX9201ND_1584434203554.png
COVER-SIDE GUIDE FEED;JC95-01513A;COVER-SIDE GUIDE FEED;CLX-9201;Samsung_image\Samsung CLX9201ND_1584434209691.png
COVER-SIDE GUIDE FEED;JC61-04796A;GUIDE-FEED;CLX-9201,ABS+PC,356.4,126.1,N;Samsung_image\Samsung CLX9201ND_1584434209691.png
COVER-SIDE GUIDE FEED;6107-001731;SPRING-CS;SUS304,PI0.6,L16.6,ID4.7,OD5.9;Samsung_image\Samsung CLX9201ND_1584434209691.png
COVER-SIDE GUIDE FEED;JC61-03098A;HOLDER-ROLLER IDLE;CLX-9350,POM SW-01,NA;Samsung_image\Samsung CLX9201ND_1584434209691.png
COVER-SIDE GUIDE FEED;JC66-02354A;SHAFT-ROLLER IDLE L;CLX-9350,SUM24L,137.;Samsung_image\Samsung CLX9201ND_1584434209691.png
COVER-SIDE GUIDE FEED;JC66-02289B;ROLLER-IDLE;SCX-8040ND,POM SW-01,16,BLAC;Samsung_image\Samsung CLX9201ND_1584434209691.png
COVER-SIDE GUIDE FEED;6107-003048;SPRING-CS;SWP B,1.0,43.7,13.1,FREE,CLOSE;Samsung_image\Samsung CLX9201ND_1584434209691.png
COVER-SIDE GUIDE FEED;JC66-03294A;ARM-TR FRONT;CLX-9201,ABS-GF20,51.7,13;Samsung_image\Samsung CLX9201ND_1584434209691.png
COVER-SIDE GUIDE FEED;JC66-02180A;ACTUATOR-DUPLEX 2;CLX-9350,PC HN-1064i,B;Samsung_image\Samsung CLX9201ND_1584434209691.png
COVER-SIDE GUIDE FEED;6107-001737;SPRING-TS;SUS304,PI0.25,ID3.8,OD4.3,105;Samsung_image\Samsung CLX9201ND_1584434209691.png
COVER-SIDE GUIDE FEED;JC68-02483A;LABEL-INFORMATION;CLX-9350,0.125,12,15;Samsung_image\Samsung CLX9201ND_1584434209691.png
COVER-SIDE GUIDE FEED;JC61-03580A;PLATE-GROUND_SAW_B;SCX-8040,STAINLESS-ST;Samsung_image\Samsung CLX9201ND_1584434209691.png
COVER-SIDE GUIDE FEED;0604-001393;PHOTO-INTERRUPTER;TR,75mW,BGA,TR;Samsung_image\Samsung CLX9201ND_1584434209691.png
COVER-SIDE GUIDE FEED;JC61-04895A;HOLDER-ACT FUSER IN;CLX-9201,ABS,210.4,3;Samsung_image\Samsung CLX9201ND_1584434209691.png
COVER-SIDE GUIDE FEED;JC66-03234A;ACTUATOR-FUSER IN;CLX-9201,PC,125.3,18.7;Samsung_image\Samsung CLX9201ND_1584434209691.png
COVER-SIDE GUIDE FEED;6107-001735;SPRING-TS;SUS304,PI0.25,ID4.8,OD5.3,29;Samsung_image\Samsung CLX9201ND_1584434209691.png
COVER-SIDE GUIDE FEED;JC61-04797A;GUIDE-T2 UPPER;CLX-9201,ABS+PC,322,28.8,;Samsung_image\Samsung CLX9201ND_1584434209691.png
COVER-SIDE GUIDE FEED;JC61-04798A;GUIDE-T2 LOWER;CLX-9201,ABS+PC,311.8,40.;Samsung_image\Samsung CLX9201ND_1584434209691.png
COVER-SIDE GUIDE FEED;6107-003054;SPRING-TS;SUS304,0.8,4.8;Samsung_image\Samsung CLX9201ND_1584434209691.png
COVER-SIDE GUIDE FEED;JC95-01514A;COVER-SIDE ROLLER T2;CLX-9201;Samsung_image\Samsung CLX9201ND_1584434209691.png
COVER-SIDE GUIDE FEED;JC66-03295A;ARM-TR REAR;CLX-9201,ABS+GF,51.7,13;Samsung_image\Samsung CLX9201ND_1584434209691.png
DADF;JC97-03997A;DADF PLATEN;CLX-9201,SEC;Samsung_image\Samsung CLX9201ND_1584434211976.png
DADF;JC97-03991A;DADF-SUB;CLX-9201,SEC;Samsung_image\Samsung CLX9201ND_1584434211976.png
DADF;JC97-03995A;DADF-HINGE L;CLX-9201,SEC;Samsung_image\Samsung CLX9201ND_1584434211976.png
DADF;JC97-03996A;DADF-HINGE R;CLX-9201,SEC;Samsung_image\Samsung CLX9201ND_1584434211976.png
DADF;JC63-03345A;COVER-SIDE_F;CLX-9201,HIPS,2,517.4,95,SP;Samsung_image\Samsung CLX9201ND_1584434211976.png
DADF;JC63-03354A;COVER-DECO_R;CLX-9201,HIPS,2,315.12,32.1;Samsung_image\Samsung CLX9201ND_1584434211976.png
DADF;JC63-03346A;COVER-SIDE_R;CLX-9201,HIPS,2,550,95,SPLI;Samsung_image\Samsung CLX9201ND_1584434211976.png
DADF;JC63-03353A;COVER-DECO_F;CLX-9201,HIPS,2,535,64.5,SP;Samsung_image\Samsung CLX9201ND_1584434211976.png
DADF;JC92-02446A;PBA-ADF;CLX-9201,SEC,FR-4,2LAYER;Samsung_image\Samsung CLX9201ND_1584434211976.png
DADF-SUB;JC97-03990A;DADF OPEN-COVER;CLX-9201,SEC;Samsung_image\Samsung CLX9201ND_1584434215939.png
DADF-SUB;JC97-03992A;DADF FRAME-MAIN;CLX-9201,SEC;Samsung_image\Samsung CLX9201ND_1584434215939.png
DADF-SUB;JC97-03993A;DADF-MOTOR;CLX-9201,SEC;Samsung_image\Samsung CLX9201ND_1584434215939.png
DADF-SUB;JC97-03994A;DADF STACKER;CLX-9201,SEC;Samsung_image\Samsung CLX9201ND_1584434215939.png
DADF OPEN-COVER;JC97-03990A;DADF OPEN-COVER;CLX-9201,SEC;Samsung_image\Samsung CLX9201ND_1584434219007.png
DADF OPEN-COVER;JC63-03273A;COVER-OPEN;CLX-9201,HIPS,2.5,360.39,157.;Samsung_image\Samsung CLX9201ND_1584434219007.png
DADF OPEN-COVER;JC64-00682A;HANDLE-COVER_OPEN;CLX-9201,HIPS,321.68,F;Samsung_image\Samsung CLX9201ND_1584434219007.png
DADF OPEN-COVER;6107-003033;SPRING-ES;SWP,0.5,12.8,3.8,9;Samsung_image\Samsung CLX9201ND_1584434219007.png
DADF OPEN-COVER;6107-003022;SPRING-CS;SWP,1.1,30.63,10.1,12.3,11.5,R;Samsung_image\Samsung CLX9201ND_1584434219007.png
DADF OPEN-COVER;6107-001737;SPRING-TS;SUS304,PI0.25,ID3.8,OD4.3,105;Samsung_image\Samsung CLX9201ND_1584434219007.png
DADF OPEN-COVER;JC61-00482A;SPRING ETC-PICKUP;SCX-5100,SUS304-WPB,PI;Samsung_image\Samsung CLX9201ND_1584434219007.png
DADF OPEN-COVER;JC97-04009A;DADF GUIDE-PIKCUP;CLX-9201,SEC;Samsung_image\Samsung CLX9201ND_1584434219007.png
DADF OPEN-COVER;JC66-03148A;ACTUATOR-REGI;CLX-9201,PC,156.8;Samsung_image\Samsung CLX9201ND_1584434219007.png
DADF OPEN-COVER;JC66-03147A;ACTUATOR-DETECT;CLX-9201,PC,120,BLACK,AC;Samsung_image\Samsung CLX9201ND_1584434219007.png
DADF OPEN-COVER;JC66-02384A;ROLLER-IDLE TAKE AWAY;CLX-9350,POM,18;Samsung_image\Samsung CLX9201ND_1584434219007.png
DADF OPEN-COVER;JC63-03274A;COVER-OPEN_INNER;CLX-9201,HIPS,2,302.7,1;Samsung_image\Samsung CLX9201ND_1584434219007.png
DADF OPEN-COVER;JC61-04647A;STOPPER-PAPER;CLX-9201,POM,36.73,BLACK;Samsung_image\Samsung CLX9201ND_1584434219007.png
DADF FRAME-MAIN;JC97-03992A;DADF FRAME-MAIN;CLX-9201,SEC;Samsung_image\Samsung CLX9201ND_1584434222955.png
DADF FRAME-MAIN;JC97-03097A;MEA-HOLDER ADF RUBBER;SCX-6555N,SEC,-,-,;Samsung_image\Samsung CLX9201ND_1584434222955.png
DADF FRAME-MAIN;JC69-02810A;PAD-GUIDE_PICKUP;CLX-9201,PU,1.0,10,35;Samsung_image\Samsung CLX9201ND_1584434222955.png
DADF FRAME-MAIN;JC61-04583A;GUIDE-PICK_UP;CLX-9201,ABS,2,329.6,PATH;Samsung_image\Samsung CLX9201ND_1584434222955.png
DADF FRAME-MAIN;JC61-04908A;BRACKET-EXIT;CLX-9201,EGI-SECC,0.8,316.1;Samsung_image\Samsung CLX9201ND_1584434222955.png
DADF FRAME-MAIN;JC67-00562A;BRUSH-ANTISTATIC;CLX-9201,SUS FIBER,0.2,;Samsung_image\Samsung CLX9201ND_1584434222955.png
DADF FRAME-MAIN;JC66-03095A;ROLLER-EXIT;CLX-9201,EPDM,16,GRAY,ETC RO;Samsung_image\Samsung CLX9201ND_1584434222955.png
DADF FRAME-MAIN;JC66-03094A;ROLLER-REGI;CLX-9201,EPDM,16,GRAY,ETC RO;Samsung_image\Samsung CLX9201ND_1584434222955.png
DADF FRAME-MAIN;0604-001393;PHOTO-INTERRUPTER;TR,75mW,BGA,TR;Samsung_image\Samsung CLX9201ND_1584434222955.png
DADF FRAME-MAIN;JC47-00033A;CLUTCH-ELECTRIC;ML-3200ND,DC24V,125mA,Z2;Samsung_image\Samsung CLX9201ND_1584434222955.png
DADF FRAME-MAIN;JC66-03261A;GEAR-EXIT;CLX-9201,POM,1.0,27,BLACK,29.0;Samsung_image\Samsung CLX9201ND_1584434222955.png
DADF FRAME-MAIN;JC66-03264A;GEAR-IDLE_CLUTCH;CLX-9201,POM,1.0,22,BLA;Samsung_image\Samsung CLX9201ND_1584434222955.png
DADF FRAME-MAIN;6602-003183;BELT-TIMING GEAR;40S2M304,RUBBER,W4.0,L3;Samsung_image\Samsung CLX9201ND_1584434222955.png
DADF FRAME-MAIN;6602-003186;BELT-TIMING GEAR;40S2M258,RUBBER,W4.0,L2;Samsung_image\Samsung CLX9201ND_1584434222955.png
DADF FRAME-MAIN;JC66-03266A;GEAR-KNOB;CLX-9201,POM,0.8,20,BLACK,17.6;Samsung_image\Samsung CLX9201ND_1584434222955.png
DADF FRAME-MAIN;JC66-03267A;GEAR-REDUCTION_KNOB;CLX-9201,POM,0.8,48,;Samsung_image\Samsung CLX9201ND_1584434222955.png
DADF FRAME-MAIN;JC66-03184A;ACTUATOR-EXIT;CLX-9201,PC,126.2;Samsung_image\Samsung CLX9201ND_1584434222955.png
DADF FRAME-MAIN;JC66-03177A;ROLLER-EXIT_IDLE;CLX-9201,POM,12.0,BLACK;Samsung_image\Samsung CLX9201ND_1584434222955.png
DADF FRAME-MAIN;JC61-04832A;HOLDER-EXIT IDLE_F;CLX-9201,POM,44,BLACK;Samsung_image\Samsung CLX9201ND_1584434222955.png
DADF FRAME-MAIN;JC66-03093A;ROLLER-FEED;CLX-9201,EPDM,16,GRAY,ETC RO;Samsung_image\Samsung CLX9201ND_1584434222955.png
DADF FRAME-MAIN;JC61-04584A;GUIDE-WHITE_BAR;CLX-9201,PC,314,PATH;Samsung_image\Samsung CLX9201ND_1584434222955.png
DADF-MOTOR;JC97-03993A;DADF-MOTOR;CLX-9201,SEC;Samsung_image\Samsung CLX9201ND_1584434226119.png
DADF-MOTOR;JC31-00156A;MOTOR BLDC-TYPE1;3002500rpm,DC 24V,25W,;Samsung_image\Samsung CLX9201ND_1584434226119.png
DADF-MOTOR;JC33-00007A;SOLENOID-PICK UP;SCX-5100,DC 24V,80,36.5;Samsung_image\Samsung CLX9201ND_1584434226119.png
DADF-MOTOR;JC61-04534A;HOLDER-HARNESS;CLX-9201,HIPS,198,BLACK;Samsung_image\Samsung CLX9201ND_1584434226119.png
DADF-MOTOR;JC61-00699B;BUSH-EXIT;CLX-9350,Fe+Cu+Zn-Slearate,6D,;Samsung_image\Samsung CLX9201ND_1584434226119.png
DADF-MOTOR;JC61-04627A;BRACKET-MOTOR;CLX-9201,EGI-SECC,1.0,NATU;Samsung_image\Samsung CLX9201ND_1584434226119.png
DADF-MOTOR;0604-001393;PHOTO-INTERRUPTER;TR,75mW,BGA,TR;Samsung_image\Samsung CLX9201ND_1584434226119.png
DADF-MOTOR;JC47-00033A;CLUTCH-ELECTRIC;ML-3200ND,DC24V,125mA,Z2;Samsung_image\Samsung CLX9201ND_1584434226119.png
DADF-MOTOR;JC66-03260A;GEAR-CAM_OUTER;CLX-9201,POM,1.0,28,BLACK;Samsung_image\Samsung CLX9201ND_1584434226119.png
DADF-MOTOR;JC66-03265A;GEAR-PICKUP_IDLE;CLX-9201,POM,1.0,20,BLA;Samsung_image\Samsung CLX9201ND_1584434226119.png
DADF-MOTOR;JC66-03263A;GEAR-REDUCTION;CLX-9201,POM,0.5/1.0,55/2;Samsung_image\Samsung CLX9201ND_1584434226119.png
DADF-MOTOR;JC66-03259A;GEAR-CAM_INNER;CLX-9201,POM,1.0,28,BLACK;Samsung_image\Samsung CLX9201ND_1584434226119.png
DADF-MOTOR;JC66-03262A;GEAR-EXIT_IDLE;CLX-9201,POM,1.0,16,BLACK;Samsung_image\Samsung CLX9201ND_1584434226119.png
DADF-MOTOR;6107-003036;SPRING-ES;SWP,0.55,20.8,5.5,22;Samsung_image\Samsung CLX9201ND_1584434226119.png
DADF STACKER;JC97-03994A;DADF STACKER;CLX-9201,SEC;Samsung_image\Samsung CLX9201ND_1584434231978.png
DADF STACKER;JC61-04749A;GUIDE-DOC_R;CLX-9201,HIPS,2,94.74,FG-179;Samsung_image\Samsung CLX9201ND_1584434231978.png
DADF STACKER;JC61-04746A;GUIDE-STACKER_UPPER;CLX-9201,HIPS,2,341.;Samsung_image\Samsung CLX9201ND_1584434231978.png
DADF STACKER;JC61-04748A;GUIDE-DOC_F;CLX-9201,HIPS,2,95.22,FG-179;Samsung_image\Samsung CLX9201ND_1584434231978.png
DADF STACKER;JC66-03209A;ACTUATOR-PAPER_LENGTH;CLX-9201,ABS,22,65;Samsung_image\Samsung CLX9201ND_1584434231978.png
DADF STACKER;0604-001393;PHOTO-INTERRUPTER;TR,75mW,BGA,TR;Samsung_image\Samsung CLX9201ND_1584434231978.png
DADF STACKER;JC61-04751A;GUIDE-GEAR_RACK_R;CLX-9201,ABS,37.03,224;Samsung_image\Samsung CLX9201ND_1584434231978.png
DADF STACKER;JC61-04750A;GUIDE-GEAR_RACK_F;CLX-9201,ABS,33.08,158;Samsung_image\Samsung CLX9201ND_1584434231978.png
DADF STACKER;JF72-41354A;PMO-GEAR PINION;CF4500,POM,NTR+WHT(DELRI;Samsung_image\Samsung CLX9201ND_1584434231978.png
DADF STACKER;JC61-04747A;GUIDE-STACKER_LOWER;CLX-9201,HIPS,2,298.;Samsung_image\Samsung CLX9201ND_1584434231978.png
DADF STACKER;JC61-01438A;GUIDE-STACKER WIRE;SCX-6345N/XRX,SUS,PI1;Samsung_image\Samsung CLX9201ND_1584434231978.png
DADF PLATEN;JC63-03348A;COVER-PLATEN;CLX-9201,HIPS,2,482.5,548,S;Samsung_image\Samsung CLX9201ND_1584434236319.png
DADF PLATEN;0604-001393;PHOTO-INTERRUPTER;TR,75mW,BGA,TR;Samsung_image\Samsung CLX9201ND_1584434236319.png
DADF PLATEN;JC63-03347A;COVER-DUMMY_PLATEN;CLX-9201,HIPS,2,24,30;Samsung_image\Samsung CLX9201ND_1584434236319.png
DADF PLATEN;JC66-03211A;SHAFT-IDLE_FEED;CLX-9201,SUM23,172,4;Samsung_image\Samsung CLX9201ND_1584434236319.png
DADF PLATEN;JC66-01022B;ROLLER-IDLE SCF;SCX-6555N,POM (SW-01),OD;Samsung_image\Samsung CLX9201ND_1584434236319.png
DADF PLATEN;JC66-03210A;ACTUATOR-SCAN;CLX-9201,PC,96.4,BLACK,ACT;Samsung_image\Samsung CLX9201ND_1584434236319.png
DADF PLATEN;6107-003277;SPRING-ES;SWP A,0.45,18.2,5.6,11.5,RIGHT;Samsung_image\Samsung CLX9201ND_1584434236319.png
DADF PLATEN;JC63-03351A;GROUND-HINGE_RIGHT;CLX-9201,C5210P,0.2,4;Samsung_image\Samsung CLX9201ND_1584434236319.png
DADF PLATEN;JC63-03349A;GROUND-HINGE_FRAME;CLX-9201,C5210P,0.2,4;Samsung_image\Samsung CLX9201ND_1584434236319.png
DADF PLATEN;JC61-40001A;FOOT-ML80;ML-80,NBR,GRAY;Samsung_image\Samsung CLX9201ND_1584434236319.png
OPE;JC97-04006A;OPE;CLX-9201,WORLD,SEC;Samsung_image\Samsung CLX9201ND_1584434239928.png
OPE;JC63-03409A;COVER-FRONT DUMMY OPE;CLX-9201,ABS,T2.5,;Samsung_image\Samsung CLX9201ND_1584434239928.png
OPE;JC97-04007A;OPE-FRONT;CLX-9201,WORLD,SEC;Samsung_image\Samsung CLX9201ND_1584434239928.png
OPE;JC63-03408A;COVER-BOTTOM OPE;CLX-9201,HIPS,T3,W329.4;Samsung_image\Samsung CLX9201ND_1584434239928.png
OPE;JC61-04567A;BRACKET-SUPPORT;CLX-9201,SECC,T1,W61,L10;Samsung_image\Samsung CLX9201ND_1584434239928.png
OPE;JC63-03407A;COVER-FRONT OPE;CLX-9201,ABS,T2.5,W322.4;Samsung_image\Samsung CLX9201ND_1584434239928.png
OPE;JC07-00021A;LCD;LMS700KF28-0,SCX-6555N,800(H) x 480(;Samsung_image\Samsung CLX9201ND_1584434239928.png
OPE;JC64-00683A;KEY-JOB STATUS;CLX-9201,ABS,37*15.8,T1.5;Samsung_image\Samsung CLX9201ND_1584434239928.png
OPE;JC67-00586A;LENS-ECO;CLX-9201,PMMA,WT0052,24.7*12.4,;Samsung_image\Samsung CLX9201ND_1584434239928.png
OPE;JC64-00691A;KEY-POWER;CLX-9201,PMMA,16.6*25,T1.5,WT0;Samsung_image\Samsung CLX9201ND_1584434239928.png
OPE;JC64-00685A;KEY-STOP;CLX-9201,ABS,29.1*43.6,T1.5,353;Samsung_image\Samsung CLX9201ND_1584434239928.png
OPE;JC64-00686A;KEY-START;CLX-9201,ABS,35*35,T1.5,C83180;Samsung_image\Samsung CLX9201ND_1584434239928.png
OPE;JC64-00684A;KEY-M TEL;CLX-9201,ABS,76*68.7,T1.5,G326;Samsung_image\Samsung CLX9201ND_1584434239928.png
OPE;JC61-04561A;BRACKET-LCD;CLX-9201,SECC,T0.8,W303.6,L1;Samsung_image\Samsung CLX9201ND_1584434239928.png
OPE;JC63-03310A;GROUND-TOUCH;CLX-9201,SUS,0.3,W171.25,L1;Samsung_image\Samsung CLX9201ND_1584434239928.png
OPE;JC39-01575A;FLAT CABLE-KEY;CLX-9201,20P,0.065,140mm,;Samsung_image\Samsung CLX9201ND_1584434239928.png
OPE;JC67-00560A;LENS-STATUS;CLX-9201,PMMA,WT0052,34.3*14;Samsung_image\Samsung CLX9201ND_1584434239928.png
OPE;JC92-02436A;PBA-OPE;CLX-9201/9251/9301,SEC,FR-4,6LAY;Samsung_image\Samsung CLX9201ND_1584434239928.png
PLATEN FR HR;JC97-04002A;PLATEN FR HR-UPPER;CLX-9201,SCANNER;Samsung_image\Samsung CLX9201ND_1584434244215.png
PLATEN FR HR;JC97-03985A;PLATEN FR HR-LOWER;CLX-9201,SCANNER;Samsung_image\Samsung CLX9201ND_1584434244215.png
PLATEN FR HR;0604-001453;PHOTO-INTERRUPTER;PHOTO IC,30mW,BULK;Samsung_image\Samsung CLX9201ND_1584434244215.png
PLATEN FR HR;JC61-04569A;HOLDER-APS;CLX-9201,ABS,60,60,BLACK;Samsung_image\Samsung CLX9201ND_1584434244215.png
PLATEN FR HR;JC61-04638A;PLATE-ALIGN COVER;CLX-9201,EGI-SECC,0.5,;Samsung_image\Samsung CLX9201ND_1584434244215.png
PLATEN FR HR;JC63-03296A;COVER-GLASS;CLX-9201,HIPS,346,24.79;Samsung_image\Samsung CLX9201ND_1584434244215.png
PLATEN FR HR;JC01-00072A;GLASS-SCAN;459.4*346,3.2;Samsung_image\Samsung CLX9201ND_1584434244215.png
PLATEN FR HR;JC61-04814A;GUIDE-PAPER V;CLX-9201,PC,14.17,345.5,PA;Samsung_image\Samsung CLX9201ND_1584434244215.png
PLATEN FR HR;JC01-00073A;GLASS-SCAN ADF;346*30,3.2;Samsung_image\Samsung CLX9201ND_1584434244215.png
PLATEN FR HR;JC61-04811A;GUIDE-ADF-PATH;CLX-9201,PC,15.28,360.48,;Samsung_image\Samsung CLX9201ND_1584434244215.png
PLATEN FR HR;JC61-04815A;GUIDE-PAPER H;CLX-9201,PC,29,444,PART;Samsung_image\Samsung CLX9201ND_1584434244215.png
PLATEN FR HR;JC63-03315A;SPONGE-GUIDE ADF;PORON,0.7,331,2.5,BLACK;Samsung_image\Samsung CLX9201ND_1584434244215.png
PLATEN FR HR-LOWER;JC97-03984A;PLATEN FR HR-CARRIAGE HR;CLX-9201,SCANNE;Samsung_image\Samsung CLX9201ND_1584434248489.png
PLATEN FR HR-LOWER;JC97-03983A;PLATEN FR HR-CARRIAGE FR;CLX-9201,SCANNE;Samsung_image\Samsung CLX9201ND_1584434248489.png
PLATEN FR HR-LOWER;JC61-04674A;FRAME-BASE;CLX-9201,EGI-SECC,1,409,532,P;Samsung_image\Samsung CLX9201ND_1584434248489.png
PLATEN FR HR-LOWER;6107-001698;SPRING-ES;SUS,PI0.8,L42,OD6.4;Samsung_image\Samsung CLX9201ND_1584434248489.png
PLATEN FR HR-LOWER;JC97-03998A;PLATEN FR HR-STRING FRONT;CLX-9201,SCANN;Samsung_image\Samsung CLX9201ND_1584434248489.png
PLATEN FR HR-LOWER;JC97-03999A;PLATEN FR HR-STRING REAR;CLX-9201,SCANNE;Samsung_image\Samsung CLX9201ND_1584434248489.png
PLATEN FR HR-LOWER;JC97-03988A;PLATEN FR HR-RAIL UPPER;CLX-9201,SCANNER;Samsung_image\Samsung CLX9201ND_1584434248489.png
PLATEN FR HR-LOWER;JC97-03987A;PLATEN FR HR-RAIL LOWER R;CLX-9201,SCANN;Samsung_image\Samsung CLX9201ND_1584434248489.png
PLATEN FR HR-LOWER;JC97-03986A;PLATEN FR HR-RAIL LOWER F;CLX-9201,SCANN;Samsung_image\Samsung CLX9201ND_1584434248489.png
PLATEN FR HR-LOWER;JC61-04572A;HOLDER-CABLE;CLX-9201,ABS,92,52,BLACK;Samsung_image\Samsung CLX9201ND_1584434248489.png
PLATEN FR HR-LOWER;0604-001393;PHOTO-INTERRUPTER;TR,75mW,BGA,TR;Samsung_image\Samsung CLX9201ND_1584434248489.png
PLATEN FR HR-LOWER;JC66-03242A;PULLEY-DRIVING;CLX-9201,PC,BLACK,8,33;Samsung_image\Samsung CLX9201ND_1584434248489.png
PLATEN FR HR-LOWER;JC64-00508A;HANDLE-SOCKET SET SCREW;CLX-9350,SWCH18A;Samsung_image\Samsung CLX9201ND_1584434248489.png
PLATEN FR HR-LOWER;JC66-03186A;SHAFT-DRIVING;CLX-9201,SUM 22,437.1,8.0,;Samsung_image\Samsung CLX9201ND_1584434248489.png
PLATEN FR HR-LOWER;JC66-02257A;PULLEY-BELT;CLX-9350,POM,WHITE,ID8,OD39;Samsung_image\Samsung CLX9201ND_1584434248489.png
PLATEN FR HR-LOWER;JC39-01673A;FLAT CABLE-CCD IF;CLX-9201,40P,760mm,AWM;Samsung_image\Samsung CLX9201ND_1584434248489.png
PLATEN FR HR-LOWER;JG61-40001A;FOOT-SF4000;SF4000,CR RUBBER,W14XL14,BLK;Samsung_image\Samsung CLX9201ND_1584434248489.png
PLATEN FR HR-LOWER;6602-001725;BELT-TIMING GEAR;366-1.5GT,Rubber(CR),W6;Samsung_image\Samsung CLX9201ND_1584434248489.png
PLATEN FR HR-LOWER;JC61-04629A;BRACKET-SUPPORT;CLX-9201,SECC,1.6,56,27;Samsung_image\Samsung CLX9201ND_1584434248489.png
PLATEN FR HR-LOWER;JC31-00158A;MOTOR STEP;17PM-K049-P6WS,1.2A,5.2W,2.2V;Samsung_image\Samsung CLX9201ND_1584434248489.png
PLATEN FR HR-LOWER;JC61-04630A;BRACKET-MOTOR;CLX-9201,SECC,1.0,64,40.5;Samsung_image\Samsung CLX9201ND_1584434248489.png
PLATEN FR HR-UPPER;JC61-04693A;FRAME-COVER;CLX-9201,EGI-SECC,1,411.8,53;Samsung_image\Samsung CLX9201ND_1584434251847.png
PLATEN FR HR-UPPER;JC63-03314A;GROUND-HINGE;CLX-9201,SUS,0.2,48.5,39.4,;Samsung_image\Samsung CLX9201ND_1584434251847.png
PLATEN FR HR-UPPER;JC61-04574A;HOLDER-HINGE-R;CLX-9201,ABS,61.3,61;Samsung_image\Samsung CLX9201ND_1584434251847.png
PLATEN FR HR-UPPER;JC61-04573A;HOLDER-HINGE-L;CLX-9201,ABS,59,63.1;Samsung_image\Samsung CLX9201ND_1584434251847.png
PLATEN FR HR-UPPER;JC92-02447A;PBA-SCAN JOINT;CLX-9201,SEC,FR-4,2LAYER;Samsung_image\Samsung CLX9201ND_1584434251847.png
PLATEN FR HR-UPPER;JC97-04003A;PLATEN FR HR-OPEN SENSOR;CLX-9201,SCANNE;Samsung_image\Samsung CLX9201ND_1584434251847.png
