Front, right, and top covers;40X6307;OP panel LCD and touch-screen display;;Lexmark_image\Lexmark X792dtse_1584256432069.png
Front, right, and top covers;40X7198;OP panel housing with buttons;;Lexmark_image\Lexmark X792dtse_1584256432069.png
Front, right, and top covers;40X6308;OP panel UICC card;;Lexmark_image\Lexmark X792dtse_1584256432069.png
Front, right, and top covers;40X7197;OP panel bottom cover;;Lexmark_image\Lexmark X792dtse_1584256432069.png
Front, right, and top covers;40X7182;Printhead access cover;;Lexmark_image\Lexmark X792dtse_1584256432069.png
Front, right, and top covers;40X7124;Bin-full flag;;Lexmark_image\Lexmark X792dtse_1584256432069.png
Front, right, and top covers;40X7127;Printhead assembly;;Lexmark_image\Lexmark X792dtse_1584256432069.png
Front, right, and top covers;40X7117;OP panel speaker;;Lexmark_image\Lexmark X792dtse_1584256432069.png
Front, right, and top covers;40X7179;ESD bracket;;Lexmark_image\Lexmark X792dtse_1584256432069.png
Front, right, and top covers;40X7181;AIO top cover assembly with output options cable;;Lexmark_image\Lexmark X792dtse_1584256432069.png
Front, right, and top covers;40X7192;Scanner right side cover;;Lexmark_image\Lexmark X792dtse_1584256432069.png
Front, right, and top covers;40X7183;AIO option cover;;Lexmark_image\Lexmark X792dtse_1584256432069.png
Front, right, and top covers;40X7120;Right cover;;Lexmark_image\Lexmark X792dtse_1584256432069.png
Front, right, and top covers;40X7189;Cave light/Out beacon cable;;Lexmark_image\Lexmark X792dtse_1584256432069.png
Front, right, and top covers;40X6099;Standard media tray (550-sheet media tray assembly);;Lexmark_image\Lexmark X792dtse_1584256432069.png
Front, right, and top covers;40X7111;Front access door and pivot;;Lexmark_image\Lexmark X792dtse_1584256432069.png
Front, right, and top covers;40X7125;Waste toner left cover;;Lexmark_image\Lexmark X792dtse_1584256432069.png
Front, right, and top covers;40X7186;AIO rear scanner cover;;Lexmark_image\Lexmark X792dtse_1584256432069.png
Front, right, and top covers;40X7222;BSD scanner front cover (496);;Lexmark_image\Lexmark X792dtse_1584256432069.png
Front, right, and top covers;40X7191;Scanner front cover (432, 436);;Lexmark_image\Lexmark X792dtse_1584256432069.png
Front, right, and top covers;40X7328;XS798 scanner front cover (496);;Lexmark_image\Lexmark X792dtse_1584256432069.png
Front, right, and top covers;40X7223;XS795 scanner front cover (486);;Lexmark_image\Lexmark X792dtse_1584256432069.png
Front, right, and top covers;40X7184;AIO front lower cover;;Lexmark_image\Lexmark X792dtse_1584256432069.png
Front, right, and top covers;40X7196;AIO front upper cover;;Lexmark_image\Lexmark X792dtse_1584256432069.png
Front, right, and top covers;40X7190;Scanner top cover;;Lexmark_image\Lexmark X792dtse_1584256432069.png
Front, right, and top covers;40X7185;AIO lower scanner cover;;Lexmark_image\Lexmark X792dtse_1584256432069.png
Left and rear covers;40X7151;MPF sensor plate assembly;;Lexmark_image\Lexmark X792dtse_1584256434491.png
Left and rear covers;40X7122;Left cover assembly with LVPS power switch;;Lexmark_image\Lexmark X792dtse_1584256434491.png
Left and rear covers;40X7178;MPF pick tire roll assembly;;Lexmark_image\Lexmark X792dtse_1584256434491.png
Left and rear covers;40X7148;MPF paper pick assembly;;Lexmark_image\Lexmark X792dtse_1584256434491.png
Left and rear covers;40X7156;Duplex assembly;;Lexmark_image\Lexmark X792dtse_1584256434491.png
Left and rear covers;40X7123;Left access door assembly;;Lexmark_image\Lexmark X792dtse_1584256434491.png
Left and rear covers;40X7147;MPF door assembly;;Lexmark_image\Lexmark X792dtse_1584256434491.png
Left and rear covers;40X7121;Lower left cover;;Lexmark_image\Lexmark X792dtse_1584256434491.png
Left and rear covers;40X7157;Belts parts packet;;Lexmark_image\Lexmark X792dtse_1584256434491.png
Left and rear covers;40X7150;MPF pick parts packet;;Lexmark_image\Lexmark X792dtse_1584256434491.png
Left and rear covers;40X7174;Pins & pads parts packet;;Lexmark_image\Lexmark X792dtse_1584256434491.png
Left and rear covers;40X7138;System board shield door;;Lexmark_image\Lexmark X792dtse_1584256434491.png
Left and rear covers;40X7180;Rear upper cover;;Lexmark_image\Lexmark X792dtse_1584256434491.png
Left and rear covers;40X7105;Rear cover;;Lexmark_image\Lexmark X792dtse_1584256434491.png
Front;40X7145;ITU block assembly;;Lexmark_image\Lexmark X792dtse_1584256438685.png
Front;40X7130;Cartridge blower assembly;;Lexmark_image\Lexmark X792dtse_1584256438685.png
Front;40X7141;Cartridge rail assembly;;Lexmark_image\Lexmark X792dtse_1584256438685.png
Front;40X7163;Sensors parts packet;;Lexmark_image\Lexmark X792dtse_1584256438685.png
Front;40X7161;Waste toner tray bracket;;Lexmark_image\Lexmark X792dtse_1584256438685.png
Front;40X7139;HVPS assembly with cable shield;;Lexmark_image\Lexmark X792dtse_1584256438685.png
Front;40X7112;Housing interlock assembly with sensor;;Lexmark_image\Lexmark X792dtse_1584256438685.png
Front;40X7158;Staging paper path reference edge assembly;;Lexmark_image\Lexmark X792dtse_1584256438685.png
Front (continued);40X7142;Cartridge memory block with sensor;;Lexmark_image\Lexmark X792dtse_1584256443250.png
Front (continued);40X7160;Paper pick mechanism assembly;;Lexmark_image\Lexmark X792dtse_1584256443250.png
Front (continued);40X6104;Pick tire roll assembly;;Lexmark_image\Lexmark X792dtse_1584256443250.png
Front (continued);40X7143;Cartridge contact block assembly;;Lexmark_image\Lexmark X792dtse_1584256443250.png
Front (continued);40X7126;Media tray rails (1 right, 1 left);;Lexmark_image\Lexmark X792dtse_1584256443250.png
Left;40X7133;Redrive parts packet;;Lexmark_image\Lexmark X792dtse_1584256448493.png
Left;40X7166;ITU autoconnect cable;;Lexmark_image\Lexmark X792dtse_1584256448493.png
Left;40X7163;Sensors parts packet;;Lexmark_image\Lexmark X792dtse_1584256448493.png
Left;40X7146;Staging deflector assembly with sensors;;Lexmark_image\Lexmark X792dtse_1584256448493.png
Left;40X7172;Fuser/MPF/autocomp parts packet;;Lexmark_image\Lexmark X792dtse_1584256448493.png
Left;40X7134;Paper path redrive assembly;;Lexmark_image\Lexmark X792dtse_1584256448493.png
Left;40X7164;Lower frame cable cover;;Lexmark_image\Lexmark X792dtse_1584256448493.png
Left;40X7132;Redrive motor assembly;;Lexmark_image\Lexmark X792dtse_1584256448493.png
Left (continued);40X7100;Fuser assembly, 115V;;Lexmark_image\Lexmark X792dtse_1584256454555.png
Left (continued);40X7101;Fuser assembly, 220V;;Lexmark_image\Lexmark X792dtse_1584256454555.png
Left (continued);40X7102;Fuser assembly, 100V;;Lexmark_image\Lexmark X792dtse_1584256454555.png
Left (continued);40X7153;Left access door pistons parts packet;;Lexmark_image\Lexmark X792dtse_1584256454555.png
Left (continued);40X7165;Fuser system card and LVPS cable with cable ties;;Lexmark_image\Lexmark X792dtse_1584256454555.png
Left (continued);40X7103;ITU module assembly;;Lexmark_image\Lexmark X792dtse_1584256454555.png
Rear;40X0269;Bolivia, Peru (8 ST);;Lexmark_image\Lexmark X792dtse_1584256458449.png
Rear;40X0270;Japan (8 ST);;Lexmark_image\Lexmark X792dtse_1584256458449.png
Rear;40X0271;UK, Ireland (8 ST);;Lexmark_image\Lexmark X792dtse_1584256458449.png
Rear;40X0273;Chile, Uruguay (8 ST);;Lexmark_image\Lexmark X792dtse_1584256458449.png
Rear;40X0275;Israel (8 ST);;Lexmark_image\Lexmark X792dtse_1584256458449.png
Rear;40X0288;Argentina (8 ST);;Lexmark_image\Lexmark X792dtse_1584256458449.png
Rear;40X0301;Australia (8 ST);;Lexmark_image\Lexmark X792dtse_1584256458449.png
Rear;40X0303;PRC (8 ST);;Lexmark_image\Lexmark X792dtse_1584256458449.png
Rear;40X1772;Switzerland (8 ST);;Lexmark_image\Lexmark X792dtse_1584256458449.png
Rear;40X1773;South Africa (8 ST);;Lexmark_image\Lexmark X792dtse_1584256458449.png
Rear;40X1774;Denmark (8 ST);;Lexmark_image\Lexmark X792dtse_1584256458449.png
Rear;40X1791;Taiwan (2.5 m ST);;Lexmark_image\Lexmark X792dtse_1584256458449.png
Rear;40X1792;Korea (2.5 m ST);;Lexmark_image\Lexmark X792dtse_1584256458449.png
Rear;40X3141;Europe (8 ST);;Lexmark_image\Lexmark X792dtse_1584256458449.png
Rear;40X4596;Brazil (8 ST);;Lexmark_image\Lexmark X792dtse_1584256458449.png
Rear;40X7104;U.S., Canada (8 ST);;Lexmark_image\Lexmark X792dtse_1584256458449.png
Rear;40X1766;U.S. (8 ST);;Lexmark_image\Lexmark X792dtse_1584256458449.png
Rear;40X7229;India (2.5 m ST);;Lexmark_image\Lexmark X792dtse_1584256458449.png
Rear;40X7195;Scanner left side front cover;;Lexmark_image\Lexmark X792dtse_1584256458449.png
Rear;40X7194;Scanner left side rear cover;;Lexmark_image\Lexmark X792dtse_1584256458449.png
Rear;40X7131;Main fan;;Lexmark_image\Lexmark X792dtse_1584256458449.png
Rear;40X7128;LVPS exit duct;;Lexmark_image\Lexmark X792dtse_1584256458449.png
Rear;40X7129;LVPS fan;;Lexmark_image\Lexmark X792dtse_1584256458449.png
Rear;40X7152;MPF drive assembly;;Lexmark_image\Lexmark X792dtse_1584256458449.png
Rear;40X7135;Fuser drive assembly;;Lexmark_image\Lexmark X792dtse_1584256458449.png
Rear;40X7162;Waste toner gears parts packet;;Lexmark_image\Lexmark X792dtse_1584256458449.png
Rear;40X7188;Low-voltage power supply (LVPS) with thermistor retainer;;Lexmark_image\Lexmark X792dtse_1584256458449.png
Rear;40X7219;Toroid;;Lexmark_image\Lexmark X792dtse_1584256458449.png
Rear (continued);40X7193;Scanner rear cover;;Lexmark_image\Lexmark X792dtse_1584256462127.png
Rear (continued);40X7144;EP drive assembly;;Lexmark_image\Lexmark X792dtse_1584256462127.png
Rear (continued);40X7155;Exit cooling duct assembly;;Lexmark_image\Lexmark X792dtse_1584256462127.png
Rear (continued);40X7187;System board;;Lexmark_image\Lexmark X792dtse_1584256462127.png
Rear (continued);40X6501;CPU cooling fan;;Lexmark_image\Lexmark X792dtse_1584256462127.png
Rear (continued);40X7140;System board and HVPS card parts packet;;Lexmark_image\Lexmark X792dtse_1584256462127.png
Flatbed scanner;40X7200;Flatbed scanner assembly;;Lexmark_image\Lexmark X792dtse_1584256468225.png
Flatbed scanner;40X2642;Scanner platen glass cover assembly;;Lexmark_image\Lexmark X792dtse_1584256468225.png
Flatbed scanner;40X4530;Scanner FB length sensor cable assembly;;Lexmark_image\Lexmark X792dtse_1584256468225.png
Flatbed scanner;40X7201;Scanner exposure lamp;;Lexmark_image\Lexmark X792dtse_1584256468225.png
Flatbed scanner;40X7202;Scanner CCD assembly;;Lexmark_image\Lexmark X792dtse_1584256468225.png
Flatbed scanner;40X4534;Sensor (platen glass length) assembly;;Lexmark_image\Lexmark X792dtse_1584256468225.png
Flatbed scanner;40X7203;Scanner interface card cable assembly;;Lexmark_image\Lexmark X792dtse_1584256468225.png
Flatbed scanner;40X4523;Carriage belt;;Lexmark_image\Lexmark X792dtse_1584256468225.png
Flatbed scanner;40X7210;Scanner interface card assembly;;Lexmark_image\Lexmark X792dtse_1584256468225.png
Flatbed scanner;40X4521;Carriage drive motor assembly with cable;;Lexmark_image\Lexmark X792dtse_1584256468225.png
Flatbed scanner;40X4528;Scanner reference LED cable assembly;;Lexmark_image\Lexmark X792dtse_1584256468225.png
Flatbed scanner;40X4532;Scanner reference LED assembly;;Lexmark_image\Lexmark X792dtse_1584256468225.png
Flatbed scanner;40X4524;Sensor (scanner HP) with bracket;;Lexmark_image\Lexmark X792dtse_1584256468225.png
Flatbed scanner;40X4529;Scanner HP sensor cable assembly;;Lexmark_image\Lexmark X792dtse_1584256468225.png
Flatbed scanner;40X4522;Carriage belt tensioner assembly;;Lexmark_image\Lexmark X792dtse_1584256468225.png
Flatbed scanner;40X4535;Scanner cooling fan;;Lexmark_image\Lexmark X792dtse_1584256468225.png
Flatbed scanner;40X4536;Scanner cooling fan filter;;Lexmark_image\Lexmark X792dtse_1584256468225.png
Flatbed scanner;40X7204;Scanner filter cover;;Lexmark_image\Lexmark X792dtse_1584256468225.png
Flatbed scanner;40X7205;Scanner CCD ribbon cable;;Lexmark_image\Lexmark X792dtse_1584256468225.png
ADF unit assembly;40X7206;ADF unit assembly;;Lexmark_image\Lexmark X792dtse_1584256472219.png
ADF covers;40X7207;ADF top door assembly, including beacon LED;;Lexmark_image\Lexmark X792dtse_1584256475653.png
ADF covers;40X7208;Left hinge assembly;;Lexmark_image\Lexmark X792dtse_1584256475653.png
ADF covers;40X4539;ADF rear cover;;Lexmark_image\Lexmark X792dtse_1584256475653.png
ADF covers;40X4563;Right hinge assembly;;Lexmark_image\Lexmark X792dtse_1584256475653.png
ADF covers;40X4564;Document tray extension;;Lexmark_image\Lexmark X792dtse_1584256475653.png
ADF covers;40X7209;ADF platen cushion;;Lexmark_image\Lexmark X792dtse_1584256475653.png
ADF covers;40X3438;ADF lower door assembly;;Lexmark_image\Lexmark X792dtse_1584256475653.png
ADF covers;40X3445;Media pinch pad assembly;;Lexmark_image\Lexmark X792dtse_1584256475653.png
ADF covers;40X7212;ADF front cover;;Lexmark_image\Lexmark X792dtse_1584256475653.png
ADF covers;40X4566;ADF turn guide;;Lexmark_image\Lexmark X792dtse_1584256475653.png
ADF covers;40X4562;Pick pad cover assembly;;Lexmark_image\Lexmark X792dtse_1584256475653.png
ADF feed and drive;40X4545;Transport drive motor bracket tension spring;;Lexmark_image\Lexmark X792dtse_1584256478257.png
ADF feed and drive;40X7213;Feed motor assembly with belt and cable;;Lexmark_image\Lexmark X792dtse_1584256478257.png
ADF feed and drive;40X4544;Transport motor bracket assembly with cable;;Lexmark_image\Lexmark X792dtse_1584256478257.png
ADF feed and drive;40X2759;Transport drive gear and pulley kit, rear;;Lexmark_image\Lexmark X792dtse_1584256478257.png
ADF feed and drive;40X2749;Feed one-way bearing and gear kit;;Lexmark_image\Lexmark X792dtse_1584256478257.png
ADF feed and drive;40X2750;Bushing, 6 mm;;Lexmark_image\Lexmark X792dtse_1584256478257.png
ADF feed and drive;40X4542;Pinch roll assembly;;Lexmark_image\Lexmark X792dtse_1584256478257.png
ADF feed and drive;40X2760;Transport drive gear, pulley, and belt kit, front;;Lexmark_image\Lexmark X792dtse_1584256478257.png
ADF feed and drive;40X4548;ADF solenoid assembly;;Lexmark_image\Lexmark X792dtse_1584256478257.png
ADF feed and drive;40X2761;Pick roll position cam assembly;;Lexmark_image\Lexmark X792dtse_1584256478257.png
ADF feed and drive;40X7220;ADF feed / pick roll assembly, including ADF separator roll and guide;;Lexmark_image\Lexmark X792dtse_1584256478257.png
ADF feed and drive;40X7214;Torque limiter;;Lexmark_image\Lexmark X792dtse_1584256478257.png
ADF feed and drive;40X8806;ADF maintenance kit;;Lexmark_image\Lexmark X792dtse_1584256478257.png
ADF electronics;40X4559;ADF tray length cable assembly;;Lexmark_image\Lexmark X792dtse_1584256481543.png
ADF electronics;40X7215;ADF document tray assembly;;Lexmark_image\Lexmark X792dtse_1584256481543.png
ADF electronics;40X4558;ADF sensor cable assembly;;Lexmark_image\Lexmark X792dtse_1584256481543.png
ADF electronics;40X4607;Sensor (ADF media exit) bracket assembly with fan;;Lexmark_image\Lexmark X792dtse_1584256481543.png
ADF electronics;40X4549;Sensor (ADF media exit);;Lexmark_image\Lexmark X792dtse_1584256481543.png
ADF electronics;40X4608;ADF filter and cover;;Lexmark_image\Lexmark X792dtse_1584256481543.png
ADF electronics;40X4556;ADF interface cable assembly;;Lexmark_image\Lexmark X792dtse_1584256481543.png
ADF electronics;40X7218;ADF beacon LED cable;;Lexmark_image\Lexmark X792dtse_1584256481543.png
ADF electronics;40X4557;ADF closed interlock switch cable assembly;;Lexmark_image\Lexmark X792dtse_1584256481543.png
ADF electronics;40X7216;ADF controller card assembly;;Lexmark_image\Lexmark X792dtse_1584256481543.png
ADF electronics;40X4554;Switch (ADF closed interlock);;Lexmark_image\Lexmark X792dtse_1584256481543.png
ADF electronics;40X4555;Duplex CCD interface cable assembly;;Lexmark_image\Lexmark X792dtse_1584256481543.png
ADF electronics;40X4565;ADF duplex CCD scan glass assembly;;Lexmark_image\Lexmark X792dtse_1584256481543.png
ADF electronics;40X7217;ADF duplex CCD assembly;;Lexmark_image\Lexmark X792dtse_1584256481543.png
ADF electronics;40X2762;Sensor (ADF 2nd scan);;Lexmark_image\Lexmark X792dtse_1584256481543.png
ADF electronics;40X4549;Sensor (ADF lower door interlock);;Lexmark_image\Lexmark X792dtse_1584256481543.png
ADF electronics;40X4560;ADF exit sensor cable;;Lexmark_image\Lexmark X792dtse_1584256481543.png
ADF electronics;40X4550;Sensor (ADF 1st scan);;Lexmark_image\Lexmark X792dtse_1584256481543.png
ADF electronics;40X4551;Sensor (ADF document set);;Lexmark_image\Lexmark X792dtse_1584256481543.png
ADF electronics;40X4550;Sensor (ADF sheet through);;Lexmark_image\Lexmark X792dtse_1584256481543.png
ADF electronics;40X4549;Sensor (ADF top door interlock);;Lexmark_image\Lexmark X792dtse_1584256481543.png
Optional 550-sheet tray;40X6967;550-sheet tray option;;Lexmark_image\Lexmark X792dtse_1584256483917.png
Optional 550-sheet tray;40X6102;550-sheet drawer assembly;;Lexmark_image\Lexmark X792dtse_1584256483917.png
Optional 550-sheet tray;40x6099;550-sheet media tray assembly;;Lexmark_image\Lexmark X792dtse_1584256483917.png
Optional 550-sheet drawer assembly;40X6100;550-sheet tray controller card assembly;;Lexmark_image\Lexmark X792dtse_1584256486460.png
Optional 550-sheet drawer assembly;40X6101;Anti-tip latch assembly;;Lexmark_image\Lexmark X792dtse_1584256486460.png
Optional 550-sheet drawer assembly;40X6274;550-sheet/2000-sheet input option sensor pack;;Lexmark_image\Lexmark X792dtse_1584256486460.png
Optional 550-sheet drawer assembly;40X6103;550-sheet tray pick assembly;;Lexmark_image\Lexmark X792dtse_1584256486460.png
Optional 550-sheet drawer assembly;40X6104;Pick roll assembly;;Lexmark_image\Lexmark X792dtse_1584256486460.png
Optional 2000-sheet high-capacity feeder (complete);40X6968;2000-sheet high-capacity feeder media tray option;;Lexmark_image\Lexmark X792dtse_1584256489314.png
Optional 2000-sheet high-capacity feeder;40X6275;2000-sheet high-capacity feeder pick roll assembly;;Lexmark_image\Lexmark X792dtse_1584256492606.png
Optional 2000-sheet high-capacity feeder;40X6119;2000-sheet high-capacity feeder pick assembly;;Lexmark_image\Lexmark X792dtse_1584256492606.png
Optional 2000-sheet high-capacity feeder;40X6972;2000-sheet high-capacity feeder rear cover;;Lexmark_image\Lexmark X792dtse_1584256492606.png
Optional 2000-sheet high-capacity feeder;40X6274;550-sheet/2000-sheet input option sensor pack;;Lexmark_image\Lexmark X792dtse_1584256492606.png
Optional 2000-sheet high-capacity feeder;40X4585;Tray latch;;Lexmark_image\Lexmark X792dtse_1584256492606.png
Optional 2000-sheet high-capacity feeder;40X6276;2000-sheet high-capacity feeder controller card assembly;;Lexmark_image\Lexmark X792dtse_1584256492606.png
Optional 2000-sheet high-capacity feeder;40X6101;Anti-tip latch assembly;;Lexmark_image\Lexmark X792dtse_1584256492606.png
Optional 2000-sheet high-capacity feeder;40X6971;2000-sheet high-capacity feeder right cover;;Lexmark_image\Lexmark X792dtse_1584256492606.png
Optional 2000-sheet high-capacity feeder;40X6486;2000-sheet high-capacity feeder lift drive gear pack;;Lexmark_image\Lexmark X792dtse_1584256492606.png
Optional 2000-sheet high-capacity feeder;40X6969;2000-sheet high-capacity feeder lift drive motor assembly;;Lexmark_image\Lexmark X792dtse_1584256492606.png
Optional 2000-sheet high-capacity feeder;40X6115;2000-sheet high-capacity feeder media tray assembly;;Lexmark_image\Lexmark X792dtse_1584256492606.png
Optional 2000-sheet high-capacity feeder;40X6970;2000-sheet high-capacity feeder left cover;;Lexmark_image\Lexmark X792dtse_1584256492606.png
Optional 2000-sheet high-capacity feeder;40X6118;2000-sheet high-capacity feeder jam clearance cover;;Lexmark_image\Lexmark X792dtse_1584256492606.png
Optional 2000-sheet high-capacity feeder;40X6116;2000-sheet high-capacity feeder drive assembly;;Lexmark_image\Lexmark X792dtse_1584256492606.png
Finisher/High-capacity ouput stacker assembly;40X7234;Left access door assembly;;Lexmark_image\Lexmark X792dtse_1584256497649.png
Finisher/High-capacity ouput stacker assembly;40X7238;Backup redrive roller;;Lexmark_image\Lexmark X792dtse_1584256497649.png
Finisher/High-capacity ouput stacker assembly;40X7231;Finisher rear cover;;Lexmark_image\Lexmark X792dtse_1584256497649.png
Finisher/High-capacity ouput stacker assembly;40X7252;Stacker rear cover;;Lexmark_image\Lexmark X792dtse_1584256497649.png
Finisher/High-capacity ouput stacker assembly;40X5544;Sensor (bin full receive);;Lexmark_image\Lexmark X792dtse_1584256497649.png
Finisher/High-capacity ouput stacker assembly;40X7240;Finisher bin-full spring;;Lexmark_image\Lexmark X792dtse_1584256497649.png
Finisher/High-capacity ouput stacker assembly;40X5727;LED clear lens;;Lexmark_image\Lexmark X792dtse_1584256497649.png
Finisher/High-capacity ouput stacker assembly;40X5545;Standard output bin LED;;Lexmark_image\Lexmark X792dtse_1584256497649.png
Finisher/High-capacity ouput stacker assembly;40X7239;Bottom cover;;Lexmark_image\Lexmark X792dtse_1584256497649.png
Finisher/High-capacity ouput stacker assembly;40X4618;Sensor (bin media present);;Lexmark_image\Lexmark X792dtse_1584256497649.png
Finisher/High-capacity ouput stacker assembly;40X4619;Output bin extension;;Lexmark_image\Lexmark X792dtse_1584256497649.png
Finisher/High-capacity ouput stacker assembly;40X7241;Finisher controller card assembly;;Lexmark_image\Lexmark X792dtse_1584256497649.png
Finisher/High-capacity ouput stacker assembly;40X7253;Stacker controller card assembly;;Lexmark_image\Lexmark X792dtse_1584256497649.png
Finisher/High-capacity ouput stacker assembly;40X4626;Sensor (bin full send);;Lexmark_image\Lexmark X792dtse_1584256497649.png
Finisher/High-capacity ouput stacker assembly;40X7232;Front cover;;Lexmark_image\Lexmark X792dtse_1584256497649.png
Finisher/High-capacity ouput stacker assembly;40X7233;Top cover;;Lexmark_image\Lexmark X792dtse_1584256497649.png
Finisher/High-capacity ouput stacker assembly;40X5906;Finisher sensor (pass thru)/Stacker sensor (pass thru);;Lexmark_image\Lexmark X792dtse_1584256497649.png
Finisher/High-capacity ouput stacker assembly;40X7237;Beacon housing;;Lexmark_image\Lexmark X792dtse_1584256497649.png
Finisher/High-capacity ouput stacker assembly;40X4528;Left access beacon;;Lexmark_image\Lexmark X792dtse_1584256497649.png
Finisher/High-capacity ouput stacker assembly;40X7236;Beacon clear lens;;Lexmark_image\Lexmark X792dtse_1584256497649.png
Finisher /High-capacity output stacker assembly 2;40X7244;Rear media stack flap;;Lexmark_image\Lexmark X792dtse_1584256503116.png
Finisher /High-capacity output stacker assembly 2;40X7245;Front media stack flap;;Lexmark_image\Lexmark X792dtse_1584256503116.png
Finisher /High-capacity output stacker assembly 2;40X7243;LED clear lens;;Lexmark_image\Lexmark X792dtse_1584256503116.png
Finisher /High-capacity output stacker assembly 2;40X4622;Rear tamper motor assembly;;Lexmark_image\Lexmark X792dtse_1584256503116.png
Finisher /High-capacity output stacker assembly 2;40X4624;Tamper recoil spring;;Lexmark_image\Lexmark X792dtse_1584256503116.png
Finisher /High-capacity output stacker assembly 2;40X5909;Sensor (tamper front and rear paddle);;Lexmark_image\Lexmark X792dtse_1584256503116.png
Finisher /High-capacity output stacker assembly 2;40X4623;Tamper drive belt;;Lexmark_image\Lexmark X792dtse_1584256503116.png
Finisher /High-capacity output stacker assembly 2;40X4621;Front tamper motor assembly;;Lexmark_image\Lexmark X792dtse_1584256503116.png
Finisher /High-capacity output stacker assembly 2;40X5545;Output beacon card;;Lexmark_image\Lexmark X792dtse_1584256503116.png
Finisher /High-capacity output stacker assembly 2;40X4615;Paddle drive motor;;Lexmark_image\Lexmark X792dtse_1584256503116.png
Finisher stapler assembly;40X7246;Stapler assembly;;Lexmark_image\Lexmark X792dtse_1584256505868.png
Finisher stapler assembly;40X5909;Sensor (media in stapler);;Lexmark_image\Lexmark X792dtse_1584256505868.png
Finisher/Stacker assembly (complete);40X7230;Finisher assembly;;Lexmark_image\Lexmark X792dtse_1584256510410.png
Finisher/Stacker assembly (complete);40X7251;Stacker assembly;;Lexmark_image\Lexmark X792dtse_1584256510410.png
5-bin mailbox assembly (complete);40X7254;5-bin mailbox total option;;Lexmark_image\Lexmark X792dtse_1584256512939.png
5-bin mailbox assembly (covers);40X7272;Top cover;;Lexmark_image\Lexmark X792dtse_1584256517566.png
5-bin mailbox assembly (covers);40X7266;Output bin paper bail;;Lexmark_image\Lexmark X792dtse_1584256517566.png
5-bin mailbox assembly (covers);40X7267;Output bin extension cover;;Lexmark_image\Lexmark X792dtse_1584256517566.png
5-bin mailbox assembly (covers);40X7257;Output bin light pipe;;Lexmark_image\Lexmark X792dtse_1584256517566.png
5-bin mailbox assembly (covers);40X7256;LED card assembly;;Lexmark_image\Lexmark X792dtse_1584256517566.png
5-bin mailbox assembly (covers);40X7255;Front cover;;Lexmark_image\Lexmark X792dtse_1584256517566.png
5-bin mailbox assembly (covers);40X7261;LED jam cover;;Lexmark_image\Lexmark X792dtse_1584256517566.png
5-bin mailbox assembly (covers);40X4528;Scanner reference LED cable assembly;;Lexmark_image\Lexmark X792dtse_1584256517566.png
5-bin mailbox assembly (covers);40X7236;Beacon clear lens;;Lexmark_image\Lexmark X792dtse_1584256517566.png
5-bin mailbox assembly (covers);40X7259;Jam access door assembly;;Lexmark_image\Lexmark X792dtse_1584256517566.png
5-bin mailbox assembly (covers);40X7270;Rear cover;;Lexmark_image\Lexmark X792dtse_1584256517566.png
5-bin mailbox assembly (interior);40X7263;Top output bin roller;;Lexmark_image\Lexmark X792dtse_1584256523564.png
5-bin mailbox assembly (interior);40X7264;1 thru 4 output bin roller;;Lexmark_image\Lexmark X792dtse_1584256523564.png
5-bin mailbox assembly (interior);40X5545;Output bin LED;;Lexmark_image\Lexmark X792dtse_1584256523564.png
5-bin mailbox assembly (interior);40X5727;LED clear lens;;Lexmark_image\Lexmark X792dtse_1584256523564.png
5-bin mailbox assembly (interior);40X4647;Output bin LED bracket;;Lexmark_image\Lexmark X792dtse_1584256523564.png
5-bin mailbox assembly (interior);40X7265;Pasthru sensor;;Lexmark_image\Lexmark X792dtse_1584256523564.png
5-bin mailbox assembly (interior);40X4633;Bin full sensor;;Lexmark_image\Lexmark X792dtse_1584256523564.png
5-bin mailbox assembly (interior);40X7268;Bin full flag;;Lexmark_image\Lexmark X792dtse_1584256523564.png
5-bin mailbox assembly (interior);40X4635;Deflector gate solenoid;;Lexmark_image\Lexmark X792dtse_1584256523564.png
5-bin mailbox assembly (interior);40X5750;Diverter spring;;Lexmark_image\Lexmark X792dtse_1584256523564.png
5-bin mailbox assembly (interior);40X7262;Output bin deflector;;Lexmark_image\Lexmark X792dtse_1584256523564.png
5-bin mailbox assembly (interior);40X7260;Backup roll plate;;Lexmark_image\Lexmark X792dtse_1584256523564.png
5-bin mailbox assembly (interior);40X7269;Feed motor with bracket;;Lexmark_image\Lexmark X792dtse_1584256523564.png
5-bin mailbox assembly (interior);40X7271;Controller card;;Lexmark_image\Lexmark X792dtse_1584256523564.png
HTU (complete);40X7275;Horizontal transport unit, total assembly;;Lexmark_image\Lexmark X792dtse_1584256527812.png
HTU (covers);40X7287;HTU top right cover;;Lexmark_image\Lexmark X792dtse_1584256533890.png
HTU (covers);40X4528;HTU access door beacon card;;Lexmark_image\Lexmark X792dtse_1584256533890.png
HTU (covers);40X5544;Receive PCBA (transparency detect);;Lexmark_image\Lexmark X792dtse_1584256533890.png
HTU (covers);40X5544;Receive PCBA (bin full);;Lexmark_image\Lexmark X792dtse_1584256533890.png
HTU (covers);40X7285;HTU right bottom cover;;Lexmark_image\Lexmark X792dtse_1584256533890.png
HTU (covers);40X7280;HTU front standard bin cover;;Lexmark_image\Lexmark X792dtse_1584256533890.png
HTU (covers);40X7274;HTU outer front cover (AIO only);;Lexmark_image\Lexmark X792dtse_1584256533890.png
HTU (covers);40X7279;HTU front redrive cover;;Lexmark_image\Lexmark X792dtse_1584256533890.png
HTU (covers);40X7286;HTU top redrive cover;;Lexmark_image\Lexmark X792dtse_1584256533890.png
HTU (covers);40X7277;HTU access door rollers;;Lexmark_image\Lexmark X792dtse_1584256533890.png
HTU (covers);40X7258;HTU rear redrive cover;;Lexmark_image\Lexmark X792dtse_1584256533890.png
HTU (covers);40X7283;HTU rear standard bin cover;;Lexmark_image\Lexmark X792dtse_1584256533890.png
HTU (covers);40X7276;HTU access door;;Lexmark_image\Lexmark X792dtse_1584256533890.png
HTU (left interior);40X7305;HTU upper redrive guide;;Lexmark_image\Lexmark X792dtse_1584256538851.png
HTU (left interior);40X7312;HTU lower redrive guide;;Lexmark_image\Lexmark X792dtse_1584256538851.png
HTU (left interior);40X7324;Drive motor gears parts pkt;;Lexmark_image\Lexmark X792dtse_1584256538851.png
HTU (left interior);40X7288;HTU belts/pulley parts pkt;;Lexmark_image\Lexmark X792dtse_1584256538851.png
HTU (left interior);40X4626;HTU bin full send card;;Lexmark_image\Lexmark X792dtse_1584256538851.png
HTU (left interior);40X7315;HTU bin full send/rec lens;;Lexmark_image\Lexmark X792dtse_1584256538851.png
HTU (left interior);40X7302;HTU controller card;;Lexmark_image\Lexmark X792dtse_1584256538851.png
HTU (left interior);40X7316;HTU drive gear spring;;Lexmark_image\Lexmark X792dtse_1584256538851.png
HTU (right interior);40X7304;HTU output option with spring hook;;Lexmark_image\Lexmark X792dtse_1584256542926.png
HTU (right interior);40X7303;HTU (engage/output option) roller;;Lexmark_image\Lexmark X792dtse_1584256542926.png
HTU (right interior);40X7319;HTU upper exit shaft;;Lexmark_image\Lexmark X792dtse_1584256542926.png
HTU (right interior);40X7318;HTU exit roller;;Lexmark_image\Lexmark X792dtse_1584256542926.png
HTU (right interior);40X4618;HTU empty bin sensor;;Lexmark_image\Lexmark X792dtse_1584256542926.png
HTU (right interior);40X7307;HTU output bin;;Lexmark_image\Lexmark X792dtse_1584256542926.png
HTU (right interior);40X7306;HTU output bin extension;;Lexmark_image\Lexmark X792dtse_1584256542926.png
HTU (right interior);40X7308;HTU output bin stop;;Lexmark_image\Lexmark X792dtse_1584256542926.png
HTU (right interior);40X7315;HTU bin full send/receive lens;;Lexmark_image\Lexmark X792dtse_1584256542926.png
HTU (right interior);40X5544;HTU bin full receive PCBA;;Lexmark_image\Lexmark X792dtse_1584256542926.png
HTU (right interior);40X7310;HTU output bin divert solenoid;;Lexmark_image\Lexmark X792dtse_1584256542926.png
HTU (right interior);40X7281;HTU locking lever;;Lexmark_image\Lexmark X792dtse_1584256542926.png
HTU (right interior);40X7311;HTU stop diverter;;Lexmark_image\Lexmark X792dtse_1584256542926.png
HTU (right interior);40X7309;HTU output option diverter solenoid;;Lexmark_image\Lexmark X792dtse_1584256542926.png
HTU (right interior);40X7282;HTU locking lever PCBA;;Lexmark_image\Lexmark X792dtse_1584256542926.png
HTU (right interior);40X7300;HTU diverter gate spring;;Lexmark_image\Lexmark X792dtse_1584256542926.png
HTU (right interior);40X7313;HTU access door sensor. HTU output option position sensor;;Lexmark_image\Lexmark X792dtse_1584256542926.png
HTU (right interior);40X7278;HTU sensor housing;;Lexmark_image\Lexmark X792dtse_1584256542926.png
HTU (right interior);40X7317;HTU transport motor;;Lexmark_image\Lexmark X792dtse_1584256542926.png
HTU (right interior);40X7284;HTU output option guide;;Lexmark_image\Lexmark X792dtse_1584256542926.png
HTU with hole punch (complete);40X7235;HTU with hole punch, total assembly;;Lexmark_image\Lexmark X792dtse_1584256547900.png
HTU with hole punch (covers);40X7326;HTU with hole punch, top right cover;;Lexmark_image\Lexmark X792dtse_1584256550614.png
HTU with hole punch (covers);40X4528;HTU access door beacon card;;Lexmark_image\Lexmark X792dtse_1584256550614.png
HTU with hole punch (covers);40X5544;Receive PCBA (transparency detect);;Lexmark_image\Lexmark X792dtse_1584256550614.png
HTU with hole punch (covers);40X5544;Receive PCBA (bin full);;Lexmark_image\Lexmark X792dtse_1584256550614.png
HTU with hole punch (covers);40X7289;HTU with hole punch, right bottom cover;;Lexmark_image\Lexmark X792dtse_1584256550614.png
HTU with hole punch (covers);40X7299;Chad hopper;;Lexmark_image\Lexmark X792dtse_1584256550614.png
HTU with hole punch (covers);40X7280;HTU front standard bin cover;;Lexmark_image\Lexmark X792dtse_1584256550614.png
HTU with hole punch (covers);40X7274;HTU outer front cover (AIO only);;Lexmark_image\Lexmark X792dtse_1584256550614.png
HTU with hole punch (covers);40X7279;HTU front redrive cover;;Lexmark_image\Lexmark X792dtse_1584256550614.png
HTU with hole punch (covers);40X7286;HTU top redrive cover;;Lexmark_image\Lexmark X792dtse_1584256550614.png
HTU with hole punch (covers);40X7277;HTU access door rollers;;Lexmark_image\Lexmark X792dtse_1584256550614.png
HTU with hole punch (covers);40X7258;HTU rear redrive cover;;Lexmark_image\Lexmark X792dtse_1584256550614.png
HTU with hole punch (covers);40X7283;HTU rear standard bin cover;;Lexmark_image\Lexmark X792dtse_1584256550614.png
HTU with hole punch (covers);40X7276;HTU access door;;Lexmark_image\Lexmark X792dtse_1584256550614.png
HTU with hole punch (left interior);40X7305;HTU upper redrive guide;;Lexmark_image\Lexmark X792dtse_1584256555641.png
HTU with hole punch (left interior);40X7312;HTU lower redrive guide;;Lexmark_image\Lexmark X792dtse_1584256555641.png
HTU with hole punch (left interior);40X4626;Send PCBA (transparency detect);;Lexmark_image\Lexmark X792dtse_1584256555641.png
HTU with hole punch (left interior);40X7324;Drive motor gears parts pkt;;Lexmark_image\Lexmark X792dtse_1584256555641.png
HTU with hole punch (left interior);40X7288;HTU belts/pulley parts pkt;;Lexmark_image\Lexmark X792dtse_1584256555641.png
HTU with hole punch (left interior);40X7327;Punch motor;;Lexmark_image\Lexmark X792dtse_1584256555641.png
HTU with hole punch (left interior);40X4626;HTU bin full send card;;Lexmark_image\Lexmark X792dtse_1584256555641.png
HTU with hole punch (left interior);40X7302;HTU controller card;;Lexmark_image\Lexmark X792dtse_1584256555641.png
HTU with hole punch (left interior);40X7315;HTU bin full send/rec lens;;Lexmark_image\Lexmark X792dtse_1584256555641.png
HTU with hole punch (left interior);40X7316;HTU drive gear spring;;Lexmark_image\Lexmark X792dtse_1584256555641.png
HTU with hole punch (left interior);40X7224;Hole punch with sensor;;Lexmark_image\Lexmark X792dtse_1584256555641.png
HTU with hole punch (left interior);40X7228;Punch gears and belt;;Lexmark_image\Lexmark X792dtse_1584256555641.png
