Covers;40X7678;Rear door;;Lexmark_image\Lexmark MS812de_1584251182197.png
Covers;40X7726;Rear door support;;Lexmark_image\Lexmark MS812de_1584251182197.png
Covers;40X7671;Rear lower cover (integrated 550.sheet tray);;Lexmark_image\Lexmark MS812de_1584251182197.png
Covers;40X8404;Rear lower cover (integrated 250.sheet tray);;Lexmark_image\Lexmark MS812de_1584251182197.png
Covers;40X7680;Right cover (integrated 550.sheet tray);;Lexmark_image\Lexmark MS812de_1584251182197.png
Covers;40X8403;Right cover (integrated 250.sheet tray);;Lexmark_image\Lexmark MS812de_1584251182197.png
Covers;40X7670;Right inner cover;;Lexmark_image\Lexmark MS812de_1584251182197.png
Covers;40X7690;Torsion spring;;Lexmark_image\Lexmark MS812de_1584251182197.png
Covers;40X7715;Front door support link;;Lexmark_image\Lexmark MS812de_1584251182197.png
Covers;40X7725;MPF tray;;Lexmark_image\Lexmark MS812de_1584251182197.png
Covers;40X7674;Front door;;Lexmark_image\Lexmark MS812de_1584251182197.png
Covers;40X7669;Inner left cover;;Lexmark_image\Lexmark MS812de_1584251182197.png
Covers;40X7672;Controller board access cover;;Lexmark_image\Lexmark MS812de_1584251182197.png
Covers;40X7679;Left cover (integrated 550.sheet tray);;Lexmark_image\Lexmark MS812de_1584251182197.png
Covers;40X8402;Left cover (integrated 250.sheet tray);;Lexmark_image\Lexmark MS812de_1584251182197.png
Covers;40X7677;Bin sensor cover;;Lexmark_image\Lexmark MS812de_1584251182197.png
Covers;40X7675;Standard bin cover (integrated 550.sheet tray);;Lexmark_image\Lexmark MS812de_1584251182197.png
Covers;40X8397;Standard bin cover (integrated 250.sheet tray);;Lexmark_image\Lexmark MS812de_1584251182197.png
Covers;40X8398;Fuser wiper cover (hot roll fuser printer only);;Lexmark_image\Lexmark MS812de_1584251182197.png
Covers;40X7604;Output bin guide;;Lexmark_image\Lexmark MS812de_1584251182197.png
Covers;40X7673;Top cover;;Lexmark_image\Lexmark MS812de_1584251182197.png
Paper path;40X7602;Upper redrive;;Lexmark_image\Lexmark MS812de_1584251186005.png
Paper path;40X7588;Fuser access door (belt fuser printers only);;Lexmark_image\Lexmark MS812de_1584251186005.png
Paper path;40X8399;Fuser access door (hot roll fuser printers only);;Lexmark_image\Lexmark MS812de_1584251186005.png
Paper path;40X7587;Inner guide deflector;;Lexmark_image\Lexmark MS812de_1584251186005.png
Paper path;40X7585;Recoil spring;;Lexmark_image\Lexmark MS812de_1584251186005.png
Paper path;40X7584;Duplex exit diverter;;Lexmark_image\Lexmark MS812de_1584251186005.png
Paper path;40X7583;Media turn guide;;Lexmark_image\Lexmark MS812de_1584251186005.png
Paper path;40X7586;Media vertical guide;;Lexmark_image\Lexmark MS812de_1584251186005.png
Fusers;40X7577;Fuser data cable;;Lexmark_image\Lexmark MS812de_1584251188596.png
Fusers;40X7743;MS81x Return Program Fuser Type 00, 110-120V Letter;;Lexmark_image\Lexmark MS812de_1584251188596.png
Fusers;40X7744;MS81x Return Program Fuser Type 01, 220-240V A4;;Lexmark_image\Lexmark MS812de_1584251188596.png
Fusers;40X7745;MS81x Return Program Fuser Type 02, 100V A4;;Lexmark_image\Lexmark MS812de_1584251188596.png
Fusers;40X7581;MS81x Return Program Fuser Type 03, 110-120V A4;;Lexmark_image\Lexmark MS812de_1584251188596.png
Fusers;40X7734;MS81x Return Program Fuser Type 04, 220-240V Letter;;Lexmark_image\Lexmark MS812de_1584251188596.png
Fusers;40X8016;MS81x Fuser Type 05, 110-120V Letter;;Lexmark_image\Lexmark MS812de_1584251188596.png
Fusers;40X8017;MS81x Fuser Type 06, 220-240V A4;;Lexmark_image\Lexmark MS812de_1584251188596.png
Fusers;40X8018;MS81x Fuser Type 07, 100V A4;;Lexmark_image\Lexmark MS812de_1584251188596.png
Fusers;40X8019;MS81x Fuser Type 08, 110-120V A4;;Lexmark_image\Lexmark MS812de_1584251188596.png
Fusers;40X8020;MS81x Fuser Type 09, 220-240V Letter;;Lexmark_image\Lexmark MS812de_1584251188596.png
Fusers;40X8503;MS71x Return Program Fuser Type 11, 110-120V contact;;Lexmark_image\Lexmark MS812de_1584251188596.png
Fusers;40X8504;MS71x Return Program Fuser Type 13, 220-240V contact;;Lexmark_image\Lexmark MS812de_1584251188596.png
Fusers;40X8505;MS71x Return Program Fuser Type 15, 100V contact;;Lexmark_image\Lexmark MS812de_1584251188596.png
Fusers;40X8506;MS71x Fuser Type 17, 110v contact;;Lexmark_image\Lexmark MS812de_1584251188596.png
Fusers;40X8507;MS71x Fuser Type 19, 220v contact;;Lexmark_image\Lexmark MS812de_1584251188596.png
Fusers;40X8508;MS71x Fuser Type 21, 100v contact;;Lexmark_image\Lexmark MS812de_1584251188596.png
Electronics;40X7694;LVPS (universal);;Lexmark_image\Lexmark MS812de_1584251192706.png
Electronics;40X7685;Toner level / imaging unit high voltage contact;;Lexmark_image\Lexmark MS812de_1584251192706.png
Electronics;40X7688;Input sensor cable;;Lexmark_image\Lexmark MS812de_1584251192706.png
Electronics;40X7578;HVPS;;Lexmark_image\Lexmark MS812de_1584251192706.png
Electronics;40X7686;Sensor (toner density) Includes shutter and cable;;Lexmark_image\Lexmark MS812de_1584251192706.png
Electronics;40X7606;Transfer roller right arm;;Lexmark_image\Lexmark MS812de_1584251192706.png
Electronics;40X7699;HVPS/toner cartridge fan cable;;Lexmark_image\Lexmark MS812de_1584251192706.png
Electronics;40X7582;Transfer roller;;Lexmark_image\Lexmark MS812de_1584251192706.png
Electronics;40X7605;Transfer roller left arm with cable;;Lexmark_image\Lexmark MS812de_1584251192706.png
Electronics;40X8365;Printhead access cover;;Lexmark_image\Lexmark MS812de_1584251192706.png
Electronics;40X7607;Sensor (input);;Lexmark_image\Lexmark MS812de_1584251192706.png
Electronics;40X7693;Sensor (control panel interlock) Includes bracket and cable;;Lexmark_image\Lexmark MS812de_1584251192706.png
Electronics;40X7570;Controller board (2.4 display printers only);;Lexmark_image\Lexmark MS812de_1584251192706.png
Electronics;40X7571;Controller board (4.3 tilting display printers only);;Lexmark_image\Lexmark MS812de_1584251192706.png
Electronics;40X7572;Controller board (7 tilting display printers only);;Lexmark_image\Lexmark MS812de_1584251192706.png
Electronics;40X7722;Controller board access shield;;Lexmark_image\Lexmark MS812de_1584251192706.png
Electronics;40X7692;Toner cartridge smart chip contact with cable;;Lexmark_image\Lexmark MS812de_1584251192706.png
Electronics;40X8034;Option card cover plate;;Lexmark_image\Lexmark MS812de_1584251192706.png
Electronics;40X7691;Sensor (standard bin full) with output bin guide;;Lexmark_image\Lexmark MS812de_1584251192706.png
Electronics;40X7689;Imaging unit smart chip contact with cable;;Lexmark_image\Lexmark MS812de_1584251192706.png
Electronics;40X7707;Printhead power cable;;Lexmark_image\Lexmark MS812de_1584251192706.png
Electronics;40X7708;Printhead video cable;;Lexmark_image\Lexmark MS812de_1584251192706.png
Electronics;40X7597;Laser printhead (quad diode) (belt fuser printers only) Includes data and power cables;;Lexmark_image\Lexmark MS812de_1584251192706.png
Electronics;40X8481;Laser printhead (dual diode) (hot roller fuser printers only)Includes data and power cables;;Lexmark_image\Lexmark MS812de_1584251192706.png
Electronics;40X7592;Interrupt sensor sensor (rear door interlock);;Lexmark_image\Lexmark MS812de_1584251192706.png
Drive motors;40X7684;Duplex motor with cable;;Lexmark_image\Lexmark MS812de_1584251196399.png
Drive motors;40X7695;Duplex cooling fan;;Lexmark_image\Lexmark MS812de_1584251196399.png
Drive motors;40X7580;Cartridge cooling fan;;Lexmark_image\Lexmark MS812de_1584251196399.png
Drive motors;40X7596;Toner add motor with cable;;Lexmark_image\Lexmark MS812de_1584251196399.png
Drive motors;40X7576;Fuser drive motor cable;;Lexmark_image\Lexmark MS812de_1584251196399.png
Drive motors;40X7595;Fuser drive motor (belt fuser printers only);;Lexmark_image\Lexmark MS812de_1584251196399.png
Drive motors;40X8401;Fuser drive motor (hot roll fuser printers only);;Lexmark_image\Lexmark MS812de_1584251196399.png
Drive motors;40X7594;Main drive motor;;Lexmark_image\Lexmark MS812de_1584251196399.png
Drive motors;40X7574;Main motor cable;;Lexmark_image\Lexmark MS812de_1584251196399.png
Drive motors;40X7579;Main cooling fan with cable;;Lexmark_image\Lexmark MS812de_1584251196399.png
Drive motors;40X7682;Upper redrive motor with cable;;Lexmark_image\Lexmark MS812de_1584251196399.png
Drive motors;40X8483;Fuser cooling fan (hot roll fuser printers only);;Lexmark_image\Lexmark MS812de_1584251196399.png
Drive motors;40X8484;Fuser cooling fan cable (hot roll fuser printers only);;Lexmark_image\Lexmark MS812de_1584251196399.png
Duplex;40X7683;Internal duplex with cable;;Lexmark_image\Lexmark MS812de_1584251201311.png
Duplex;40X7668;Duplex rear flap;;Lexmark_image\Lexmark MS812de_1584251201311.png
Duplex;40X7723;Torsion spring;;Lexmark_image\Lexmark MS812de_1584251201311.png
Duplex;40X7667;Duplex front flap;;Lexmark_image\Lexmark MS812de_1584251201311.png
Duplex;40X7952;Duplex jam release guide;;Lexmark_image\Lexmark MS812de_1584251201311.png
Duplex;40X7697;Sensor (duplex path) with cable;;Lexmark_image\Lexmark MS812de_1584251201311.png
Frame;40X8316;Right control panel hinge, with control panel cable;;Lexmark_image\Lexmark MS812de_1584251206424.png
Frame;40X7732;Left frame pivot;;Lexmark_image\Lexmark MS812de_1584251206424.png
Frame;40X7733;Right frame pivot;;Lexmark_image\Lexmark MS812de_1584251206424.png
Frame;40X7714;Imaging unit clamp;;Lexmark_image\Lexmark MS812de_1584251206424.png
Frame;40X7589;Fastener plate;;Lexmark_image\Lexmark MS812de_1584251206424.png
Frame;40X7728;Right frame extension with tray latch(integrated 550.sheet tray);;Lexmark_image\Lexmark MS812de_1584251206424.png
Frame;40X8408;Right frame extension (integrated 250.sheet tray);;Lexmark_image\Lexmark MS812de_1584251206424.png
Frame;40X7590;M5x12 screw;;Lexmark_image\Lexmark MS812de_1584251206424.png
Frame;40X8407;Left frame extension (integrated 250sheet tray);;Lexmark_image\Lexmark MS812de_1584251206424.png
Frame;40X7727;Left frame extension (integrated 550.sheet tray);;Lexmark_image\Lexmark MS812de_1584251206424.png
Frame;40X7716;Toner cartridge lock;;Lexmark_image\Lexmark MS812de_1584251206424.png
Frame;40X7721;Torsion spring;;Lexmark_image\Lexmark MS812de_1584251206424.png
Frame;40X7719;Torsion spring;;Lexmark_image\Lexmark MS812de_1584251206424.png
Frame;40X7717;Toner cartridge clamp;;Lexmark_image\Lexmark MS812de_1584251206424.png
Frame;40X7720;Torsion spring;;Lexmark_image\Lexmark MS812de_1584251206424.png
Frame;40X7718;Torsion spring;;Lexmark_image\Lexmark MS812de_1584251206424.png
Frame;40X8315;Left control panel hinge;;Lexmark_image\Lexmark MS812de_1584251206424.png
Frame;40X7724;Recoil spring;;Lexmark_image\Lexmark MS812de_1584251206424.png
Frame;40X7575;Top option interface cable;;Lexmark_image\Lexmark MS812de_1584251206424.png
Control panel;40X7700;2.4 LCD control panel;;Lexmark_image\Lexmark MS812de_1584251209176.png
Control panel;40X7701;4.3 touch screen control panel;;Lexmark_image\Lexmark MS812de_1584251209176.png
Control panel;40X7875;7 touch screen control panel;;Lexmark_image\Lexmark MS812de_1584251209176.png
Control panel;40X7737;Control panel board (2.4h display only);;Lexmark_image\Lexmark MS812de_1584251209176.png
Control panel;40X7741;Control panel buttons (2.4h display only);;Lexmark_image\Lexmark MS812de_1584251209176.png
Control panel;40X7735;Control panel board (4.3h tilting display only);;Lexmark_image\Lexmark MS812de_1584251209176.png
Control panel;40X8042;Control panel board (7h tilting display only);;Lexmark_image\Lexmark MS812de_1584251209176.png
Control panel;40X8537;4.3 tilting display;;Lexmark_image\Lexmark MS812de_1584251209176.png
Control panel;40X8661;Control panel buttons (4.3h and 7h tilting displays only);;Lexmark_image\Lexmark MS812de_1584251209176.png
Control panel;40X8538;7 tilting display;;Lexmark_image\Lexmark MS812de_1584251209176.png
Control panel;40X7729;Control panel latch;;Lexmark_image\Lexmark MS812de_1584251209176.png
Control panel;40X7731;Torsion spring;;Lexmark_image\Lexmark MS812de_1584251209176.png
Control panel;40X7681;Control panel front cover;;Lexmark_image\Lexmark MS812de_1584251209176.png
Control panel;40X7704;USB cable;;Lexmark_image\Lexmark MS812de_1584251209176.png
Control panel;40X7730;Torsion spring;;Lexmark_image\Lexmark MS812de_1584251209176.png
Control panel;40X7702;Speaker cable;;Lexmark_image\Lexmark MS812de_1584251209176.png
Control panel;40X9079;Control panel speaker;;Lexmark_image\Lexmark MS812de_1584251209176.png
Control panel;40X8583;Control panel left bezel (M5155);;Lexmark_image\Lexmark MS812de_1584251209176.png
Control panel;40X8584;Control panel left bezel (M5163);;Lexmark_image\Lexmark MS812de_1584251209176.png
Control panel;40X8585;Control panel left bezel (M5170);;Lexmark_image\Lexmark MS812de_1584251209176.png
Control panel;40X8334;Control panel left bezel (MS810n);;Lexmark_image\Lexmark MS812de_1584251209176.png
Control panel;40X8335;Control panel left bezel (MS810dn);;Lexmark_image\Lexmark MS812de_1584251209176.png
Control panel;40X8336;Control panel left bezel (MS810de);;Lexmark_image\Lexmark MS812de_1584251209176.png
Control panel;40X8337;Control panel left bezel (MS811n);;Lexmark_image\Lexmark MS812de_1584251209176.png
Control panel;40X8338;Control panel left bezel (MS811dn);;Lexmark_image\Lexmark MS812de_1584251209176.png
Control panel;40X8339;Control panel left bezel (MS812dn);;Lexmark_image\Lexmark MS812de_1584251209176.png
Control panel;40X8340;Control panel left bezel (MS812de);;Lexmark_image\Lexmark MS812de_1584251209176.png
Control panel;40X8364;Control panel left USB delete cover;;Lexmark_image\Lexmark MS812de_1584251209176.png
Control panel;40X8362;Control panel left bezel (MS710);;Lexmark_image\Lexmark MS812de_1584251209176.png
Control panel;40X8363;Control panel left bezel (MS711);;Lexmark_image\Lexmark MS812de_1584251209176.png
Control panel;40X7705;Display to control panel board cable (4.3 tilting display only);;Lexmark_image\Lexmark MS812de_1584251209176.png
Paper tray;40X7712;MPF feeder solenoid;;Lexmark_image\Lexmark MS812de_1584251215329.png
Paper tray;40X7600;MPF pick roller;;Lexmark_image\Lexmark MS812de_1584251215329.png
Paper tray;40X7601;MPF feed roller flange;;Lexmark_image\Lexmark MS812de_1584251215329.png
Paper tray;40X7742;550-sheet tray;;Lexmark_image\Lexmark MS812de_1584251215329.png
Paper tray;40X8153;250-sheet tray;;Lexmark_image\Lexmark MS812de_1584251215329.png
Paper tray;40X7713;Separator roller assembly;;Lexmark_image\Lexmark MS812de_1584251215329.png
Paper tray;40X7598;MPF feeder lift plate with cable;;Lexmark_image\Lexmark MS812de_1584251215329.png
Paper tray;40X7593;Pick roller assembly;;Lexmark_image\Lexmark MS812de_1584251215329.png
Paper tray;40X7591;Media feeder;;Lexmark_image\Lexmark MS812de_1584251215329.png
Paper tray;40X8541;Media size actuator;;Lexmark_image\Lexmark MS812de_1584251215329.png
Paper tray;40X7599;Media aligner roller with MPF pick roller;;Lexmark_image\Lexmark MS812de_1584251215329.png
Paper tray;40X7592;Interrupt sensor Sensor (media empty);;Lexmark_image\Lexmark MS812de_1584251215329.png
Paper tray;40X7592;Interrupt sensor Sensor (pick roller position);;Lexmark_image\Lexmark MS812de_1584251215329.png
Input options;40X8106;550.sheet tray option;;Lexmark_image\Lexmark MS812de_1584251219370.png
Input options;40X8411;550.sheet tray option, lockable;;Lexmark_image\Lexmark MS812de_1584251219370.png
Input options;40X8152;250.sheet tray option;;Lexmark_image\Lexmark MS812de_1584251219370.png
Input options;40X8410;250.sheet tray option, lockable;;Lexmark_image\Lexmark MS812de_1584251219370.png
Input options;40X8161;HCIT option;;Lexmark_image\Lexmark MS812de_1584251219370.png
Input options;40X8409;Spacer;;Lexmark_image\Lexmark MS812de_1584251219370.png
250-sheet tray option;40X8160;250-sheet tray option upper interface cable;;Lexmark_image\Lexmark MS812de_1584251222831.png
250-sheet tray option;40X8156;Sensor (pass through);;Lexmark_image\Lexmark MS812de_1584251222831.png
250-sheet tray option;40X8158;Sensor (pick);;Lexmark_image\Lexmark MS812de_1584251222831.png
250-sheet tray option;40X7592;Sensor (pick roller position);;Lexmark_image\Lexmark MS812de_1584251222831.png
250-sheet tray option;40X7593;Pick roller;;Lexmark_image\Lexmark MS812de_1584251222831.png
250-sheet tray option;40X8159;250-sheet tray option lower interface cable;;Lexmark_image\Lexmark MS812de_1584251222831.png
250-sheet tray option;40X7713;Separation roller;;Lexmark_image\Lexmark MS812de_1584251222831.png
250-sheet tray option;40X8154;250-sheet tray front cover;;Lexmark_image\Lexmark MS812de_1584251222831.png
250-sheet tray option;40X8541;Media size actuator;;Lexmark_image\Lexmark MS812de_1584251222831.png
250-sheet tray option;40X8153;250-sheet tray;;Lexmark_image\Lexmark MS812de_1584251222831.png
250-sheet tray option;40X8157;250-sheet tray option transport motor;;Lexmark_image\Lexmark MS812de_1584251222831.png
250-sheet tray option;40X7591;Media feeder;;Lexmark_image\Lexmark MS812de_1584251222831.png
250-sheet tray option;40X8672;250-sheet tray option controller PCBA;;Lexmark_image\Lexmark MS812de_1584251222831.png
550-sheet tray option;40X8160;550-sheet tray option upper interface cable;;Lexmark_image\Lexmark MS812de_1584251226302.png
550-sheet tray option;40X7593;Pick roller;;Lexmark_image\Lexmark MS812de_1584251226302.png
550-sheet tray option;40X7592;Sensor (pick roller position);;Lexmark_image\Lexmark MS812de_1584251226302.png
550-sheet tray option;40X8158;Sensor (pick);;Lexmark_image\Lexmark MS812de_1584251226302.png
550-sheet tray option;40X8156;Sensor (pass through);;Lexmark_image\Lexmark MS812de_1584251226302.png
550-sheet tray option;40X8159;550-sheet tray option lower interface cable;;Lexmark_image\Lexmark MS812de_1584251226302.png
550-sheet tray option;40X7713;Separation roller;;Lexmark_image\Lexmark MS812de_1584251226302.png
550-sheet tray option;40X8109;550-sheet tray front cover;;Lexmark_image\Lexmark MS812de_1584251226302.png
550-sheet tray option;40X8541;Media size actuator;;Lexmark_image\Lexmark MS812de_1584251226302.png
550-sheet tray option;40X7742;550-sheet tray;;Lexmark_image\Lexmark MS812de_1584251226302.png
550-sheet tray option;40X8157;550-sheet tray option transport motor;;Lexmark_image\Lexmark MS812de_1584251226302.png
550-sheet tray option;40X7591;Media feeder;;Lexmark_image\Lexmark MS812de_1584251226302.png
550-sheet tray option;40X8155;550-sheet tray option controller PCBA;;Lexmark_image\Lexmark MS812de_1584251226302.png
High capacity input tray option 1;40X8163;HCIT drawer assembly;;Lexmark_image\Lexmark MS812de_1584251231545.png
High capacity input tray option 1;40X8165;HCIT;;Lexmark_image\Lexmark MS812de_1584251231545.png
High capacity input tray option 2;40X8178;Sensor (HCIT pick) with cable;;Lexmark_image\Lexmark MS812de_1584251236831.png
High capacity input tray option 2;40X8177;Sensor (HCIT media low) with flag;;Lexmark_image\Lexmark MS812de_1584251236831.png
High capacity input tray option 2;40X8174;HCIT option media feeder;;Lexmark_image\Lexmark MS812de_1584251236831.png
High capacity input tray option 2;40X8180;HCIT option interface cable;;Lexmark_image\Lexmark MS812de_1584251236831.png
High capacity input tray option 2;40X8173;HCIT option controller PCBA;;Lexmark_image\Lexmark MS812de_1584251236831.png
High capacity input tray option 2;40X8179;HCIT option lift drive motor;;Lexmark_image\Lexmark MS812de_1584251236831.png
High capacity input tray option 2;40X8169;HCIT option right cover;;Lexmark_image\Lexmark MS812de_1584251236831.png
High capacity input tray option 2;40X7592;Sensor (HCIT pick roller position);;Lexmark_image\Lexmark MS812de_1584251236831.png
High capacity input tray option 2;40X7593;Pick roller;;Lexmark_image\Lexmark MS812de_1584251236831.png
High capacity input tray option 2;40X8171;HCIT front cover;;Lexmark_image\Lexmark MS812de_1584251236831.png
High capacity input tray option 2;40X7713;Separation roller;;Lexmark_image\Lexmark MS812de_1584251236831.png
High capacity input tray option 2;40X8176;HCIT media guide;;Lexmark_image\Lexmark MS812de_1584251236831.png
High capacity input tray option 2;40X8167;HCIT option left cover;;Lexmark_image\Lexmark MS812de_1584251236831.png
Output options;40X8195;High capacity output expander option;;Lexmark_image\Lexmark MS812de_1584251241811.png
Output options;40X8207;Staple finisher option;;Lexmark_image\Lexmark MS812de_1584251241811.png
Output options;40X8184;Output expander option;;Lexmark_image\Lexmark MS812de_1584251241811.png
Output options;40X8241;Mailbox option;;Lexmark_image\Lexmark MS812de_1584251241811.png
Output expander option;40X8186;Output expander rear door;;Lexmark_image\Lexmark MS812de_1584251246286.png
Output expander option;40X8196;Output expander top cover;;Lexmark_image\Lexmark MS812de_1584251246286.png
Output expander option;40X8187;Output expander right cover;;Lexmark_image\Lexmark MS812de_1584251246286.png
Output expander option;40X8191;Sensor (media bin full) with flag;;Lexmark_image\Lexmark MS812de_1584251246286.png
Output expander option;40X8206;Upper interface cable;;Lexmark_image\Lexmark MS812de_1584251246286.png
Output expander option;40X8205;Lower interface cable;;Lexmark_image\Lexmark MS812de_1584251246286.png
Output expander option;40X8199;Output expander controller PCBA;;Lexmark_image\Lexmark MS812de_1584251246286.png
Output expander option;40X8190;Output expander left cover;;Lexmark_image\Lexmark MS812de_1584251246286.png
Output expander option;40X8192;Spring with string;;Lexmark_image\Lexmark MS812de_1584251246286.png
Output expander option;40X8500;Actuator flag (media bin full);;Lexmark_image\Lexmark MS812de_1584251246286.png
High capacity output expander option;40X8197;HCOE rear door;;Lexmark_image\Lexmark MS812de_1584251251314.png
High capacity output expander option;40X8196;HCOE top cover;;Lexmark_image\Lexmark MS812de_1584251251314.png
High capacity output expander option;40X8198;HCOE right cover;;Lexmark_image\Lexmark MS812de_1584251251314.png
High capacity output expander option;40X8191;Sensor (HCOE media bin full) with flag;;Lexmark_image\Lexmark MS812de_1584251251314.png
High capacity output expander option;40X8205;HCOE lower interface cable;;Lexmark_image\Lexmark MS812de_1584251251314.png
High capacity output expander option;40X8206;HCOE upper interface cable;;Lexmark_image\Lexmark MS812de_1584251251314.png
High capacity output expander option;40X8199;HCOE controller PCBA;;Lexmark_image\Lexmark MS812de_1584251251314.png
High capacity output expander option;40X8202;HCOE left cover;;Lexmark_image\Lexmark MS812de_1584251251314.png
High capacity output expander option;40X8500;Actuator flag (media bin full);;Lexmark_image\Lexmark MS812de_1584251251314.png
Staple finisher option 1;40X8214;Stapler rear door;;Lexmark_image\Lexmark MS812de_1584251255202.png
Staple finisher option 1;40X8222;Stapler top cover;;Lexmark_image\Lexmark MS812de_1584251255202.png
Staple finisher option 1;40X8213;Stapler paddle drive motor;;Lexmark_image\Lexmark MS812de_1584251255202.png
Staple finisher option 1;40X8220;Sensor (bin full receive);;Lexmark_image\Lexmark MS812de_1584251255202.png
Staple finisher option 1;40X8224;Stapler lower interface cable;;Lexmark_image\Lexmark MS812de_1584251255202.png
Staple finisher option 1;40X8221;Stapler controller PCBA;;Lexmark_image\Lexmark MS812de_1584251255202.png
Staple finisher option 2;40X8212;Tamper drive belt;;Lexmark_image\Lexmark MS812de_1584251259481.png
Staple finisher option 2;40X8209;Media stack flap (right);;Lexmark_image\Lexmark MS812de_1584251259481.png
Staple finisher option 2;40X8217;Sensor (bin full send);;Lexmark_image\Lexmark MS812de_1584251259481.png
Staple finisher option 2;40X8223;Stapler carriage assembly;;Lexmark_image\Lexmark MS812de_1584251259481.png
Staple finisher option 2;40X8225;Stapler door close limit switch;;Lexmark_image\Lexmark MS812de_1584251259481.png
Staple finisher option 2;40X7592;Sensor (cartridge door interlock);;Lexmark_image\Lexmark MS812de_1584251259481.png
Staple finisher option 2;40X8216;Stapler right cover;;Lexmark_image\Lexmark MS812de_1584251259481.png
Staple finisher option 2;40X8215;Stapler cartridge access door;;Lexmark_image\Lexmark MS812de_1584251259481.png
Staple finisher option 2;40X8226;Stapler spring with string;;Lexmark_image\Lexmark MS812de_1584251259481.png
Staple finisher option 2;40X8218;Standard output bin LED;;Lexmark_image\Lexmark MS812de_1584251259481.png
Staple finisher option 2;40X8219;Sensor (finisher bin media present);;Lexmark_image\Lexmark MS812de_1584251259481.png
Staple finisher option 2;40X8211;Tamper motor (left);;Lexmark_image\Lexmark MS812de_1584251259481.png
Staple finisher option 2;40X8211;Tamper motor (right);;Lexmark_image\Lexmark MS812de_1584251259481.png
Staple finisher option 2;40X8210;Media stack flap (left);;Lexmark_image\Lexmark MS812de_1584251259481.png
Mailbox option 1;40X8248;Sensor (bin full receive);;Lexmark_image\Lexmark MS812de_1584251264646.png
Mailbox option 1;40X8247;Mailbox media bin full flag;;Lexmark_image\Lexmark MS812de_1584251264646.png
Mailbox option 1;40X8244;Mailbox controller PCBA;;Lexmark_image\Lexmark MS812de_1584251264646.png
Mailbox option 1;40X8246;Mailbox left cover;;Lexmark_image\Lexmark MS812de_1584251264646.png
Mailbox option 1;40X8256;Mailbox divert motor;;Lexmark_image\Lexmark MS812de_1584251264646.png
Mailbox option 1;40X8253;Mailbox lower interface cable;;Lexmark_image\Lexmark MS812de_1584251264646.png
Mailbox option 1;40X7592;Mailbox sensor (divert motor);;Lexmark_image\Lexmark MS812de_1584251264646.png
Mailbox option 1;40X8252;Mailbox spring with string;;Lexmark_image\Lexmark MS812de_1584251264646.png
Mailbox option 1;40X8254;Mailbox upper interface cable;;Lexmark_image\Lexmark MS812de_1584251264646.png
Mailbox option 1;40X8242;Mailbox rear door;;Lexmark_image\Lexmark MS812de_1584251264646.png
Mailbox option 2;40X8250;Mailbox output bin LED assembly;;Lexmark_image\Lexmark MS812de_1584251270431.png
Mailbox option 2;40X8249;Mailbox belt;;Lexmark_image\Lexmark MS812de_1584251270431.png
Mailbox option 2;40X8251;Mailbox solenoid;;Lexmark_image\Lexmark MS812de_1584251270431.png
Mailbox option 2;40X8243;Mailbox right cover;;Lexmark_image\Lexmark MS812de_1584251270431.png
