CASE-013A;1531070;INK CART.UNBOXED BK-L1 PIGT, 5120 EC AS;;Epson_image\Epson ME Office 960FWD_1584047041826.png
CASE-013A;1531071;INK CART.UNBOXED C-S1 PIGT, 5120 EC AS;;Epson_image\Epson ME Office 960FWD_1584047041826.png
CASE-013A;1531072;INK CART.UNBOXED M-S1 PIGT, 5120 EC AS;;Epson_image\Epson ME Office 960FWD_1584047041826.png
CASE-013A;1531073;INK CART.UNBOXED Y-S1 PIGT, 5120 EC AS;;Epson_image\Epson ME Office 960FWD_1584047041826.png
CASE-013A;3106148;SOFTWARE CD HOME+ OFFICE;;Epson_image\Epson ME Office 960FWD_1584047041826.png
CASE-013A;4118516;USERS GUIDE;;Epson_image\Epson ME Office 960FWD_1584047041826.png
CASE-013A;4118578;USERS GUIDE;;Epson_image\Epson ME Office 960FWD_1584047041826.png
CASE-013A;4119355;SETTING UP MANUAL;;Epson_image\Epson ME Office 960FWD_1584047041826.png
CASE-013A;6104714;SHIPPING CLEANING LIQUID CR06A 18kg;;Epson_image\Epson ME Office 960FWD_1584047041826.png
CASE-013A;1536901;HOUSING UPPER, ASSY ASP;;Epson_image\Epson ME Office 960FWD_1584047041826.png
CASE-013A;1564207;PANEL, O ASSY., IEI;;Epson_image\Epson ME Office 960FWD_1584047041826.png
CASE-013A;1538944;HOUSING UPPER PANEL, E ASSY., IEI ASP;;Epson_image\Epson ME Office 960FWD_1584047041826.png
CASE-013A;1528906;HOUSING LEFT ASSY., I;;Epson_image\Epson ME Office 960FWD_1584047041826.png
CASE-013A;1528907;HOUSING RIGHT ASSY., IEI;;Epson_image\Epson ME Office 960FWD_1584047041826.png
CASE-013A;1520075;HINGE ASSEMBLY;;Epson_image\Epson ME Office 960FWD_1584047041826.png
CASE-013A;1520021;COVER USB;;Epson_image\Epson ME Office 960FWD_1584047041826.png
CASE-013A;1528799;STACKER ASSY., I;;Epson_image\Epson ME Office 960FWD_1584047041826.png
CASE-013A;2128430;POWER CABLE;;Epson_image\Epson ME Office 960FWD_1584047041826.png
CASE-013A;2136804;SCANNER UNIT ASSY CA69., IEI ASP;;Epson_image\Epson ME Office 960FWD_1584047041826.png
CASE-013A;1528913;PAPER SHEET ASSY., IEI;;Epson_image\Epson ME Office 960FWD_1584047041826.png
CASE-013A;2150455;ADF UNIT, B, IEI ASP;;Epson_image\Epson ME Office 960FWD_1584047041826.png
CASE-013A;1520083;COVER FRONT ADF;;Epson_image\Epson ME Office 960FWD_1584047041826.png
CASE-013A;1528961;COVER ADF ASSY., IEI;;Epson_image\Epson ME Office 960FWD_1584047041826.png
CASE-013A;1520082;COVER DOCUMENT SUPPORT ADF;;Epson_image\Epson ME Office 960FWD_1584047041826.png
CASE-013A;1520080;COVER STACKER ADF;;Epson_image\Epson ME Office 960FWD_1584047041826.png
CASE-013A;1520084;COVER RIGHT ADF;;Epson_image\Epson ME Office 960FWD_1584047041826.png
CASE-013A;1528959;PAD ADF ASSY., IEI;;Epson_image\Epson ME Office 960FWD_1584047041826.png
ELEC-012;1547001;POROUS PAD PAPER GUIDE FR NT SUPP RT ASP;;Epson_image\Epson ME Office 960FWD_1584047046515.png
ELEC-012;1032813;STRONG TAPE NO.388 BLUE;;Epson_image\Epson ME Office 960FWD_1584047046515.png
ELEC-012;1033657;GREASE G-45;;Epson_image\Epson ME Office 960FWD_1584047046515.png
ELEC-012;1409257;GREASE G-74;;Epson_image\Epson ME Office 960FWD_1584047046515.png
ELEC-012;1409258;GREASE G-72;;Epson_image\Epson ME Office 960FWD_1584047046515.png
ELEC-012;1462531;I/P DPIC009BSP 110 PRINTING;;Epson_image\Epson ME Office 960FWD_1584047046515.png
ELEC-012;1480655;GREASE G-71(BLUE);;Epson_image\Epson ME Office 960FWD_1584047046515.png
ELEC-012;1543169;Print Head Support Jig;;Epson_image\Epson ME Office 960FWD_1584047046515.png
ELEC-012;1543170;Paper Guide Front Support Jig, LK;;Epson_image\Epson ME Office 960FWD_1584047046515.png
ELEC-012;1543539;Paper Guide Front Support Jig, CK;;Epson_image\Epson ME Office 960FWD_1584047046515.png
ELEC-012;1543541;Paper Guide Front Support Jig, RK;;Epson_image\Epson ME Office 960FWD_1584047046515.png
ELEC-012;1640645;SONIC TENSION METER U508;;Epson_image\Epson ME Office 960FWD_1584047046515.png
ELEC-012;6104713;SHIPPING CLEANING LIQUID CR06A 1kg;;Epson_image\Epson ME Office 960FWD_1584047046515.png
ELEC-012;6104714;SHIPPING CLEANING LIQUID CR06A 18kg;;Epson_image\Epson ME Office 960FWD_1584047046515.png
ELEC-012;1555639;MAIN BOARD ASSY, B., IEI;;Epson_image\Epson ME Office 960FWD_1584047046515.png
ELEC-012;1555645;FAX ASSY, C., IEI;;Epson_image\Epson ME Office 960FWD_1584047046515.png
ELEC-012;2169212;WIRELESS LAN USB MODULE;;Epson_image\Epson ME Office 960FWD_1584047046515.png
ELEC-012;1528677;POWER SUPPLY UNIT CA70 PSE., IEI;;Epson_image\Epson ME Office 960FWD_1584047046515.png
MECH-017;1547001;POROUS PAD PAPER GUIDE FR NT SUPP RT ASP;;Epson_image\Epson ME Office 960FWD_1584047051217.png
MECH-017;1032813;STRONG TAPE NO.388 BLUE;;Epson_image\Epson ME Office 960FWD_1584047051217.png
MECH-017;1033657;GREASE G-45;;Epson_image\Epson ME Office 960FWD_1584047051217.png
MECH-017;1409257;GREASE G-74;;Epson_image\Epson ME Office 960FWD_1584047051217.png
MECH-017;1409258;GREASE G-72;;Epson_image\Epson ME Office 960FWD_1584047051217.png
MECH-017;1462531;I/P DPIC009BSP 110 PRINTING;;Epson_image\Epson ME Office 960FWD_1584047051217.png
MECH-017;1480655;GREASE G-71(BLUE);;Epson_image\Epson ME Office 960FWD_1584047051217.png
MECH-017;1543169;Print Head Support Jig;;Epson_image\Epson ME Office 960FWD_1584047051217.png
MECH-017;1543170;Paper Guide Front Support Jig, LK;;Epson_image\Epson ME Office 960FWD_1584047051217.png
MECH-017;1543539;Paper Guide Front Support Jig, CK;;Epson_image\Epson ME Office 960FWD_1584047051217.png
MECH-017;1543541;Paper Guide Front Support Jig, RK;;Epson_image\Epson ME Office 960FWD_1584047051217.png
MECH-017;1640645;SONIC TENSION METER U508;;Epson_image\Epson ME Office 960FWD_1584047051217.png
MECH-017;6104713;SHIPPING CLEANING LIQUID CR06A 1kg;;Epson_image\Epson ME Office 960FWD_1584047051217.png
MECH-017;6104714;SHIPPING CLEANING LIQUID CR06A 18kg;;Epson_image\Epson ME Office 960FWD_1584047051217.png
MECH-017;2149561;PRINTER MECHANISM UNIT CA69., I, IEI ASP;;Epson_image\Epson ME Office 960FWD_1584047051217.png
MECH-017;1528877;CR ASSY., IEI;;Epson_image\Epson ME Office 960FWD_1584047051217.png
MECH-017;1559405;INK SYSTEM ASSY.,;;Epson_image\Epson ME Office 960FWD_1584047051217.png
MECH-017;1522627;POROUS PAD PAPER GUIDE LOWER;;Epson_image\Epson ME Office 960FWD_1584047051217.png
MECH-017;1528839;PICK UP ASSY., SEC;;Epson_image\Epson ME Office 960FWD_1584047051217.png
MECH-017;1522679;PULLEY EJ;;Epson_image\Epson ME Office 960FWD_1584047051217.png
MECH-017;1528881;HOLDER CAM ASSY., I;;Epson_image\Epson ME Office 960FWD_1584047051217.png
MECH-017;1540006;STOPPER HOLDER IDLE ROLLER PF, B;;Epson_image\Epson ME Office 960FWD_1584047051217.png
MECH-017;1540328;STOPPER HOLDER IDLE ROLLER PF, C;;Epson_image\Epson ME Office 960FWD_1584047051217.png
MECH-017;1540329;STOPPER HOLDER IDLE ROLLER PF, D;;Epson_image\Epson ME Office 960FWD_1584047051217.png
MECH-017;1528888;FRAME BASE ASSY.,;;Epson_image\Epson ME Office 960FWD_1584047051217.png
MECH-017;1542718;F T FR NT ASSY., I;;Epson_image\Epson ME Office 960FWD_1584047051217.png
MECH-017;1546723;FOOT,FRONT ASSY, B., IEI;;Epson_image\Epson ME Office 960FWD_1584047051217.png
MECH-017;F190010;PRINT HEAD;;Epson_image\Epson ME Office 960FWD_1584047051217.png
MECH-017;1529529;HOLDER B ARD ASSY., IEI;;Epson_image\Epson ME Office 960FWD_1584047051217.png
MECH-017;1430589;HINGE C VER CARTRIDGE;;Epson_image\Epson ME Office 960FWD_1584047051217.png
MECH-017;1528673;TRY POROUS PAD INK EJ ASSY., IEI;;Epson_image\Epson ME Office 960FWD_1584047051217.png
MECH-017;1542450;DUPLEX ASSY, B., IEI;;Epson_image\Epson ME Office 960FWD_1584047051217.png
MECH-017;1522663;SCALE CR;;Epson_image\Epson ME Office 960FWD_1584047051217.png
MECH-017;1522662;EXTENSION SPRING SCALE CR;;Epson_image\Epson ME Office 960FWD_1584047051217.png
MECH-017;1545372;CASSETTE ASSY. CA69, IEI ASP;;Epson_image\Epson ME Office 960FWD_1584047051217.png
MECH-017;1522654;C VER CARTRIDGE;;Epson_image\Epson ME Office 960FWD_1584047051217.png
MECH-017;2090717;LEAF SENSOR;;Epson_image\Epson ME Office 960FWD_1584047051217.png
MECH-017;1524807;GUIDE I/C 1;;Epson_image\Epson ME Office 960FWD_1584047051217.png
